index_banco,datetime,username,text,ae,pc,pop
431,2022-08-24 22:34:16 utc,jairbolsonaro,"- sob comando do pt, o brasil atuava como mina de ouro da esquerda na américa latina, servindo a aliados aversos à democracia e deixando em segundo plano os interesses de nossa nação. enquanto bancavam obras em cuba e na venezuela, por exemplo, abandonavam as do próprio país.",1,1,1
604,2022-07-18 13:06:31 utc,jairbolsonaro,"- ciente de que o desemprego traria ainda mais sofrimento ao povo, a esquerda pediu para ignorarmos a economia, o que não aconteceu. além de repassar recursos e disponibilizar vacina a quem desejasse, criamos o auxílio emergencial, o pronampe e o bem, que reduziram os impactos.",1,1,1
1367,2022-02-09 23:17:13 utc,jairbolsonaro,"- assim, reitero todo nosso apoio ao povo judeu, que hoje sofre não só com as cicatrizes deixadas pela história, mas também com o desrespeito daqueles que banalizam um assunto tão grave, rotulando tudo e todos na ânsia de conquistar ainda mais poder e controle sobre as pessoas.",1,1,1
3169,2020-02-06 09:50:02 utc,jairbolsonaro,4- nossa economia está em plena recuperação. o desemprego cai; a inflação está controlada; a taxa de juros é a menor da nossa história. estamos honrando o nosso compromisso de tirar o peso do estado das costas de quem produz.,1,1,1
8621,2020-11-23 22:49:28 utc,lulaoficial,"2- com matéria inédita sobre a parceria da globo com moro e dallagnol, e @czmartins para falar sobre seu livro lawfare. a rede globo tem que parar de censurar quem conta o que ela não quer que o povo saiba. #equipelula",1,1,1
8880,2020-07-31 15:16:19 utc,lulaoficial,bolsonaro não está nem um pouco preocupado em resolver os problemas do povo brasileiro. tudo o que ele faz é calculado pra resolver os problemas da família dele.,1,1,1
9523,2019-08-16 21:13:20 utc,lulaoficial,"agora a gente tem um presidente que faz palhaçada o tempo inteiro. e o povo desempregado, o povo passando fome, o povo morando na rua. #lulanatvebahia",1,1,1
10950,2022-08-04 20:57:44 utc,ciro gomes,"o dinheiro pra financiar o desenvolvimento brasileiro está no bolso de uma minoria de poderosos, mas nós temos um modelo para cobrar tributos que diminui a cobrança em cima do povo trabalhador e aumenta a tributação sobre os super-ricos.",1,1,1
11528,2022-04-26 14:14:28 utc,ciro gomes,"o lula e o pt concentraram na mão de apenas 5 bancos, 85% de todas as transações financeiras do brasil! ou seja, de 5 bancos, 4 já estão como os mais rentáveis  de 10  do mundo. meu irmão, é o maior assalto a mão desarmada que a humanidade já conheceu em todos os tempos.",1,1,1
11889,2022-01-24 09:29:25 utc,ciro gomes,"quando vamos arrancar a pedra de gelo que alguns dos nossos governantes têm no peito e transformá-la em água de beber para dar a quem tem sede de vida e justiça? até quando essa gente vai ser subjugada, injustiçada e humilhada por esse governo incompetente e genocida?",1,1,1
11994,2021-12-22 00:12:53 utc,ciro gomes,"""é hora de questionar a lógica do sistema sem medo! não existe essa superioridade intelectual que eles querem passar para poder segurar na marra um sistema que escraviza, oprime e saqueia os realmente capazes de produzir, que são os pequenos e médios empresários"". @eduardomoreira",1,1,1
12629,2021-06-10 21:59:12 utc,ciro gomes,criminoso! assassino! bolsonaro quer levar mais brasileiros à morte com suas atitudes anticientíficas. quem já teve covid ou foi vacinado continua sendo um possível vetor de contaminação para outras pessoas. usar máscaras salva vidas!,1,1,1
13009,2021-03-07 15:24:07 utc,ciro gomes,"imoral! mansão de flávio bolsonaro está sendo protegida pela polícia legislativa do senado federal. é segurança particular paga com dinheiro público! enquanto bolsonaro está afundando o país, seu filho está esfregando luxo e roubalheira na cara dos brasileiros.",1,1,1
13113,2021-02-09 21:47:21 utc,ciro gomes,o governo declarar a autonomia do banco central é a mais profunda e definitiva formalização da entrega do destino da nação brasileira aos bilionários do sistema financeiro. esta é uma aberração a qual nós temos que reagir duramente!,1,1,1
13140,2021-02-03 21:40:05 utc,ciro gomes,"milhões estão desempregados, afundando na tragédia de um governo perdido que não teve competência para salvar empresas nem as vidas do nosso povo. sem o auxílio emergencial, os brasileiros voltaram a sofrer com fome e miséria. e o governo não tem solução para desenvolver o país!",1,1,1
13327,2020-12-13 15:31:30 utc,ciro gomes,"bolsonaro é uma fraude, um genocida que ameaça a vida de todos os brasileiros! #bolsonaro171",1,1,1
13410,2020-11-28 14:13:05 utc,ciro gomes,"gente querida, o voto de cada um de vocês é muito importante! o povo brasileiro já mostrou sua força e a vontade de mudar o país. neste domingo, vamos seguir lutando contra o presidente genocida e corrupto!",1,1,1
13514,2020-11-10 23:22:39 utc,ciro gomes,"o fato é que o governo está perdido, não tem proposta, não tem projeto e está levando o brasil para o fundo do poço e todos os brasileiros e brasileiras junto. guedes está procurando um pretexto para pular do barco que ele está trabalhando para afundar.",1,1,1
14011,2020-09-02 23:06:10 utc,ciro gomes,"guedes e bolsonaro vão acabar de liquidar o brasil! estão esquartejando a petrobras e vendendo aos pedaços, esquartejando a eletrobras e vendendo aos pedaços... estão entregando o brasil para o estrangeiro a preço de banana e com muita roubalheira! #cironometeorobr",1,1,1
14419,2020-07-20 22:53:36 utc,ciro gomes,"a corrupção está no centro do governo bolsonaro: milhares de militares da ativa receberam o auxílio emergencial, enquanto foi negado para milhões de brasileiros famintos. você acha que foi um erro da caixa econômica? #cirocomgustavomendes",1,1,1
14782,2020-06-08 23:27:59 utc,ciro gomes,"agora é hora de construir, com humildade, no seio da opinião pública, respeitando nossos irmãos que pensam diferente de nós, um diálogo para mostrar a essas pessoas que bolsonaro está cometendo crimes que vão dilacerar a nação brasileira.",1,1,1
15963,2022-11-18 15:05:19 utc,leonardo pericles,"quem já fez ocupação sabe o que é ser atacado na covardia, mas tbm sabe que depois que o povo se une e se organiza, fascista não tem vez! 

pra cima deles @fbctadoido",1,1,1
15980,2022-10-29 02:03:38 utc,leonardo pericles,"repito! lave sua boca para falar das favelas, seu fascista! 

quem tem vizinho bandido é você, que dorme e acorda aliado a ladrões que roubam dinheiro público, matam pobres e trabalhadores! 

fascista, genocida, bandido, miliciano! 

respeite a favela! #debatenaglobo",1,1,1
16227,2022-04-15 00:15:17 utc,leonardo pericles,a @up80br é uma das organizações políticas que defende a permanência do povo nas ruas para a derrubada do genocida e de todos os milicos que se beneficiam de seus mandos. bolsonaro ri da cara do povo brasileiro que sofre diariamente com a alta do preço dos gás e dos alimentos.,1,1,1
16411,2021-03-08 23:33:36 utc,leonardo pericles,"a decisão de fachin d restituir os direitos políticos de lula é + um episódio d desmascaramento da farsa da lava jato. no entanto, todos q participaram dessa conspiração contra a democracia e o povo devem ser punidos a exemplo do juiz parcial sérgio moro.
#vazajato #forabolsonaro",1,1,1
19110,2022-09-27 18:05:01 utc,felipe davila,"a pauta do @partidonovo30 defende as gerações futuras. 

converso com a meninada de 20 a 35 anos. eles têm exatamente o nosso dna. querem tirar o estado das costas deles e têm um espírito empreendedor.

vamos ter um novo brasil com mais oportunidades para todos. vote 30!",1,1,1
19178,2022-09-06 20:01:49 utc,felipe davila,"sempre digo e repito: governos existem para servir as pessoas e não para se servir da sociedade. 

não há antídoto melhor contra o populismo eleitoreiro do que a participação ativa das pessoas. todos na busca de soluções concretas para os reais problemas da sociedade.",1,1,1
19447,2022-07-26 01:37:03 utc,felipe davila,"em uma clara atitude antidemocrática, lula e bolsonaro se recusam a participar de debates promovidos pelos jornais e tv. 

assim o brasil da polarização caminha, sem diálogo e com o vazio de ideias do populismo. quem perde é a população.",1,1,1
19682,2022-03-22 13:44:59 utc,felipe davila,"@ideias_radicais lula acha que o brasileiro tem memória curta, é a única explicação para mentir tanto.",1,1,1
19748,2022-03-09 19:54:31 utc,felipe davila,@salimmattarbr a elite do funcionalismo não tem a menor empatia pelos pagadores de impostos que perderam renda na pandemia.,1,1,1
19963,2021-11-21 13:08:41 utc,felipe davila,a simbiose entre o populismo e o corporativismo é nociva p o brasil.não se cria igualdade de oportunidades numa nação em que o estado é refém de feudos de privilégios. não se prospera numa nação carcomida pela corrupção e pela atroz desigualdade social. juntos por um novo brasil.,1,1,1
20869,2022-09-30 19:59:54 utc,sofia manzano,"vote 21 para enfrentar os programas da direita e da extrema-direita, que são como duas faces de uma moeda falsa, uma vez que são todos favoráveis às políticas neoliberais que destruíram a economia e os direitos e garantias dos trabalhadores.",1,1,1
21049,2022-09-19 23:28:33 utc,sofia manzano,"trabalhadores e trabalhadoras de aplicativos estão submetidos ao mercado de trabalho mais precarizado do país, onde os oligopólios ganham rios de dinheiro com esse sistema de precarização trabalhista. 

para reverter essa situação, nosso programa propõe:
<u+0001f447>",1,1,1
21511,2022-07-26 00:34:51 utc,sofia manzano,"está aí porque a mídia boicota minha pré candidatura: já tem uma mulher para massacrar a classe trabalhadora. 
a reforma trabalhista será revogada e iremos implementar a jornada de 30h semanais sem redução salarial. 
é assim que se gera emprego,renda e qualidade de vida.",1,1,1
21558,2022-07-19 19:58:26 utc,sofia manzano,"ele busca encontrar justificativas para cancelar as eleições e preparar suas milícias fascistas para desencadear o caos no país às vésperas das eleições e dessa forma  consolidar seu projeto de poder político reacionário, elitista e nocivo aos trabalhadores.",1,1,1
23358,2022-10-27 14:53:07 utc,vera lucia,"@leoc1310 não defendi isso 20 anos atrás, fui oposição e serei de novo.  lula vai governar com os ricos, atacar os trabalhadores e promover mais exploração igual 20 anos atrás?",1,1,1
23383,2022-10-16 23:20:50 utc,vera lucia,"bolsonaro é genocida e negacionista da pandemia!

é preciso uma saúde pública e de qualidade no país, estatizando as empresas privadas de saúde, como os planos, que lucram muito com a dor e sofrimento do povo brasileiro. infelizmente ninguém no debate defende isso.

#debatenaband",1,1,1
23401,2022-09-30 02:56:32 utc,vera lucia,"o agronegócio dos capitalistas não alimenta o povo no país. eles alimentam o mundo em troca de dólares e seus lucros enquanto a classe trabalhadora passa fome.

#debatenaglobo",1,1,1
23651,2022-08-24 19:56:40 utc,vera lucia,o problema é que essas bolsas não saem do bolso do empresário como seria o certo. mas é o governo transferindo dinheiro público para os empresários da educação ficarem mais ricos. usam o sonho da juventude entrar na faculdade pra enriquecer donos de faculdade.,1,1,1
23796,2022-04-01 21:19:07 utc,vera lucia,"bolsonaro governa para os ricos!  os lucros de 291 empresas aumentaram em 235%. 

enquanto isso, os preços dispararam e o salário dos trabalhadores não consegue comprar mais nada. 

enquanto a gasolina beira os 7 reais, o lucro da petrobras foi de 7,1 para 106 bilhões de reais.",1,1,1
23799,2022-03-30 14:04:52 utc,vera lucia,"132 mil famílias não terão para onde ir se a adpf 828 não for prorrogada!
são vítimas da política genocida desse desgoverno que só pensou em seu próprio bolso na pandemia!
por um #brasilsemdespejo já! e uma revolução que garanta moradias populares para todos!",1,1,1
23801,2022-03-28 14:29:01 utc,vera lucia,"a polícia e o sistema judiciário do brasil, racistas, prejudicam a vida de jovens trabalhadores, mesmo quando eles ""correm pelo certo"". 

isso tem que ser denunciado! 

minha solidariedade! desejo sorte no julgamento hoje a tarde e que a justiça seja feita dessa vez.",1,1,1
23950,2022-01-22 12:58:00 utc,vera lucia,"um crime praticado pela justiça, o prefeito cury, governador alckimin e a presidente dilma, a pedido de naji nahas.

o sossego da classe trabalhadora só vira com a expropriação da propriedade privada.",1,1,1
24015,2021-10-26 15:59:19 utc,vera lucia,"gasolina a quase 7 reais, em mais um aumento.  a classe trabalhadora paga a conta enquanto guedes lucra com o aumento das ações, ao anunciar a  privatização da empresa. a petrobrás 100% estatal, sob o controle dos trabalhadores, é a única saída para barrar essa patifaria.",1,1,1
24073,2021-09-21 14:45:47 utc,vera lucia,"bolsonaro:  mente na assembleia da onu, conspira contra o controle da pandemia e compra de vacinas,  toca fogo na amazônia. corrompe,  mata, ameaça, persegue. mas continua governando. o povo é vitima! de quem é a culpa?",1,1,1
24144,2021-08-19 14:51:40 utc,vera lucia,"a vinda de rodrigo maia para o governo de doria é absurda, não só porque arranja uma boquinha, mas por sua tarefa de ""potencializar os projetos de desestatização e acelerar parcerias público-privadas, ou seja, mais destruição dos serviços público e privilégio pros capitalistas.",1,1,1
24314,2021-07-09 20:21:04 utc,vera lucia,"a despeito da propaganda quase centenária da chamada #revolucaoconstitucionalista de 32, esta não passou de uma guerra civil entre as frações da burguesia, cafeeira e industrial, pelo controle do estado e que usou nossa classe como bucha de canhão, até se acertarem novamente...",1,1,1
24414,2021-05-23 16:15:09 utc,vera lucia,"hoje o genocida bolsonaro foi as ruas com sua trupe, incluindo pazuello que passou horas mentindo na cpi durante esta semana. enquanto isso, o povo segue morrendo pelo vírus ou de fome. mais do que nunca é preciso fazer do dia 29/05 uma grande manifestação! chega!",1,1,1
24484,2021-03-19 16:40:53 utc,vera lucia,"fora o governo genocida de bolsonaro e mourão!
chega de sabotagem a pandemia!
e nem diga precisa salvar a economia. a fome e a morte, o desemprego, quebradeira dos pequenos é para salvar os super ricos.",1,1,1
24521,2021-03-09 15:13:39 utc,vera lucia,"eita, quer dizer que bolsonaro acha um crime chamar ele de genocida?! nossa... achei que crime fosse ser responsável pela morte de mais de 250 mil pessoas, falta de vacina, uti, emprego e renda: brincar com a vida das pessoas... e vocês que acham sobre disso?",1,1,1
6316,2022-09-15 23:26:04,lulaoficial,"precisamos eleger uma grande bancada para mudar as coisas que estão erradas no país. bolsonaro está destruindo o farmácia popular, porque pra essa gente o povo pobre não é povo, é coisa. só tem valor para eles na época das eleições.",1,1,1
6614,2022-08-17 15:47:54,lulaoficial,"hoje vendemos metade dos carros que vendíamos em 2010, estamos licenciando metade dos carros que tínhamos em 2010. tudo caiu pela metade. a única coisa que não diminuiu foi a grosseria e o desrespeito do atual presidente da república com os trabalhadores.",1,1,1
6885,2022-07-09 16:12:19,lulaoficial,"governar era algo de cima pra baixo. na história política do brasil nós fomos governados muitas vezes por alguém que não tinha nada a ver com o povo. e governava para quem? quando um barão era indicado para governar um estado, ele governava para a elite.",1,1,1
7746,2021-12-20 02:14:14,lulaoficial,"a perseverança me impediu de desistir da sonhada profissão de metalúrgico, mesmo quando tive o dedo esmagado numa prensa. ou mais tarde, quando amarguei oito meses de desemprego, pesadelo que hoje assombra 14 milhões de trabalhadores, vítimas de uma política econômica criminosa.",1,1,1
8767,2020-09-22 10:53:59,lulaoficial,o bolsonaro precisa começar a governar para o povo brasileiro e parar de ser subalterno aos eua.,1,1,1
9407,2019-11-09 18:15:38,lulaoficial,eu duvido que o bolsonaro durma com a consciência tranquila. duvido que o ministro dele destruidor de sonhos do povo brasileiro durma bem.,1,1,1
11304,2022-06-06 12:00:05,ciro gomes,"[siga o fio] a frase popular além da queda o coice traduz muito bem a tragédia produzida pelo desgoverno bolsonaro na vida do trabalhador brasileiro. em especial, dos trabalhadores menos qualificados.",1,1,1
11329,2022-05-31 15:35:17,ciro gomes,"agora nós vamos chamar o povo brasileiro, decepcionado com as promessas mentirosas do bolsonaro, pra votar no lula  como solução para o que deu causa? (...)",1,1,1
12122,2021-11-24 00:15:45,ciro gomes,"""a esperança do brasil é o povo. o empresariado brasileiro tem que parar de desconsiderar nosso povo."" pedro cardoso na #cirogames",1,1,1
15196,2019-07-24 18:35:53,ciro gomes,"avisei que se não tivesse ação concreta e definitiva do governo, o sarampo se espalharia rapidamente por todo o país. 
infelizmente, esse governo despreparado foi omisso e covarde e agora quem sofre é o nosso povo.",1,1,1
16062,2022-09-30 03:13:54,leonardo pericles,"avançar c/ a agenda liberal? a agenda liberal nos trouxe ao mapa da fome, ao desemprego em massa no brasil e a privatizações, ressuscitou o fascismo e q só tiram direitos do povo! precisamos acabar c/ a agenda liberal e governar para e com os trabalhadores! #voto80 #leonosdebates",1,1,1
16203,2022-05-26 13:25:42,leonardo pericles,"tamanhos requintes de crueldade como os casos do homem negro em sergipe morto asfixiado numa câmara de gás numa viatura, a chacina na vila cruzeiro (rj), são feitos para botar terror no povo, o estado tentar passar a ideia que podem fazer o que querem e que o povo fique calado<u+0001f447><u+0001f3ff>",1,1,1
16375,2021-08-16 18:48:25,leonardo pericles,"as cenas de barbárie no afeganistão têm responsável: o maldito imperialismo dos eua, q invadiu o país e impôs 21 anos d intervenção militar que serviu à indústria d guerra dos eua, ao saque do petróleo e jogou o povo à miséria, fatores q deram condições do talibã retomar o poder.",1,1,1
16594,2019-11-14 19:10:39,leonardo pericles,urgente: câmara de deputados e senadores rechaçou o golpe de estado na bolívia! a força dos povos indígenas e da classe trabalhadora avança ainda mais contra o golpe. viva a resistência do povo boliviano! #bolivia,1,1,1
16827,2022-09-28 23:16:03,simone tebet,quem acha que o eleitor não sabe o que acontece e não tem sabedoria menospreza a força do povo brasileiro. o povo é sábio e sabe que o ex-presidente lula ainda responde à justiça em diversos processos. +,1,1,1
16846,2022-09-28 00:29:55,simone tebet,"os ministros do stf devem ter mandatos de 10 anos. essa vitaliciedade faz mal para o brasil, pois pode gerar tendências e não atender à vontade da população. por entender que a corrupção mata, é meu papel defender o povo e resolver os problemas reais do brasil. #simonenajovempan",1,1,1
19462,2022-07-16 17:15:18,felipe davila,"orgulho do trabalho do @clp_brasil por mostrar, através de dados e evidências, o desastre de políticas que garantem privilégios para corporações e deixam a conta para o povo pagar.

combater privilégios é o mínimo que se espera de quem quer um país mais justo e menos desigual.",1,1,1
23352,2022-10-29 01:05:20,vera lucia,"lula na crítica econômica ao bolsonaro sempre esbarra nos limites do seu próprio programa capitalista. por isso parece sempre incompleta e fica aquela sensação de faltar algo. falta atacar os lucros dos bilionários e revogar aos ataques aos trabalhadores.

#debatenaglobo",1,1,1
23533,2022-09-02 18:26:59,vera lucia,"- expropriar e estatizar as grandes empresas de alimentos, que lucrar milhões à custa da fome do povo brasileiro.  
- créditos aos agricultores familiares, através dos bancos públicos. 
- proteção aos povos indígenas, quilombolas e outras comunidades e povos tradicionais [9]",1,1,1
23832,2022-03-13 20:12:30,vera lucia,"@vncsromera não somos nós que temos que abrir mão do nosso programa em uma falsa analogia onde a classe trabalhadora é ignorada.

defendemos que os trabalhadores se organizem e lutem com suas próprias forças, sem dependerem de governos traidores. isso não é neutro. é a tarefa prioritária.",1,1,1
24217,2021-07-28 13:12:37,vera lucia,"quem tem que prestar contas ao povo são os genocidas e não aqueles que lutam por vidas dignas. 

toda solidariedade a @galodeluta, conte conosco!",1,1,1
24708,2020-10-26 23:04:33,vera lucia,"jajá começa o debate na @redeconectv onde fomos mais uma vez vetados! uma expressão dessa democracia dos ricos que favorece os mesmos de sempre enquanto excluem as candidaturas dos trabalhadores. inaceitável!
#queremosveranodebate",1,1,1
25059,2020-02-05 13:07:57,vera lucia,"para julgar as lutas dos trabalhadores, a justiça burguesa é rápida. o ministro do tst (tribunal superior do trabalho) ives gandra martins filho determinou que 90% dos petroleiros mantenham atividade durante greve. isso é um ataque ao direito de greve garantido na constituição.",1,1,1
13456,2020-11-18 15:40:04,ciro gomes,"todos que pudermos estar juntos para derrotar o bolsonarismo corrupto e antipovo ! boa sorte, @manueladavila ! boa sorte, brava gente gaúcha de porto alegre . parabéns à @julianabrizola que nos lidera nesta luta !",1,1,1
20787,2022-10-17 00:03:21,sofia manzano,"só tem uma forma de governar: com o povo trabalhador organizado e mobilizado. 
o congresso sempre foi dominado pelo centrão, mas, quando o povo está organizado, como na constituinte, o centrão não se cria.",1,1,1
21171,2022-09-07 19:34:08,sofia manzano,"a convocação de uma assembleia constituinte de novo tipo, com representação que corresponda à maioria social do país e às organizações de massas dos trabalhadores, revertendo de uma vez por todas o sistema que transforma maiorias sociais em minorias na representação política.<u+2b07><u+fe0f>",1,1,1
7694,2022-01-17 12:31:57 utc,lulaoficial,<u+0001f991> ou <u+0001f6a9>? deixe o seu emoji preferido nos comentários e boa semana! #equipelula,0,0,0
24230,2021-07-20 22:34:50 utc,vera lucia,@muriloanderson @pstu é isso... mais um absurdo. dia 24 é dia de fortalecer a luta contra o governo genocida!,0,0,0
19821,2022-02-22 18:01:21 utc,felipe davila,"os governos petistas foram terríveis.

no governo dilma, por exemplo, o desemprego saltou de 5,3% para 8,2%.

a verdade é uma só:

o pt não foi e nunca será a solução para o brasil.",1,0,0
29045,2019-08-26 02:30:41 utc,soraya thronicke,"@hpa1968 @politzoficial @conexaopolitica mal, muito mal! terei de tomar outras providências.",0,0,0
12749,2021-05-07 14:44:10 utc,ciro gomes,"universidades como a ufrj, no rio de janeiro, e a unifesp, em são paulo, podem fechar as portas. 50 hospitais universitários, que atendem milhares de pessoas todos os dias, inclusive pacientes com covid, podem fechar as portas.",0,0,0
20478,2021-02-16 18:16:04 utc,felipe davila,"o brasil precisa de mais vacinas, trabalho, reformas tributária e administrativa, auxílio emergencial... enfim, há muitas pautas urgentes nas quais o governo deveria estar debruçado para vencermos a pandemia. mas bolsonaro está mais preocupado em facilitar o acesso às armas. (+)",0,0,0
2396,2020-09-01 10:41:48 utc,jairbolsonaro,"são eles: aeroportos de curitiba/pr, foz do iguaçu/pr, navegantes/sc, londrina/pr, joinville/sc, bacacheri/pr, pelotas/rs, uruguaiana/rs e bagé/rs, o bloco sul.

1.3- os aeroportos de goiânia/go, são luís/ma, teresina/pi, palmas/to, petrolina/pe e imperatriz/ma, o bloco central;",0,0,0
21621,2022-07-06 11:34:56 utc,sofia manzano,"mais uma vez, a luta e o engajamento resultou em vitória. 
a derrubada do veto às leis aldir blanc e paulo gustavo representa um apoio urgente à cultura. 
artistas de todo país, que nos fazem mais humanos, merecem nosso aplauso e apoio.
seguimos na luta!",0,0,0
3392,2019-10-28 16:37:40 utc,jairbolsonaro,ministro @tarcisiogdf confirma fim da taxa adicional cobrada na tarifa de embarque internacional. medida tem como objetivo incentivar o mercado aéreo brasileiro e baratear ainda mais as passagens internacionais. taxa adicional foi criada em 1999 para reduzir dívida pública.,0,0,0
22028,2022-03-21 00:26:01,sofia manzano,"só com o controle estatal e para os interesses da classe trabalhadora a riqueza do país pode gerar desenvolvimento e não destruição. 
#poderpopular 
#pcb100anos",0,1,0
6724,2022-08-02 22:47:07 utc,lulaoficial,"não sou eu que vou ganhar as eleições, são vocês. e juntos nós vamos fazer o salário mínimo voltar a crescer todo o ano. a inflação vai baixar, os juros também. o banco do brasil e a caixa não serão privatizados. esse país vai voltar a ter emprego e salário digno.",0,0,0
12117,2021-11-30 08:48:05 utc,ciro gomes,"confissão de crimes em cascata, cumplicidade, subserviência, oportunismo e cinismo deslavado, são as definições mais civilizadas que se pode fazer sobre o conteúdo do livro de sérgio moro, no resumo apresentado pela @folha.",1,0,0
7983,2021-08-28 15:27:29 utc,lulaoficial,"bolsonaro é desprovido de qualquer resquício de humanidade. chamou de idiota quem diz que a prioridade do governo devia ser comida na mesa do povo ao invés de fuzil. ninguém aguenta mais conviver com um presidente tresloucado, governando na base do absurdo. o país precisa de paz.",1,0,0
10968,2022-08-03 00:09:50 utc,ciro gomes,bolsonaro e a maioria do congresso deram permissão para que os bancos confisquem o auxílio emergencial de milhões de brasileiros usando o disfarce do empréstimo consignado. eu fui o primeiro e continuo sendo o único candidato a abordar esse tema.,1,0,0
20483,2021-02-10 13:54:34 utc,felipe davila,@tabataamaralsp a autonomia do banco central aumenta a credibilidade da instituição e dissocia a política monetária da política partidária. ingerência política é problema sério. vale lembrar o que ocorreu na petrobras no passado. é por isso que o bc tem que ser independente.,0,0,0
2569,2020-06-26 15:30:35 utc,jairbolsonaro,"@tarcisiogdf @rogeriosmarinho @terezacrisms @minfraestrutura <u+0001f91d>, ministro capitão @tarcisiogdf !",0,0,0
27975,2021-10-26 23:29:14 utc,soraya thronicke,@kliermaycon gratidão <u+0001f64f><u+0001f3fc><u+0001f64f><u+0001f3fc><u+0001f64f><u+0001f3fc>,0,0,0
3987,2019-04-17 09:54:18 utc,jairbolsonaro,"milhões de documentos que estavam jogados às traças estãos sendo organizados, digitalizados e posteriormente terão suas informações verificadas. seguimos cumprindo nosso dever para o qual fomos eleitos. em breve traremos mais resultados positivos para a população do brasil.",0,0,0
879,2022-05-28 20:43:15 utc,jairbolsonaro,"- estamos atentos às fortes chuvas que atingem pernambuco e outros estados do nosso nordeste. determinei ao @mdregional_br o monitoramento ininterrupto da situação, com o envio de equipes para prestar o auxílio necessário às autoridades locais no socorro às regiões afetadas.",0,0,0
28257,2020-08-15 23:30:32 utc,soraya thronicke,"estou agora na casa de uma amiga no bairro itamaracá, em campo grande. 

está faltando água! 

... há anos!!!! há anos!!!!

bom... estamos tomando cerveja... 

...nem xixi podemos fazer! 

gratidão, prefeito marcos trad! 

@julianagpontes",0,0,0
22512,2021-05-29 17:23:41 utc,sofia manzano,hoje vamos às ruas. vamos marchar para derrubar esse governo fascista e genocida. #povonarua #forabolsonaroemourao #impeachmentja #foragenocida,1,0,0
4135,2019-03-12 18:56:49 utc,jairbolsonaro,a estação realiza estudos sobre mudanças climáticas a pesquisas em biotecnologia com o objetivo de desenvolver avanços na medicina e na agricultura.,0,0,0
22733,2021-03-13 13:49:14 utc,sofia manzano,como o estado de bem-estar social foi construído com o trabalho escravo.,0,0,0
23821,2022-03-14 18:07:23 utc,vera lucia,"minha gente, dia 19 lançarei minha pré candidatura à presidência!

é uma honra falar em nome do partido que construo há tantos anos! é preciso afirmar: precisamos de uma revolução socialista!

participe. envie uma dm, retweet e mande para o zap dos amigos. bora com a gente!",0,0,0
30091,2019-02-23 20:28:45,soraya thronicke,dias tristes foi o que vocês criaram para o povo da américa latina. onde está a ajuda de vocês para o povo venezuelano? onde estão os artistas que vocês sempre bancaram?,0,0,0
7214,2022-05-10 15:50:32,lulaoficial,"o trabalhador não quer ter conta no exterior. o trabalhador quer comprar sua casa, viajar, cuidar da sua família. a juventude quer estudar. e o governo tem que ajudar o povo a conquistar isso.",0,0,0
6701,2022-08-05 15:09:47,lulaoficial,"graças às políticas implantadas pelos governos do pt, a expectativa de vida do povo brasileiro, que era de 70 anos e 9 meses em 2002, subiu para 75 anos e 9 meses em 2016. a mortalidade infantil também caiu pela metade.",0,0,0
20924,2022-09-29 00:14:50 utc,sofia manzano,"confira a lista das candidaturas do pcb em todo o brasil!
#vote21",0,0,0
1751,2021-07-15 18:33:09 utc,jairbolsonaro,"- por motivo de internação hospitalar comunico a impossibilidade de realizar a live de hoje, bem com nossa ida a manaus fica adiada.",0,0,0
20035,2021-10-06 21:03:40 utc,felipe davila,"o brasil foi recordista mundial de dias sem aulas. nenhum país do mundo ficou 200 dias com jovens e crianças fora da sala de aula. o descaso com a educação aprofunda a desigualdade social.
a igualdade de oportunidade começa pela educação pública de qualidade.",0,0,0
9199,2020-03-20 00:21:21,lulaoficial,"no mesmo instante que o bolsonaro chama a pandemia de ""histeria"", ele pede pra passar um decreto de calamidade pública. ele deveria governar pra 210 milhões de brasileiros e não para satisfazer o seu ego. parar de se olhar no espelho e olhar para os habitantes desse país.",0,1,0
27140,2022-10-22 02:28:56 utc,soraya thronicke,"@acreagro @senadofederal @elizianegama alguém disse que isso aconteceu se fosse diretamente como aconteceu agora, pode ter certeza que eu iria direto ao assunto. no caso que vc diz, são pessoas acostumadas a mentir, e que não têm credibilidade. mas se derem a cara à tapa, pode ter certeza que eu defenderei.",0,0,0
16012,2022-10-13 18:09:51 utc,leonardo pericles,apenas com os tweets não conseguimos desenvolver cada um desses pontos! mas fique ligado(a) nas nossas redes que vamos falar muito dessas propostas por aqui <u+0001f609><u+270a><u+0001f3ff>,0,0,0
7489,2022-03-22 11:15:20 utc,lulaoficial,"a gente não pode aceitar a situação criada de desmonte dos direitos trabalhistas. isso não foi um benefício, não aumentou os empregos. e hoje muitos não tem segurança social, aposentadoria, direitos. se um carro quebra, se tem um acidente, o trabalhador está lascado.",0,0,0
11894,2022-01-22 16:51:13 utc,ciro gomes,"david miranda (@davidmirandario) tem uma história de muita luta e superação. mostra ao brasil que o exemplo da boa educação pública transforma vidas. foi assim com ele, ao estudar no ciep idealizado e construído por brizola. obrigado por vir lutar junto conosco no @pdt_nacional.",0,0,0
3562,2019-09-12 21:11:21 utc,jairbolsonaro,"- nesta quinta, 12 de setembro, às 19h, no facebook, uma breve live um pouco adaptada. até daqui a pouco! <u+0001f44d><u+0001f3fb>",0,0,0
19142,2022-09-14 20:55:01 utc,felipe davila,"achar que lula é uma pessoa que vai ajudar a democracia no brasil é brincadeira.

na verdade, ficaram 14 anos no poder, criaram o maior escândalo de corrupção da história e deixaram 13 milhões de desempregados.",1,0,0
19566,2022-05-24 13:21:32 utc,felipe davila,"mais uma troca na presidência da petrobras não vai resolver problemas que realmente precisam ser sanados. bolsonaro tenta disfarçar a incapacidade administrativa promovendo uma nova dança das cadeiras. enquanto isso, os preços seguem descontrolados e a população paga o preço!",0,1,0
12831,2021-04-12 23:15:34 utc,ciro gomes,"cada dia de vigência deste decreto pode causar danos irreversíveis, provocando uma espécie de corrida armamentista dos potenciais milicianos. vamos nos articular para convencer o congresso e o supremo tribunal federal a impedirem isso, já!",0,0,0
2668,2020-06-03 09:48:45 utc,jairbolsonaro,"h. chegada de mais de 73,5 milhões de máscaras de três camadas e n95; @minfraestrutura @tarcisiogdf 

 i. atendimento de saúde garantido  a indígenas  de 6.000 aldeias em todo país; @dhumanosbrasil @damaresalves",0,0,0
29753,2019-04-29 20:31:57 utc,soraya thronicke,"@eliwanderlei @jairbolsonaro @ernestofaraujo falácia! o regime pssc é mais rígido que o geral, mulheres e homens na mesma idade mínima, contribuição 11% do bruto (maior que inss), autossustentável, proporcional ao tempo contribuído. o que vc prova contra? não acuse qdo não sabe. eu te respeito e você me respeita. é simples.",0,0,0
11339,2022-05-31 11:00:32 utc,ciro gomes,"enquanto isso, estão garantidas as verbas que irão irrigar, despudoradamente, as ações e malversações eleitoreiras. sem falar do que já foi torrado até aqui com as famigeradas emendas secretas.",0,0,0
6226,2022-09-23 10:33:05 utc,lulaoficial,bom dia. um resumo pra quem perdeu a conversa com o ratinho ontem.,0,0,0
29845,2019-04-07 22:45:26 utc,soraya thronicke,"@nilsonp72898420 @jairovpm no brasil, dando de cara com a realidade que o seu governo ladrão deixou para consertarmos. nos 100 primeiros dias já fizemos milagres que os seus longos anos estragaram.",1,0,0
1138,2022-04-11 14:11:47 utc,jairbolsonaro,"- há 10 anos, o brasil estava em 15º lugar no levantamento, salando de 1 gigawatt de potência instalada em 2011 para 21,5 gigawatts em janeiro de 2022. a capacidade instalada é mais do que suficiente para abastecer 28,8 milhões de casas e beneficiar 86,4 milhões de habitantes.",0,0,0
26887,2022-11-27 23:47:24 utc,soraya thronicke,"@pr3sepada obrigada, ana!! gratidão! <u+0001faf6>",0,0,0
9190,2020-04-01 12:27:40 utc,lulaoficial,"hoje, às 15h, o ex-presidente lula dá entrevista à mídia alternativa. acompanhe ao vivo pelas nossas redes! #equipelula",0,0,0
16699,2022-12-02 16:59:09 utc,simone tebet,"todas as políticas públicas relacionadas a emprego, renda, emancipação, qualificação, inclusão produtiva, entre outras, ficaram em segundo plano por falta de uma gestão eficiente do orçamento e vontade política do atual governo. +",0,0,0
8838,2020-08-20 13:16:11 utc,lulaoficial,"o ""doleiro dos doleiros"" deu uma declaração de que ele costumava entregar malas de dólares para os marinho. simplesmente o jn diz que não procede e acabou. se fosse o lula... era bom dia brasil, boa noite brasil, bom almoço brasil... seria todo mundo durante uma semana.",1,0,0
6130,2022-09-28 12:42:15 utc,lulaoficial,"@angelicaksy obrigado pela confiança, angélica.",0,0,0
7738,2021-12-21 14:11:19 utc,lulaoficial,@ricardostuckert fotos: @ricardostuckert,0,0,0
17063,2022-08-25 14:21:52 utc,simone tebet,"o grande papel do estado é prestar serviço público de qualidade para a população. é investir em segurança, habitação, saúde, infraestrutura e nas áreas essenciais. o brasil precisa de posicionamentos centrados. +",0,0,0
12815,2021-04-16 14:43:06 utc,ciro gomes,"nós precisamos reconciliar a sociedade brasileira, interromper essa brigalhada. são parentes e amigos se agredindo por essa loucura. bolsonaro faz os maiores disparates e seus fanáticos relativizam. isso está matando gente literalmente, um exemplo é essa apologia à cloroquina!",0,0,0
19862,2022-02-15 15:39:45 utc,felipe davila,"""não se trata apenas do dinheiro que é desviado, não é apenas o que se põe no bolso. hoje sabemos que corrupção não é um pecado individual. é um sistema político."" 

frase precisa de arnaldo jabor.

hoje, perdemos um de nossos melhores cineastas e um grande cidadão brasileiro.",1,0,0
12723,2021-05-14 21:39:48 utc,ciro gomes,"@gilnogueiraofc força, gil! saiba que o carinho e a admiração do povo brasileiro por você são maiores que todo ódio e obscurantismo. não se deixe abater nem fique calado. conte com minha solidariedade e meu apoio!",0,0,0
8425,2021-04-08 14:42:09 utc,lulaoficial,tem gente que levanta todo dia achando que tá mais velho. eu levanto todo dia achando que tô mais novo. o que me move é a minha vontade de lutar. sem isso nada vale à pena. e como vivo assim sou e estou otimista. #lulanodcm,0,0,0
10948,2022-08-04 20:59:07,ciro gomes,"e aquilo que humilha as famílias também está destruindo as empresas brasileiras. seis milhões de empresas estão com a faca no pescoço, na antessala de fechar e de aprofundar ainda mais dramaticamente a nossa crise.",0,0,0
12817,2021-04-16 12:15:46 utc,ciro gomes,"atenção, turma: logo mais, às 10h20, estarei ao vivo com @datenaoficial. acompanhe pelo youtube da @rbandeirantes. compartilhe #cironodatena!",0,0,0
27879,2022-03-20 00:27:05 utc,soraya thronicke,@danielorosario empregamos presidiárias! fazemos a nossa parte. você faz???? posso te perguntar???,0,0,0
9587,2019-03-16 21:16:25 utc,lulaoficial,"sérgio moro é cúmplice de um governo de milicianos. assim como dallagnol, irá pra lata do lixo da história. as máscaras estão caindo - @guilhermeboulos #liberdadeparalula",1,0,0
8241,2021-06-24 02:35:00,lulaoficial,"9 - não acredito em um cristão que utiliza o nome de deus em vão. inclusive se o bolsonaro acreditasse em deus ele não mentia tanto, não pregava tanta discórdia, tentando tirar proveito da fé do povo evangélico. deus tá vendo tudo que a gente faz.",0,0,0
21725,2022-06-13 01:34:24 utc,sofia manzano,"amanhã estarei na rede tv! 
vamos mostrar como podemos governar para a classe trabalhadora.",0,0,0
20884,2022-09-30 02:55:39,sofia manzano,"simone tebet representa o retrocesso em termos de direitos ambientais e da classe trabalhadora, ela representa o interesse do grande capital agrário.

#sofianoreaction
#vote21",0,0,0
28107,2021-05-24 12:57:37 utc,soraya thronicke,"já sabemos o que nos desune, e sabemos tb que na democracia sempre haverá divergências ideológicas. 

o que precisamos agora é de consciência daquilo que nos une como povo, como nação.

que deus nos oriente!

boa semana a todos!",0,1,0
23026,2020-11-29 23:49:17 utc,sofia manzano,@galodeluta @guilhermeboulos @mtst a luta está só começando.,0,0,0
2808,2020-05-04 12:13:36 utc,jairbolsonaro,@mdregional_br <u+0001f1e7><u+0001f1f7><u+0001f44d>,0,0,0
3215,2020-01-24 01:18:56 utc,jairbolsonaro,"- reafirmando o compromisso com a melhoria da gestão dos recursos públicos e o fortalecimento dos controles, assinei o decreto 10.209 de 22/01/20.

- o decreto regulamenta o compartilhamento de informações fiscais com os órgãos de controle, em especial a nossa cgu e o tcu.",0,0,0
6585,2022-08-20 16:28:11 utc,lulaoficial,"se prepare, bolsonaro. não comigo ou com o @geraldoalckmin. se preocupe com o povo brasileiro que vai tirar você da presidência.",0,0,0
2768,2020-05-11 19:53:10 utc,jairbolsonaro,@secomvc <u+0001f44d><u+0001f3fb>,0,0,0
2582,2020-06-22 12:21:23 utc,jairbolsonaro,@marceloscf2 @govbr <u+0001f1e7><u+0001f1f7>,0,0,0
15935,2023-01-05 23:24:10,leonardo pericles,"enquanto isso, fascistas como carla zambelli empunham livremente armas nas ruas e como roberto jefferson abatem policiais. é urgente o desmilitarização das polícias.",1,0,0
23986,2021-12-21 16:41:30 utc,vera lucia,"#fundaodavergonhanao
gente: uma conta rápida aqui, se manter os r$ 5,7 bi em discussão do orçamento de 2022 para o fundo eleitoral, e considerando que estarão em disputa em torno de 1.627 cargos públicos no brasil.",0,0,0
24395,2021-06-06 21:33:25 utc,vera lucia,"apoio os jogadores que se recusaram a falar com bolsonaro, em protesto à realização da copa américa no brasil. tá certo afastar caboclo para investigar denúncia de assédio sexual. uma pergunta fica: o que fará o coronel nunes sobre esses temas à frente da cbf?",0,0,0
11468,2022-05-05 15:47:59 utc,ciro gomes,"os gestores da antipolítica econômica aumentaram mais uma vez os juros, insistindo nos erros que destroem o país há décadas. voltaram a utilizar o remédio que, invés de curar, mata o paciente. desta vez, numa decisão simultânea aos americanos, em um caso de viralatismo explícito.",0,0,0
28702,2019-10-23 23:55:37 utc,soraya thronicke,"@linikerpapke não quer ir para a cadeia? simples, é só não cometer nenhum delito!",0,0,0
22905,2021-01-20 12:14:45 utc,sofia manzano,"@drauziovarella até porque, além dessas doses iniciais, não sabemos quando realmente vai começar a vacinação no brasil. #impeachmentja",0,0,0
15198,2019-07-19 13:48:53 utc,ciro gomes,por isso sigo na luta e reafirmando: só um projeto nacional de desenvolvimento que una quem produz e quem trabalha pode reverter essa situação.,0,0,0
28498,2020-02-10 16:47:59 utc,soraya thronicke,"@edwardluz @pliniovalerio45 @zequinhamarinho @lucasbarreto_ap tenha certeza, @edwardluz! essa briga é nossa!",0,0,0
17211,2022-07-23 19:06:37 utc,simone tebet,"para fazer o brasil voltar a crescer, promover reformas estruturais e modernizadoras, gerar oportunidades de emprego e renda para milhões de brasileiros e derrotar a inflação. #simonesim",0,0,0
6142,2022-09-27 21:11:12 utc,lulaoficial,"na política é mais fácil falar do que fazer. não gosto das palavras acho ou acredito. quando você é um governante, você tem que fazer. e fazer significa tomar decisão.",0,0,0
4008,2019-04-12 11:59:02 utc,jairbolsonaro,@radaronline kkkkkkkkkk,0,0,0
8324,2021-05-25 18:56:37 utc,lulaoficial,"tenho dito ao pessoal no pt que se for pra ser candidato, vai ter que ser pra fazer muito mais do que a gente fez. não sei se vou ser presidente, mas quero que você tenha certeza que vou ser um soldado da sua luta @pejulio. você pra mim é exemplo e motivo de orgulho.",0,0,0
2836,2020-04-27 20:40:21 utc,jairbolsonaro,- uma coisa é pedir informações sobre inquéritos sigilosos em curso (o que nunca houve) e outra coisa ter acesso a conhecimento de inteligência produzido nos termos da lei (o que sempre me foi dificultado).,0,0,0
8310,2021-05-27 15:57:46 utc,lulaoficial,esses dias fui no @pejulio e uma moça me pediu pra voltar a ser presidente porque ela queria voltar a ter o que comer. eu senti na minha barriga o que é a fome. aumenta muito nossa responsabilidade. não é tarefa de ninguém sozinho. vamos consertar esse país com ajuda do povo.,0,1,0
21273,2022-08-23 13:54:40,sofia manzano,"a regularização fundiária é energencial no nosso programa. 
a especulação imobiliária e o agronegócio são os setores que mais invadem a propriedade do povo trabalhador.",0,1,0
3721,2019-07-10 23:21:14 utc,jairbolsonaro,"- cumprimento a câmara dos deputados, na pessoa do seu presidente @rodrigomaia, pela aprovação, em 1° turno (379x131), da pec da nova previdência. o brasil está cada vez mais próximo de entrar no caminho do emprego e da prosperidade. <u+0001f44d> <u+0001f1e7><u+0001f1f7>",0,0,0
27956,2021-12-29 14:28:32 utc,soraya thronicke,"@marieclairebr que triste, meu deus!",0,0,0
28907,2019-09-20 14:39:11 utc,soraya thronicke,"@marciocantos @jairbolsonaro <u+0001f64f><u+0001f3fc> vocês também são, foram os instrumentos que me trouxeram até aqui para cumprir essa missão. são também o meu suporte. vamos juntos!",0,0,0
17734,2021-06-16 17:30:55 utc,simone tebet,"jabutis da mp da eletrobrás vão aumentar conta de luz, preço da cesta básica e, no meio ambiente, com obrigação de se construir termoelétricas longe dos gasodutos, barram avanço da energia eólica e solar.
a quem interessa, se todos perdem? com a palavra os criadores dos jabutis.",0,0,0
24737,2020-10-10 14:30:21 utc,vera lucia,"não existe qualquer honra no rastro de sangue, dor e ódio deixado por ustra. que ele e este governo de bolsonaro e mourão se encontrem no esgoto da história, derrotados, onde é o seu lugar!
#ditaduranuncamais 
#forabolsonaroemourao
#ustraheroidepsicopatas",0,0,0
2253,2020-10-16 22:13:00 utc,jairbolsonaro,@marceloscf2 <u+0001f91d>,0,0,0
29624,2019-05-25 01:23:29 utc,soraya thronicke,"@deppimentel parabéns, orgulho do nosso brasil esses dois!",0,0,0
30127,2019-02-03 11:57:49 utc,soraya thronicke,"@deaschlosser fui à china de forma lícita e voltarei sempre que puder. não cometi nenhum crime, e sim trabalhei pelo brasil e pelo meu ms, cujo maior importador é esse país. sou uma pessoa correta, infelizmente pessoas caíram na falácia mal-intencionada. porém  comigo não tem brincadeira.",0,0,0
23574,2022-08-31 17:19:21 utc,vera lucia,"a morte do 'índio do buraco' ou 'índio tanaru' é a execução final de uma etnia vítima da colonização desenfreada, da instalação de fazendas e da exploração ilegal de madeira, que resultaram em mortes e na expulsão dos indígenas da ti tanuru de suas terras.

segue o fio <u+0001f9f5>!",0,0,0
12387,2021-09-10 22:21:23 utc,ciro gomes,"bolsonaro tentou, pessoalmente, um golpe nesse 7 de setembro com muita grana pública, envolvimento de bandidos do agronegócio. as informações estão muito claras sobre isso. #cironoricaperrone",1,0,0
13526,2020-11-09 14:55:06 utc,ciro gomes,"tuma boa, estou ao vivo com @marciofrancasp e @antonionetopdt para a #virada40 em são paulo! acompanhe no facebook. <u+0001f339><u+0001f54a><u+fe0f>#40spcomciro",0,0,0
13561,2020-11-05 21:40:33 utc,ciro gomes,"sobrinho de bolsonaro, ex-assessor do senador flagrado com dinheiro na cueca, ganhou novo cargo no senado. sob pretexto de reforma administrativa, ele persegue servidores concursados. enquanto isso, privilégio e peculato para a família de bandidos q atende pelo nome bolsonaro!",1,0,0
2864,2020-04-21 13:24:18 utc,jairbolsonaro,"o @govbr convocou 3.391 médicos, se juntando aos quase 13.000 que atuam no projeto mais médicos para o brasil. 1.202 municípios de todos os estados e df receberam reforço. o @minsaude @teichnelson anunciou mais 3.300 respiradores nacionais e multiplicação dos testes da covid-19.",0,0,0
2738,2020-05-19 20:00:04 utc,jairbolsonaro,"1.2. o programa reúne comandos conjuntos dos estados de ro, pa e mt: 3.815 militares, 440 agentes, 110 viaturas, 20 embarcações e 12 aeronaves integram as ações.  @defesagovbr",0,0,0
30133,2019-02-03 02:47:23 utc,soraya thronicke,@desesquerdizada @tvcamara @pauloganime @partidonovo30 grande deputado paulo! tem meu respeito. será um excelente parlamentar.,0,0,0
416,2022-08-28 18:03:10 utc,jairbolsonaro,"- fato novo: após construção de centros da cidadania para prática de esportes em todos com estados com instrutores capacitados, extensão do bolsa atleta para estudantes e redução de mais impostos envolvendo gêneros para capacitação atlética e alimentar.",0,0,0
20342,2021-05-05 13:56:02 utc,felipe davila,@msantoro1978 contraste marcante mesmo. a pandemia mostra o quanto o brasil perdeu em relevância no mapa geopolítico.,0,0,0
24489,2021-03-17 22:27:31 utc,vera lucia,@jailtonsantana_ mais um crime lgbtfóbico. esse sistema não presta mesmo. é podre!,1,0,0
15049,2020-03-18 21:02:57,ciro gomes,temos um irresponsável completamente despreparado na presidência do brasil.,1,0,0
16002,2022-10-16 18:41:46,leonardo pericles,"por isso, as mulheres e todo o povo solidário a luta das mulheres, vão às ruas dia 22 para gritar fora ao machista, genocida, fascista e pedófilo bolsonaro!",0,0,0
24505,2021-03-13 16:08:24,vera lucia,"@aurelionery17 @flagomen9 olha, a mensagem principal que a gente quer passar em qlqr eleição é a necessidade dos trabalhadores se organizarem com independência pra superar na barbárie capitalista, acho que não combina com apoiar o lula, que é ""o cara"" da consciliação. até lá, tem um genocida pra derrubar.",1,0,0
19863,2022-02-15 14:19:44 utc,felipe davila,@joelpinheiro85 me fez lembrar da petição online que os apoiadores do lula criaram para ele concorrer ao nobel da paz.,0,0,0
23891,2022-02-14 11:50:34,vera lucia,"mais uma manhã de caos em sp. a linha 9 - esmeralda (uma linha privada) não funcionou. trabalhadores e estudantes não chegarão aos seus destinos. os ricos não sofrem isso, eles não andam de trem.

estatização e controle dos transporte pelos trabalhadores e usuários é fundamental.",0,1,0
11172,2022-06-29 11:00:37 utc,ciro gomes,"o tribunal de justiça de s. paulo vai escolher o local que quer na história a depender do resultado do julgamento, que retoma hoje, da ação patrícia x bolsonaro. são evidentes e gravíssimas as provas contra o presidente.",0,0,0
23905,2022-02-10 04:23:25 utc,vera lucia,"@valtene_matos @cristinafm7 @pco29 @monark ok, só ser ilegal não impede que o nazi-fascismo exista. 

mas por que uma organização operária iria reivindicar que quem ataca sua existência seja mais livre ainda. 

se as mulheres sofrem violência mesmo com a lei maria da penha, queremos que ela deixe de existir por isso?",0,0,0
7114,2022-06-03 14:01:44 utc,lulaoficial,"um país pode ter toda a riqueza do mundo, mas se um governante não cuida de forma responsável da política ambiental, onde está nossa soberania? reconstruir o brasil significa colocar a pauta ambiental em nossas discussões.",0,0,0
10927,2022-08-09 23:04:11 utc,ciro gomes,"ana paula (@anapaulamatosba) na #cirogames:
eu vim de uma família humilde por história de vida dos meus pais, mas essa não foi a minha essência. a minha essência são os valores que você tem que perseguir: o estudo e o trabalho.",0,0,0
9160,2020-04-07 22:10:27 utc,lulaoficial,"é uma vergonha que um país como o brasil, que já foi a sexta economia do mundo, ainda não fez reconversão industrial. e não apenas para dar conta dos insumos que estamos precisando, mas também para exportar e manter nossa economia.",0,0,0
27941,2022-02-09 04:50:03 utc,soraya thronicke,"@eduardowcorrea @uniaobrasil44 ahhhhh, jura???? vc acertou??? conta aí! <u+0001f60d>",0,0,0
27017,2022-11-05 18:43:50 utc,soraya thronicke,"@oncadosenado @foiktayior credo, iza! <u+0001f64f><u+0001f3fc> cá estou!",0,0,0
21378,2022-08-15 22:06:34 utc,sofia manzano,"@economia_cafe também já foi negado duas vezes. agora tenho que esperar novamente. 
estranho, não?",0,0,0
20461,2021-02-25 19:46:58 utc,felipe davila,"ele também se comprometeu a trazer um projeto de lei que regulamente exclusivamente este assunto.

outra vitória do novo texto diz respeito ao fim da obrigatoriedade de publicação dos balanços em jornais de grande circulação. (+)",0,0,0
13451,2020-11-19 20:00:42 utc,ciro gomes,"hoje é o dia da bandeira, nosso pendão da esperança. não será jamais roubada por entreguistas e corruptos que traem a pátria brasileira. a bandeira é nossa!",1,0,0
14073,2020-08-31 23:31:03 utc,ciro gomes,"@midorihirase @marceloadnet vamo lá, turma boa! perguntem com as hashtags #respondabolsonaro #pauloguedesporque",0,0,0
11621,2022-04-04 17:02:53 utc,ciro gomes,"pra quem ainda não sabe, isso é algo bem simples e que já fazemos com êxito aqui no ceará. por isso vou deixar alguns cortes sobre o assunto aqui embaixo  pra vocês entenderem melhor como funciona.",0,0,0
6476,2022-08-31 12:26:42 utc,lulaoficial,eu venci em 26 processos na justiça federal. só fui condenado por um juiz e um procurador porque eles tinham interesses políticos e não queriam que eu fosse candidato em 2018. mesmo com todas as absolvições tem gente que insiste em não reconhecer.,1,0,0
22196,2022-02-11 11:50:05 utc,sofia manzano,"governo bolsonaro é isso: farra com dinheiro público, destruição do estado, crimes contra a humanidade. 
#forabolsonaro já.",1,0,0
5824,2022-10-15 13:56:48 utc,lulaoficial,"investimos na educação porque essa é a base pro desenvolvimento de qualquer nação. com o professor @haddad_fernando como ministro da educação, valorizamos o ensino. vamos voltar para mais uma vez termos um governo que respeite os professores e valorize a educação. #diadoprofessor",0,0,0
7153,2022-05-30 22:13:20,lulaoficial,"o brasil foi o único país do g20 que fez superávit primário durante todos os anos de governo do pt, numa demonstração de que construir um governo sério é um compromisso com o povo brasileiro. e isso eu tenho de sobra.",0,0,0
10865,2022-08-17 23:28:59 utc,ciro gomes,"é uma forma muito grave de corrupção os políticos invadirem a religiosidade do povo. onde se misturou política corrupta com religião, deu em genocídio. se proteja, meu irmão! você tem direito de adorar a deus da forma que você desejar e o papel do seu presidente é respeitar.",1,0,0
17109,2022-08-09 03:26:57 utc,simone tebet,"vou revogar o sigilo de 100 anos. o princípio da publicidade é um princípio constitucional que merece ser respeitado, porque o poder vem do povo e somos meros representantes. e se o poder vem do povo, ele tem que saber o que está sendo feito. transparência absoluta. #rodaviva",0,1,0
11631,2022-03-30 00:29:26 utc,ciro gomes,"bolsonaro faz discurso anticorrupção, aproveitando que lula e o pt têm que fugir desse assunto, mas não quer debater comigo. bolsonaro confessou que a wal do açaí nunca deu um dia de serviço em brasília e atestou a presença dela no gabinete quando ela era sua caseira particular.",1,0,0
21590,2022-07-11 14:02:42 utc,sofia manzano,"mais um médico preso acusado de estupro de uma mulher em trabalho de parto. 
a violência que o machismo causa, impulsionado ainda mais por bolsonaro, exige uma reação rápida e efetiva. 
punição exemplar aos criminosos e avançar na luta.
a legalização do aborto é só o começo.",0,0,0
5888,2022-10-11 23:54:19 utc,lulaoficial,"eu tenho 76 anos. fiquei viúvo pela segunda vez. e quis deus que eu conhecesse a janja. o brasil, ao invés de ter um cara que só fala em ódio, pode ter um presidente apaixonado que gosta do povo brasileiro.",0,0,0
10938,2022-08-05 16:48:31 utc,ciro gomes,"ana paula (@anapaulamatosba): sou conciliadora, firme e quero, junto com o povo  especialmente com ciro, @carloslupipdt, @gisellebezerra e com o nosso @pdt_nacional , apresentar ao brasil um projeto de desenvolvimento econômico e social. #vicedociro",0,0,0
19573,2022-05-17 18:36:39 utc,felipe davila,"existe uma inversão de valores: nós trabalhamos para sustentar o estado, que atualmente destina cerca de 80% do orçamento federal (excluindo valores de juros e amortização da dívida) para pagar folha, benefícios e aposentadorias.",0,1,0
12853,2021-04-04 21:46:18 utc,ciro gomes,uma análise da crise brasileira antes da pandemia. essa é a conta de uma gestão terrivelmente incompetente da nossa economia... detesto dizer que tentei avisar muitas vezes.,0,0,0
11571,2022-04-19 10:03:26 utc,ciro gomes,"ao longo da vida, tive o privilégio de visitar comunidades indígenas - da última vez os xavantes das aldeias de são marcos e guadalupe - e sempre voltei com a alma enriquecida e o coração apertado. revigorado por suas lições de vida e temeroso por suas sobrevivências.",0,0,0
8144,2021-07-28 16:03:28 utc,lulaoficial,"8 - antes do pt: caos na previdência 

com o pt: gestão transparente e eficiente. concessão imediata de benefícios ou redução significativa do tempo de espera 

com bolsonaro: falta de transparência e demora na conclusão dos processos. alto índice de indeferimento dos pedidos",0,0,0
6763,2022-07-28 15:30:57 utc,lulaoficial,"os orçamentos das agências de fomento federais, destacadamente os do cnpq, finep e capes devem ser recuperados e ampliados a partir dos patamares mais elevados alcançados nos governos do pt.",0,0,0
10628,2022-09-08 11:00:09 utc,ciro gomes,"lembrando o seguinte: não existe segredo nem fórmula mágica por trás da revolução que fizemos no ensino público do ceará, que hoje é o estado com o melhor ensino fundamental do brasil. nesse nível de ensino, 79 escolas cearenses estão entre as 100 melhores do país.",0,0,0
1302,2022-03-01 09:42:44 utc,jairbolsonaro,"- existem cursos em áreas como computação em nuvem, big data, inteligência analítica, mídias sociais, cybersegurança, internet das coisas, comunicações avançadas, fotônica, manufatura avançada, design de circuitos integrados, robótica e inteligência artificial.
 @astro_pontes",0,0,0
21456,2022-07-30 13:05:47 utc,sofia manzano,@o_caio_andrade @anton2alves estamos juntos.,0,0,0
7112,2022-06-04 11:10:39 utc,lulaoficial,"mesmo com tantos ataques mentirosos contra mim, sempre soube que a verdade ia vencer. primeiro porque não me abati. segundo porque não fiquei nervoso. e terceiro porque na prisão li muito, e aprendi a razão do que aconteceu no brasil. e sei que vamos recuperar esse país. bom dia!",0,0,0
6162,2022-09-27 00:20:06 utc,lulaoficial,"a cultura será tratada como um bem de primeira necessidade, porque ela alimenta nossas almas. nós precisamos de música, cinema, teatro, dança, artes plásticas. nós precisamos de mais livros em vez de armas. #brasildaesperança",0,0,0
2789,2020-05-08 23:25:14 utc,jairbolsonaro,"@astro_pontes @tvbrasil @govbr @secomvc <u+0001f44d><u+0001f3fb><u+0001f1e7><u+0001f1f7>, ministro!",0,0,0
28033,2021-08-18 21:02:42 utc,soraya thronicke,@graca2010 você disse bem sobre enganar muita gente. é o que está acontecendo com quem acredita na história desse projeto que não é de autoria da senadora soraya. pesquise sobre o pl 2963/2019 para saber a verdade e não cair em fake news. assessoria,0,0,0
22085,2022-03-01 22:35:58,sofia manzano,mídia ocidental age como supremacista branco.,1,0,0
8460,2021-04-01 22:21:36 utc,lulaoficial,"queria deixar registrado que essa entrevista de hoje com 
@reinaldoazevedo é a prova de que é possível dois seres humanos pensarem diferente, terem pontos de vista diferentes e conversarem civilizadamente.",0,0,0
15966,2022-11-15 17:02:43,leonardo pericles,"15 de novembro. a república que prevaleceu foi instituída num golpe militar apoiado por ex-senhores de escravos que se tornaram ""republicanos"" da noite p/ o dia. mesmo assim muitas lutas aconteceram!o povo conquistou direitos e a luta p/ uma verdadeira república popular continua!",0,1,0
1427,2022-01-16 08:33:35 utc,jairbolsonaro,"- os testes de antígeno já são amplamente utilizados em upas e clínicas da família ou unidades básicas de saúde espalhadas pelo país. 

- já são mais de 381 milhões de doses de vacina distribuídas pelo @govbr a todos os estados e municípios do brasil.

@minsaude",0,0,0
26936,2022-11-20 16:04:58 utc,soraya thronicke,@camilathronicke oiiii! vocês são demais! <u+0001f60d><u+0001f60d><u+0001f60d>,0,0,0
8372,2021-04-30 21:58:28 utc,lulaoficial,"sônia guajajara foi intimada hoje pela pf por supostamente ter difamado o governo ao trazer luz a violações contra os povos indígenas. é o governo da mentira perseguindo e tentando intimidar aqueles que denunciam a verdade. não vão conseguir. minha solidariedade, @guajajarasonia.",1,0,0
862,2022-05-31 09:33:51 utc,jairbolsonaro,"- casa verde e amarela: o @govbr retomou construções paralisadas, ampliou o programa nacional de habitação popular, ultrapassando 1,2 milhão de unidades entregues à população em todo o país desde 2019, uma média de 1,1 mil por dia, beneficiando mais de 4,8 milhões de pessoas.",0,0,0
15215,2019-07-09 22:44:40 utc,ciro gomes,"porque considero o voto a favor desta reforma bolsonaro um voto contra os pobres e contra a classe média em resumo:

1. de cada 100 reais de sacrifício , 83 reais são cobrados de quem ganha até 2 mil reais ;",0,0,0
28316,2020-06-15 12:42:44 utc,soraya thronicke,@majorolimpio <u+0001f44f><u+0001f3fc><u+0001f44f><u+0001f3fc><u+0001f44f><u+0001f3fc>,0,0,0
19743,2022-03-10 17:24:29 utc,felipe davila,"senado pode aprovar o ""bolsa combustível"", um auxílio de até r$ 300 para quem trabalha com o veículo abastecer que vai custar r$ 3 bilhões.

é assim que se resolvem as coisas no país do populismo:

bolsas e auxílios ineficientes, que geram dependência e não resolvem os problemas.",0,0,0
2132,2020-11-28 19:52:43 utc,jairbolsonaro,@policiafederal <u+0001f1e7><u+0001f1f7>,0,0,0
6032,2022-10-03 01:10:20 utc,lulaoficial,"ontem falei que toda a eleição eu quero ganhar no 1° turno, mas nem sempre é possível. mas a crença que nada acontece por acaso me motiva. todas as pesquisas nos colocavam em 1° lugar, e sempre achei que nós iríamos ganhar. e nós vamos. isso é só uma prorrogação.",0,0,0
24618,2021-01-02 17:24:56 utc,vera lucia,"conheci padre ticão em 2019 e estive com ele em novembro de 2020. conversamos sobre as perspectivas para 2021 e ele me passou seu planejamento de atividade. a zl perde um grande lutador. descanse, seguiremos na construção de uma sociedade socialista. padre ticão, presente!",0,0,0
30258,2022-09-09 19:26:23 utc,padre kelmon,fora comunistas!!,0,0,0
8325,2021-05-25 18:53:45 utc,lulaoficial,"eu nunca vi tanta gente na rua como tenho visto. tanta criança pedindo esmola, passando fome. e o mundo vendo no noticiário bilionário comprando iate de 400 milhões de dólares.",0,0,0
27670,2022-08-25 15:09:19 utc,soraya thronicke,@renato_a_m vamos juntos!!,0,0,0
19588,2022-04-22 21:27:19 utc,felipe davila,"confira alguns dos principais temas que abordei durante a entrevista ao jornal da paraíba, na coluna conversa política.

#novo #partidonovo #felipedavila #novodeverdadesotem1",0,0,0
3702,2019-07-17 15:58:51 utc,jairbolsonaro,"- estou em santa fé, na argentina, para a cúpula do mercosul. o momento é de celebração para o bloco, depois do histórico acordo com a união europeia, que ajudará a modernizar nossas economias, estimular o crescimento e gerar empregos, mas o trabalho não pode parar.",0,0,0
6372,2022-09-10 22:13:01 utc,lulaoficial,"olê, olê, olê, olá... <u+2764><u+fe0f> #equipelula",0,0,0
17516,2021-11-21 13:05:02 utc,simone tebet,"desejo sorte e perseverança aos mais de 3 milhões de jovens que farão o enem. a prova é uma etapa imprescindível para a conquista da cadeira universitária. inadmissível ingerência para contaminá-la com negacionismo, falso puritanismo ou patrulha ideológica de quem quer que seja.",0,0,0
8754,2020-09-24 21:58:33 utc,lulaoficial,"tem um filme que eu sempre recomendo. chama ""que horas ela volta?"". ali está a melhor explicação do ódio que a elite cultivou pelo pt.",0,0,0
27252,2022-10-14 01:19:38 utc,soraya thronicke,@jettkwlski @majorolimpio torcendo por @eduardoleite_ ! <u+0001f64f><u+0001f3fc><u+0001f64f><u+0001f3fc><u+0001f64f><u+0001f3fc>,0,0,0
13929,2020-09-09 21:39:01 utc,ciro gomes,"@marcio_avila7 @marceloadnet bravíssimo, com b de bilhão <u+0001f44f><u+0001f44f><u+0001f44f><u+0001f44f>",0,0,0
27690,2022-08-24 13:48:22 utc,soraya thronicke,@aguilarvctr muito obrigada por todo carinho. <u+2764><u+fe0f>,0,0,0
28133,2021-03-31 14:41:51 utc,soraya thronicke,"@rivertonnantes @senadofederal @marcal_oficial @kelianafernand7 análise objetiva dos postos de trabalho, não em carreiras de caráter subjetivo.",0,0,0
27121,2022-10-29 03:07:39 utc,soraya thronicke,@atwellfilms eu também! kkkk,0,0,0
27754,2022-08-17 13:57:08 utc,soraya thronicke,@sergiorinaldos1 <u+0001f44f><u+0001f3fc><u+0001f44f><u+0001f3fc><u+0001f44f><u+0001f3fc> nossa deputada federal!  orgulho deste time!!,0,0,0
29475,2019-06-13 01:59:52 utc,soraya thronicke,"@mazinho_oasis @jairbolsonaro eu faço o que é importante e o que o meu patrão manda, @jairbolsonaro  .  sou obediente e responsável.",0,0,0
21634,2022-07-02 16:35:25 utc,sofia manzano,"condenamos o esvaziamento dos programas sociais de financiamento habitacional para baixa renda promovido por este governo liberal-fascista, genocida e antipovo de jair bolsonaro.",0,1,0
16230,2022-04-08 14:54:54 utc,leonardo pericles,@1urano @averdade_jornal qual é a cidade?,0,0,0
4190,2019-02-24 20:49:39 utc,jairbolsonaro,seguimos avançando!,0,0,0
13583,2020-10-30 17:25:09 utc,ciro gomes,"@pedrojosephi @andrepdt12 @pdt_nacional @carloslupipdt turma boa de recife, conheçam as propostas do nosso candidato a vereador @pedrojosephi <u+0001f339><u+270a>",0,0,0
29983,2019-03-14 03:49:05 utc,soraya thronicke,@baldinmarco @rosahst @sen_alessandro viajando a trabalho. as assinaturas começaram a ser colhidas ontem e eu não estava presente. só chego amanhã de manhã e essa será a primeira coisa que farei.,0,0,0
30225,2022-12-24 12:38:57 utc,padre kelmon,vale a leitura esse artigo do coronel mauro rogério. supremo é o povo!!,0,1,0
5350,2022-11-19 11:34:22 utc,lulaoficial,"nós podemos fazer um país melhor, um mundo melhor. podemos fazer o brasil voltar a ser uma potência.",0,0,0
22620,2021-03-26 16:38:32 utc,sofia manzano,"se não fosse a pandemia, dória teria privatizado o #butantan. era o plano. 
não podemos permitir mais nenhuma privatização.",0,0,0
12267,2021-10-16 15:47:41 utc,ciro gomes,"és merecedora de todos os prêmios -dos que ganhou e dos que lhe roubaram- e a cadeira de imortal, mesmo que nobre, que a academia em breve lhe concede, será, me perdoem, menor do que seu trono de rainha.",0,0,0
8567,2021-02-11 00:32:43,lulaoficial,3 - o pt tem que compreender que o povo brasileiro precisa mais de nós do que em qualquer outro momento histórico. precisamos ir pra rua conversar com esse povo. o povo precisa se levantar.,0,0,0
3678,2019-07-23 15:47:20 utc,jairbolsonaro,"- parabéns @borisjohnson, novo primeiro-ministro do reino unido, eleito com o compromisso louvável de respeitar os desígnios do povo britânico. conte com o brasil na busca por livre comércio, na promoção da prosperidade para nossos povos, e na defesa da liberdade e da democracia.",0,0,0
13876,2020-09-18 14:27:34 utc,ciro gomes,"@paulozac @amazonbr oi, @paulozac! ainda não temos essa opção, mas você pode receber o livro na sua casa. envie um e-mail para casadosmundos@casadosmundos.com.br com seu endereço completo. a editora informará o valor do frete e as formas de pagamento disponíveis. abraços! #equipecirogomes",0,0,0
8563,2021-02-18 14:20:38 utc,lulaoficial,"não sei se vou ser candidato. isso depende do contexto político, do partido, da sociedade. eu sem dúvida estarei à disposição se for pra derrotar o bolsonaro. mas acho que temos que discutir o brasil e depois discutimos candidatura. #lulanouol",0,0,0
8230,2021-06-25 17:02:23 utc,lulaoficial,"quando decidir se vou ser candidato... primeiro vou pedir pro pt, aí se o pt deixar... não pode ser pra fazer menos que já fiz. tenho muita responsabilidade. se eu for candidato, e eleito, é pra gerar mais emprego, mais salário, mais casa, mais universidade, mas ensino técnico...",0,0,0
13087,2021-02-17 19:06:04,ciro gomes,este bandido bolsonarista tem que permanecer preso e ser cassado !,0,0,0
2761,2020-05-15 00:09:45 utc,jairbolsonaro,"3- fica claro que, com a possível revogação do decreto de exoneração, qualquer ""interferência"" por parte do presidente deixaria de existir.

4- game over, pelo próprio zap de moro.",0,0,0
1448,2022-01-02 08:38:41 utc,jairbolsonaro,"- 11/12: dois helicópteros da @marmilbr foram empregados nas operações de busca, resgate, transporte de pessoal e material.

- 11/12: aproximadamente 1,4 mil kg de carga, incluindo cestas básicas e água. a carga foi do município de itamaraju com destino a nova alegria.",0,0,0
21116,2022-09-15 02:55:51 utc,sofia manzano,@felipeneto fora bolsonaro. para nunca mais voltar.,0,0,0
11871,2022-01-25 16:15:26 utc,ciro gomes,"parabéns minha querida são paulo, terra da garoa, a cidade mais brasileira de todas. acolhe gente de todo lugar e tem importância central no desenvolvimento do país. salve seus 468 anos! #sãopaulo468anos",0,0,0
13219,2021-01-14 20:41:10 utc,ciro gomes,"é revoltante saber que o #bolsonarogenocida e seu cúmplice ministro da saúde, mesmo sabendo de toda situação devastadora da pandemia, não se movimentaram para ajudar manaus. bolsonaro e pazuello são criminosos e traidores da pátria. impeachment e cadeia para os dois!",1,0,0
19699,2022-03-17 15:23:10 utc,felipe davila,"voa minas gerais!

minas fechou 2021 com crescimento de 5,1% do pib, acima até do crescimento do brasil, de 4,6%.

e tem mais motivo para o mineiro comemorar:

- indústria cresceu 9,2%
- 307 mil novos empregos gerados

esse é o jeito novo de governar. grande trabalho, @romeuzema!",0,0,0
23866,2022-03-08 13:58:01 utc,vera lucia,pauta muito importante!,0,0,0
27787,2022-07-10 17:14:27 utc,soraya thronicke,repito: os líderes políticos devem repudiar com veemência esses atos abomináveis de seus apoiadores. é inaceitável o que está acontecendo.,1,0,0
14117,2020-08-26 15:29:46 utc,ciro gomes,tem mais fotos dos outdoors na sua cidade? compartilha aqui nos comentários! <u+270a><u+0001f339><u+0001f1e7><u+0001f1f7>,0,0,0
28348,2020-05-29 15:07:34 utc,soraya thronicke,@sarapratess exatamente. por isso tb posso criticar!,0,0,0
22061,2022-03-14 13:11:08,sofia manzano,"marielle, que cumpria um importante e combativo mandato na câmara de vereadores; e anderson, seu motorista na fatídica noite e pai, foram covarde e brutalmente assassinados.",0,0,0
5718,2022-10-21 14:30:10 utc,lulaoficial,olá pessoal. não farei live hoje com o @felipeneto. estarei em uma live com o @andrejanonesadv 19h no facebook. acompanhem.,0,0,0
17830,2021-01-17 21:38:29 utc,simone tebet,@cdasnunes acesse a matéria novamente e veja a errata. assessoria,0,0,0
2487,2020-08-02 12:53:38 utc,jairbolsonaro,@mmeioambiente <u+0001f91d><u+0001f44d><u+0001f3fb>,0,0,0
10726,2022-08-29 12:00:14,ciro gomes,"<u+0001f937><u+200d><u+2642><u+fe0f> afinal, nada mais justo que os super-ricos paguem um pouquinho dessa fortuna pra tirar a fome, a miséria e a humilhação da maioria esmagadora, né?",0,1,0
1622,2021-10-13 16:39:46 utc,jairbolsonaro,"- e junto com o títulos, o @mapa_brasil também disponibilizou recursos. foram r$ 10,4 milhões em créditos de reforma agrária disponibilizados de 2019 a 2021. esse valor assegurado às famílias assentadas no estado é maior que os 5 anos anteriores. @incra_oficial",0,0,0
15971,2022-11-04 01:17:42 utc,leonardo pericles,alô pessoal! recebemos muitas mensagens perguntando que dia serão as manifestações da esquerda. aguardem! estamos participando de articulações com o conjunto dos partidos e organizações do brasil! vem novidades aí!!! vamos fazer valer a vontade da maioria!!! #vaiterluta,0,0,0
6886,2022-07-09 16:01:40 utc,lulaoficial,minha história se confunde com a história de diadema. vim pela primeira vez em 1969. a única rua asfaltada era a av. antônio piranga. essa cidade foi a primeira a ter a coragem de eleger um metalúrgico prefeito.,0,0,0
4020,2019-04-10 20:46:28 utc,jairbolsonaro,"parceria privada com o @mctic, o programa visa apoio à tecnologias emergentes focadas em saúde, energia e mobilidade. sua missão é fazer a ponte entre o universo empreendedor e o de pesquisa por meio da integração entre startups, centros de p&amp;d, universidades e outros.",0,0,0
22428,2021-07-29 16:00:43 utc,sofia manzano,@jose_simao #liberdadeparapaulogaloegessica já.,0,0,0
28613,2019-11-09 18:37:19 utc,soraya thronicke,<u+0001f44f><u+0001f3fc><u+0001f44f><u+0001f3fc><u+0001f44f><u+0001f3fc>dia a dia vamos mudando este brasil!,0,0,0
7081,2022-06-08 13:37:49 utc,lulaoficial,"eu perdi para o collor e para o fernando henrique cardoso, e vocês não me viram protestar contra o resultado nenhuma vez. nós voltamos para a casa e trabalhamos. ganha, toma posse, perde, chora e se prepara para outra.",0,0,0
14061,2020-09-01 20:57:49 utc,ciro gomes,@gomesthaiara @meteoro_br todos atentos e usando a hashtag: #cironometeoro,0,0,0
12391,2021-09-09 21:33:28 utc,ciro gomes,"só uma coisa é certa : este homem acaba de produzir  a mais sensata insensatez de toda a história política brasileira.  
e um insensato deste calibre não pode continuar presidente, pois é um risco permanente para o país.",0,0,0
26369,2013-10-01 01:11:09,vera lucia,o governo federal tenta a todo custo tapar o sol com a peneira. o discurso de que o brasil está com o economia... http://t.co/kiq4wwrgu3,0,0,0
8038,2021-08-18 22:54:31 utc,lulaoficial,"@flaviodino cheguei, companheiro!",0,0,0
18930,2022-12-19 15:29:06 utc,felipe davila,"entre a alegria e a tristeza... 

o stf forma maioria para derrubar o orçamento secreto, um grande passo para o fortalecimento da democracia...

mas, em decisão monocrática, tenta arrumar um puxadinho para furar o teto de gastos, já que a pec do estouro do teto parece não passar.",0,0,0
5210,2022-12-27 21:23:00 utc,lulaoficial,será lindo!,0,0,0
21821,2022-05-19 17:35:58 utc,sofia manzano,@memexpropriados @pcbpartidao obrigada,0,0,0
20646,2022-11-09 22:30:36 utc,sofia manzano,"o estadão, desde sempre, o porta voz da direita golpista. as manchetes sempre induzem a compreensão.",0,0,0
19842,2022-02-18 17:38:16 utc,felipe davila,"""quando não tem coordenação entre união, estados e municípios a coisa não anda.

foi isso que aconteceu na pandemia. 

bolsonaro, que é populista e negacionista, rompeu com os outros entes da federação, isso gerou caos na saúde.""

#debatelide",1,0,0
9460,2019-09-04 23:24:04 utc,lulaoficial,"ontem a #vazajato mostrou onde os moleques concursados de curitiba queriam chegar. os devaneios megalomaníacos do dallagnol no espelho revelam um rapaz que nutria o sonho de trocar a justiça pela política. mas, com medo de disputar, seguiu fazendo política com a lava jato.",0,0,0
29927,2019-03-25 12:19:59 utc,soraya thronicke,quem matou/mandou matar esses vereadores? por que não têm o mesmo tratamento prioritário de marielle franco? não somos todos iguais?,0,0,0
10647,2022-09-06 11:06:19 utc,ciro gomes,"pior ainda: colunistas do próprio uol, como leonardo sakamoto e carla araújo, repercutiram a notícia deturpada, sem se dar o mínimo cuidado de ouvir a minha fala.",0,0,0
2644,2020-06-06 12:16:54 utc,jairbolsonaro,"5- para evitar subnotificação e inconsistências, o @minsaude optou pela divulgação às 22h, o que permite passar por esse processo completo. a divulgação entre 17h e 19h, ainda havia risco subnotificação. os fluxos estão sendo padronizados e adequados para a melhor precisão.",0,0,0
8232,2021-06-25 16:52:09,lulaoficial,"eu tô livre e leve. acharam que eu tava morto, que ia enfiar a cabeça na terra igual um avestruz... não esperavam que eu ia enfrentar eles. não estavam preparados pra lidar com alguém que tem caráter, formado por uma mulher analfabeta e pelos trabalhadores no chão de uma fábrica.",0,0,0
7095,2022-06-07 19:27:42 utc,lulaoficial,"hoje é dia de celebrarmos um dos principais alicerces da democracia: a liberdade de imprensa. não por caso, o presidente que agride a democracia é o mesmo que ataca os profissionais de imprensa, sobretudo as mulheres jornalistas.",0,0,0
27284,2022-10-14 00:57:40 utc,soraya thronicke,@dopazoday @majorolimpio meu apelido de criança! <u+0001f60d>,0,0,0
28431,2020-04-23 17:10:25 utc,soraya thronicke,@josebarci @sf_moro denuncie para o mp da sua cidade.,0,0,0
9475,2019-09-04 17:11:20 utc,lulaoficial,reduzem a produção de combustíveis aqui para importar em dólar dos estados unidos. e por isso disparam os preços dos combustíveis e do gás para o povo.,0,0,0
28847,2019-10-01 23:29:10 utc,soraya thronicke,"parabéns, secretário @rogeriosmarinho, pelo seu empenho! o brasil vai agradecer eternamente pelo trabalho de toda a equipe do me. @jairbolsonaro",0,0,0
4254,2019-02-05 00:23:55 utc,jairbolsonaro,boa noite a todos! vamos lá! <u+0001f44d><u+0001f3fb><u+0001f449><u+0001f3fb><u+0001f449><u+0001f3fb>,0,0,0
19376,2022-08-16 20:57:24 utc,felipe davila,"um hospital referência em tratar câncer anunciou que deixará de atender pacientes do sus.

motivo: tabelas defasadas do sus custaram quase r$ 100 milhões à instituição em 2021.

isso é descaso com a saúde pública, prejudicando o cidadão que precisa de tratamento. é hora de mudar.",0,0,0
3850,2019-05-26 21:09:53 utc,jairbolsonaro,"acredito que o brasil caminha cada vez mais para o amadurecimento de sua democracia, com representantes sensíveis aos anseios da sociedade. o caráter pacífico dos atos de hoje traduz a esperança e a confiança do povo no compromisso que nós políticos temos com o futuro do país.",0,0,0
20845,2022-10-04 14:17:51,sofia manzano,"o defensor de bolsonaro quer adiantar a destruição do país.
eu já havia alertado, por isso a mobilização é ainda mais urgente. 
nossa tarefa é gigante: lutar contra a direita é derrotar bolsonaro.
greve geral já.",0,0,0
6313,2022-09-16 01:45:10 utc,lulaoficial,<u+0001f601><u+0001f44d>,0,0,0
16162,2022-08-10 15:15:44 utc,leonardo pericles,"<u+0001f4c9> no mercado de trabalho, apenas um terço dos cargos gerenciais são ocupados por negros/as,
<u+0001f4d1> entre a mão de obra considerada subutilizada, os negros/as são 29%;",0,0,0
22062,2022-03-14 13:08:56 utc,sofia manzano,"a alegria, a luta e todas as batalhas de marielle continuam em nós. 
""seguiremos adelante, hasta siempre marielle!""",0,0,0
22064,2022-03-13 16:43:44 utc,sofia manzano,"isso é uma ameaça? 
não é da conta das forças armadas quem vai governar o país.
se for o lula e o pt, ou se formos nós e o pcb, você e as ff.aa. irão respeitar. 
não adianta bradar. 
ditadura nunca mais!",0,0,0
27565,2022-09-02 14:21:25 utc,soraya thronicke,@seravat19 só deus pode me calar.,0,0,0
19133,2022-09-22 20:45:10 utc,felipe davila,"um projeto precisa de três ingredientes: o mínimo de consenso político, o poder executivo disposto a comprar a briga para o projeto andar, e, o fundamental, que é o apoio da sociedade.

é assim que vamos construir o nosso projeto de país.",0,0,0
21730,2022-06-11 21:20:56 utc,sofia manzano,"a privatização da eletrobrás  é um crime de lesa pátria! 
ataca a soberanía nacional e terá como consequências o aumento nas contas de luz e a queda na qualidade dos serviços de energia.
nosso programa prevê a reversão da privatização por uma eletrobrás 100% estatal!",0,0,0
30266,2022-06-06 22:53:43 utc,padre kelmon,@ptb14 alguém precisa para alexandre de moraes,0,0,0
17287,2022-06-21 20:10:22 utc,simone tebet,"para quem me conhece e viu minha entrevista, minha posição é clara: estaremos no segundo turno. o brasil merece paz. merece uma alternativa à polarização. nossa luta é pela democracia e pela reconstrução do brasil.",0,0,0
28218,2021-01-25 01:27:38 utc,soraya thronicke,"eqto processos antigos por corrupção avançam,e novos casos de desvios de recursos públicos p covid eclodem a cada dia,movimentos de rua distraem a população c conversa fiada.sou do tempo do combate à corrupção e,sem generalizar,  sinto vergonha de mtas lideranças atuais.vergonha!",1,0,0
13911,2020-09-12 14:01:14 utc,ciro gomes,"@mlvillasboas @cnnbrasil feliz aniversário, @mlvillasboas <u+0001f44f><u+0001f44f><u+270a><u+0001f339>",0,0,0
3167,2020-02-06 09:53:01 utc,jairbolsonaro,"6- honramos, nesses 400 dias, o compromisso de pegar pesado na questão da segurança. estamos batendo recordes na apreensão de drogas. também aprovamos o pacote anticrime, que dentre os avanços conquistados, está o aumento de 30 para 40 anos a pena máxima de reclusão no país.",0,0,0
6757,2022-07-28 19:50:26 utc,lulaoficial,"@andrejanonesadv fico feliz. essa também é a causa que me motiva na política, estamos juntos nisso. vamos conversar.",0,0,0
8163,2021-07-22 21:54:16 utc,lulaoficial,<u+2665><u+fe0f><u+0001f393>,0,0,0
28694,2019-10-25 02:27:45 utc,soraya thronicke,"querem saber o pior? por que não podemos filmar e nem tirar fotos dentro do plenário do stf se o processo é público, não está em segredo de justiça? não entendo isso.",0,0,0
20196,2021-06-23 23:01:04 utc,felipe davila,"ricardo salles vai tarde. não foi apenas um mau ministro do meio ambiente. foi um destruidor de florestas e da imagem do país no exterior. mas não dá pra criar expectativas sobre o que virá a seguir. em se tratando de governo bolsonaro, sempre dá pra piorar.",0,0,0
3247,2020-01-08 15:27:40 utc,jairbolsonaro,"- do exposto, o veto aos r$ 2 bilhões, daria margem para que o presidente fosse questionado junto à camara dos deputados de ""utilizar o poder federal para impedir a livre execução da lei eleitoral.""",0,0,0
24948,2020-05-09 15:02:18 utc,vera lucia,"inaceitável! enquanto as famílias choram 10 mil mortes por covid-19, bolsonaro cogitou fazer churrasco com amigos. é mais que desumano e cruel. é coisa de miliciano! #forabolsonaro #foramourão",1,0,0
28471,2020-03-24 19:48:06 utc,soraya thronicke,"@1julianagab @senadofederal @majorolimpio @edugiraooficial @tassojereissati @darioberger @katiaabreu @anastasia @jairbolsonaro @tvsenado estou exatamente convidando vocês para assistirem ao vivo, tanto no youtube quanto na tv senado.",0,0,0
12116,2021-11-30 08:48:06,ciro gomes,"nesta sua delação premiada, moro admite não ter visto crimes nas rachadinhas nem nas seguidas agressões de bolsonaro às instituições. também não viu problema na enquadrada  do general villas boas ao supremo.",0,0,0
11216,2022-06-21 23:43:52 utc,ciro gomes,"""essa é a proposta do flow: somos pessoas normais que conversam com pessoas importantes para a sociedade e trazemos perguntas de pessoas reais. nós queremos saber das questões próximas das pessoas, trazemos um papo mais humano."" @igor_3k na #cirogames",0,0,0
2182,2020-11-10 09:43:46 utc,jairbolsonaro,"11. o ministro @astro_pontes e o presidente @jairbolsonaro trabalham, desde fevereiro, ao lado da ciência, no combate ao covid-19.",0,0,0
19540,2022-06-24 19:17:46 utc,felipe davila,"pobreza, corrupção, mediocridade. eu dediquei boa parte da minha vida a entender os problemas do brasil e como consertá-los. 

hoje, sou pré-candidato a presidente porque quero mudar essa realidade, e morar num brasil onde todos possam ter as mesmas oportunidades que eu tive.",0,0,0
8912,2020-07-15 19:08:11 utc,lulaoficial,"muita gente naturalizou, mas 74 mil mortos não é pouca coisa. só ontem morreram mais de 1.300 brasileiros. um presidente, em qualquer país do mundo, não tem o direito de brigar com a ciência. minha solidariedade à família dessas pessoas. vidas que poderiam ter sido poupadas.",0,0,0
29063,2019-08-25 13:35:33 utc,soraya thronicke,"sigam @conexaopolitica para ter informação verdadeira e imparcial. 

vamos ajudar a mídia séria crescer! @jairbolsonaro",0,0,0
6859,2022-07-12 23:16:21 utc,lulaoficial,"não quero ninguém brigando, aceitando provocação. e é isso que nós temos que fazer nos próximos três meses. vamos encher as ruas, conversar com as pessoas. nós não precisamos brigar, a nossa arma é a tranquilidade, o amor e a sede que temos de melhorar a vida do povo brasileiro.",0,1,0
28536,2019-12-26 15:10:44 utc,soraya thronicke,vamos todos seguir? a nossa união contra a doutrinação nas escolas é muito importante. há anos @miguel_nagib e alguns voluntários carregam este piano praticamente sozinhos!,0,0,0
23711,2022-05-27 12:34:02 utc,vera lucia,@olivierirwin vergonha deveriam ter os policiais que fizeram o que fizeram!,0,0,0
12579,2021-06-25 22:33:09 utc,ciro gomes,"este servidor resistiu à pressão de seus superiores a quem deu os nomes. gente da ativa do exército brasileiro que está hoje no palácio do planalto depois da demissão do general da ativa pazuello, sob cuja responsabilidade esta enorme falcatrua aconteceu. <u+0001f447>",0,0,0
17872,2020-09-02 18:42:30 utc,simone tebet,"concordo com as palavras do pr: não se pode tirar dos pobres para dar aos paupérrimos. a justiça social não se faz dividindo a pobreza. nas reformas administrativa e tributária, não se promoverá o desenvolvimento do país sacrificando a classe média com criação de mais impostos.",0,0,0
23728,2022-05-09 18:33:16 utc,vera lucia,@china_comunista <u+0001f60d>,0,0,0
2700,2020-05-30 21:05:44 utc,jairbolsonaro,"11. jornais também destacaram na suas capas o manifesto dos procuradores da república, com a assinatura de 590 de 1.150 integrantes do mpf, para a adoção da lista tríplice para a nomeação do chefe da instituição.",0,0,0
12693,2021-05-19 14:41:00,ciro gomes,"pazuello acertou com o butantan para comprar vacinas e, no dia seguinte, bolsonaro disse que ""o dinheiro dele"" não iria pagar essas doses. a #cpidacovid vai ajudar o povo a entender tudo o que aconteceu para chegarmos a quase 440 mil mortos por um vírus que já existe vacina!",1,0,0
24112,2021-09-03 02:37:21 utc,vera lucia,"bolsonaro vetou parte da lei de quebra de patentes, justamente os dispositivos que obrigavam donos de patentes a transferirem know-how e a fornecer os insumos de medicamentos e vacinas. esse veto explícita o grau de entreguismo e as verdadeiras preocupações deste governo...",0,0,0
14493,2020-07-16 14:16:25 utc,ciro gomes,@julianabrizola <u+0001f44f><u+0001f44f><u+0001f44f><u+2764><u+fe0f>,0,0,0
4434,2018-12-09 13:19:00,jairbolsonaro,"as eleições de 2018 representam uma resposta aos estragos que esse projeto de poder causou em todos os lugares, em especial na venezuela. nosso país deixará de ser a galinha dos ovos de ouro e voltará a colocar os interesses e valores dos brasileiros no topo.",0,1,0
13116,2021-02-09 19:36:48 utc,ciro gomes,"atenção! médio, pequeno e microempresário! vão vender a nossa economia. lute contra a entrega do banco central!",0,0,0
2862,2020-04-21 22:22:26 utc,jairbolsonaro,@astro_pontes @cnnbrasil @ufmg @parque_bhtec @secomvc @govbr @mctic <u+0001f1e7><u+0001f1f7><u+0001f44d>,0,0,0
30131,2019-02-03 11:43:29 utc,soraya thronicke,"@junior_vaz não foi vergonha alguma viajar para a china, pois não cometi nenhum crime lá. trabalhei pelo brasil e pelo meu estado, cujo maior importador é este país. sou uma pessoa correta e responsável, infelizmente pessoas caíram na falácia mal-intencionada.",0,0,0
5244,2022-12-16 20:08:54 utc,lulaoficial,boa sorte <u+0001f995> e equipe. muito trabalho pela frente!,0,0,0
7210,2022-05-11 11:44:17 utc,lulaoficial,"minha mãe, dona lindú, sempre me dizia para não desistir, para seguir teimando. por isso não temos o direito de desanimar. nós vamos recuperar esse país. bom dia!",0,0,0
973,2022-05-12 18:44:31 utc,jairbolsonaro,@faveladoinvest - forte abraço! <u+0001f44d>,0,0,0
12388,2021-09-10 16:09:49 utc,ciro gomes,me coloquei à disposição para qualquer debate no sentido de proteger a democracia brasileira e que tenha mediação da união dos estudantes. esse é o caminho para restaurarmos a capacidade da política brasileira de devolver o nosso país ao caminho da paz e do progresso.,0,0,0
426,2022-08-25 18:54:44 utc,jairbolsonaro,"- respeitar a democracia é muito diferente de assinar uma cartinha. honrar a constituição, em especial direitos e garantias fundamentais, é o que diferencia democratas de demagogos.",1,0,0
11456,2022-05-06 17:12:48 utc,ciro gomes,"lamento muito o falecimento do ex-deputado estadual e presidente da assembleia legislativa do ceará, júlio rêgo. homem público exemplar e médico dedicado, deu a vida inteira à causa do povo de tauá, dos inhamuns e do ceará. perdi um amigo muito querido.",0,0,0
3861,2019-05-24 13:40:58 utc,jairbolsonaro,@luisduda2 <u+0001f44d>,0,0,0
14554,2020-07-14 17:38:12 utc,ciro gomes,"@santsamis enquanto não podemos ir às ruas, vamos usando a internet para trabalhar pelo brasil. <u+270a> #equipecirogomes",0,0,0
16738,2022-10-30 22:30:10 utc,simone tebet,"parabéns @jeronimoba13! que tenha muito sucesso em sua gestão e possa fazer o melhor pelo povo baiano, com desenvolvimento econômico e social. a bahia fez uma linda festa pela democracia neste domingo.",0,0,0
11335,2022-05-31 15:33:49 utc,ciro gomes,é absolutamente imperativo que o brasil não destrua as alternativas do debate.,0,0,0
4219,2019-02-16 10:06:45,jairbolsonaro,"na próxima terça-feira apresentaremos projeto de lei anticrime ao congresso. elaborado pelo ministro sérgio moro o mesmo visa endurecer as penas contra assassinos, líderes de gangues e corruptos.",1,0,0
2973,2020-03-25 18:33:04 utc,jairbolsonaro,"por outro lado, chega ao brasil o teste de imunocromatografia (igg/igm), no qual o cidadão fica sabendo se já foi contaminado e curado. esses imunizados poderiam circular livremente com mais tranquilidade, como, por exemplo, profissionais de saúde, segurança, transporte e etc...",0,0,0
4641,2018-10-12 14:50:01,jairbolsonaro,vamos combater o crime organizado e trabalhar para impedir que presos continuem controlando seus empregados de dentro dos presídios!,0,0,0
1242,2022-03-14 12:28:06 utc,jairbolsonaro,"números de transações com pix:

nov/2021 - 1,24 bilhões
dez/2021 - 1,46 bilhões
jan/2022 - 1,30 bilhões

- com o pix as pessoas vão economizar com os bancos, aproximadamente, r$ 20 bilhões no corrente ano.",0,0,0
26404,2013-09-17 12:18:35,vera lucia,inspetores da onu apontam uso de sarin em ataque contra civis na síria. a classe trabalhadora e os povos do mundo... http://t.co/8a9aizqjph,0,1,0
5705,2022-10-21 20:02:41,lulaoficial,bolsonaro criou o hábito de mentir. ele acha que é normal. alguém que é assim não pode ser sério.,0,0,0
2909,2020-04-02 19:11:10 utc,jairbolsonaro,@carlosbolsonaro <u+0001f44d>,0,0,0
27987,2021-10-13 02:45:05 utc,soraya thronicke,"@heliotelho @deltanmd eu votei não!

fui eleita defendendo a bandeira anticorrupção, e estou indignada com a dormência social. que pesadelo é esse q estamos vivendo?",0,0,0
27210,2022-10-18 01:12:20 utc,soraya thronicke,@atwellfilms @capitaocontar pronto! agora não vale mais faltar! compromisso feito! <u+0001f64f><u+0001f3fc><u+0001f64f><u+0001f3fc><u+0001f64f><u+0001f3fc>,0,0,0
28799,2019-10-11 00:28:19 utc,soraya thronicke,@iracema08423887 @jairbolsonaro @rodrigomaia já tem projeto em andamento. concordo contigo!,0,0,0
7036,2022-06-16 00:25:56 utc,lulaoficial,acabei de saber que possivelmente a polícia federal encontrou os corpos do dom philips e do bruno. é muito triste. pessoas mortas por defender terras indígenas e nosso meio ambiente. o brasil não pode ser isso.,0,0,0
29509,2019-06-06 10:48:07 utc,soraya thronicke,"@terezacrisms parabéns, ministra! precisamos muito divulgar isso internacionalmente. mancharam a nossa imagem mundo afora.",0,0,0
12369,2021-09-14 23:44:31 utc,ciro gomes,"""o impeachment de bolsonaro é uma necessidade. nós estamos vivendo o pior exemplo do exercício da direita no mundo. nós temos um presidente vazio de ideias, que se demonstrou ser inapto e incompetente"". @lucianasantos na #cirogames",0,0,0
16144,2022-08-25 21:52:19 utc,leonardo pericles,"essa semana completa 10 anos que realizamos a ocupaçãoo eliana silva, onde moro. confiram o material feito pelo @mlbnacional. 

viva a ocupação eliana silva!
viva o mlb!",0,0,0
28381,2020-05-10 15:45:53 utc,soraya thronicke,"retificando o e-mail:

sen.sorayathronicke@senado.leg.br",0,0,0
22906,2021-01-20 12:08:02 utc,sofia manzano,@thicico e  a @miriamleitao já falou em #impeachmentbolsonaro. vamos continuar a mobilização.,0,0,0
22686,2021-03-21 01:30:40 utc,sofia manzano,tem dia que eu torço para o  asteróide chocar com a terra.,0,0,0
23185,2020-06-24 12:57:52 utc,sofia manzano,"balzac, por exemplo, apoiava as causas políticas mais reacionárias de sua época, ao mesmo tempo em que produzia uma obra literária importante.",0,0,0
11046,2022-07-24 22:13:41 utc,ciro gomes,difícil saber o que é mais vergonhoso e mais perigoso. a repetição de ataques raivosos às instituições ou a ação silenciosa de gastar perto de r$ 1 milhão em um dia em comerciais para a convenção do pl.,1,0,0
11196,2022-06-24 20:36:58,ciro gomes,"a gravação do telefonema do ex-ministro à filha, quando diz, sem rodeios, que fora informado pelo presidente da operação contra ele, é a prova mais contundente de um crime desta espécie já praticado por um presidente. este crime clama justiça!",0,0,0
17308,2022-06-20 19:25:27 utc,simone tebet,"enfrentei o orçamento secreto. ele também é uma forma de ferir a democracia, porque ele tira a oportunidade dos novos jovens trabalhadores e servidores que querem entrar na vida pública de competirem em pé de igualdade.+",0,0,0
6900,2022-07-06 22:10:09 utc,lulaoficial,"tem político que esconde para que time torce. sou corinthians, cruzeiro em minas e no rio de janeiro eu sou torcedor do vasco da gama, por causa do bellini e do time de 1957.",0,0,0
11437,2022-05-12 10:29:10 utc,ciro gomes,"o desgoverno bolsonaro, mais que piada, é tragédia pronta e permanente. quando se pensa que não pode piorar, ele dobra a aposta. primeiro ato do novo ministro das minas e energia: pedir estudo para privatizar a petrobras e o pré-sal! #opetróleoénosso ()",0,0,0
29910,2019-03-27 03:17:10 utc,soraya thronicke,"eleitores devem reclamar com seussenadores.não reclamem pra mim,estou fazendo minha parte.a cpi não saiu pq alguém votou errado; pode ter sido você.o resultado da cpi é o resultado das urnas.quem errou deve vestir a carapuça e ponto. estamos carregando o piano sozinhos, injusto.",0,0,0
9656,2018-11-30 21:43:00,lulaoficial,"as mesmas pessoas que elegeram bolsonaro vão julgá-lo todos os dias, pelas promessas que não vai cumprir e pelo que vai acontecer em nosso país. temos de estar preparados para continuar construindo, junto com o povo, as verdadeiras soluções para o brasil.",0,0,0
17229,2022-07-08 15:35:59 utc,simone tebet,"os recentes cortes nas áreas de ciência e educação provocaram a interrupção de projetos, migração de mais de 2 mil cientistas para o exterior, esvaziamento das universidades, seus laboratórios e grupos de pesquisa, além de um grande atraso para o desenvolvimento do brasil. +",0,0,0
20951,2022-09-28 00:43:12 utc,sofia manzano,"assista ao vídeo de apoio do camarada mauro iasi a nossa candidatura!
#vote21",0,0,0
9216,2020-03-03 21:01:16 utc,lulaoficial,"eu achava que as pessoas ficariam felizes de ver uma menina pobre chegando à universidade. mas a sociedade, infelizmente, fomenta preconceito. e eu tenho certeza que foi por isso que deram o impeachment na @dilmabr.",0,0,0
17820,2021-01-18 23:42:16 utc,simone tebet,@edsonmarreco @atentopapagaio @senadorkajuru assessoria: não há nenhum processo contra a senadora simone tebet.,0,0,0
29713,2019-05-01 16:20:33 utc,soraya thronicke,"@janemacieljane não no que depender do psl, isso eu posso te garantir. dos outros partidos não posso falar, apenas cobrar. nos ajudem pressionando.",0,0,0
19744,2022-03-10 15:37:49 utc,felipe davila,"se tivesse sido diferente, hoje, o brasil sofreria muito menos com as sanções acertadamente impostas à rússia.

o etanol seria uma alternativa caseira para amenizar a alta do barril de petróleo..

e melhor: uma solução sustentável.

não podemos mais eleger amadores.",0,0,0
6014,2022-10-04 19:49:10 utc,lulaoficial,"aprendi muito com o dom cláudio hummes. e ele aprendeu muito com os trabalhadores do abc. quando ele chegou no abc, era um grande intelectual da igreja, e ele aprendeu a lidar com a ansiedade dos metalúrgicos. a acolher os trabalhadores.",0,0,0
8938,2020-07-01 23:02:04 utc,lulaoficial,o povo trabalhador está perdendo no século 21 tudo que conquistou no século 20. a greve dos entregadores prova isso. eles passam fome entregando comida... um pneu fura e você é bloqueado do aplicativo?! isso é escravidão moderna. não tem nenhuma seguridade social. nada.,0,1,0
24018,2021-10-21 22:52:43 utc,vera lucia,#forapauloguedes,0,0,0
21326,2022-08-22 00:16:40 utc,sofia manzano,@horopito23 @coimbrasousa por isso #vote21,0,0,0
3434,2019-10-20 16:36:16 utc,jairbolsonaro,"10- o @mdregional_br entregou, mais 2.287 moradias do minha casa minha vida em porto velho (ro). as residências podem acolher mais de 9000 pessoas, à famílias de menor renda. foram destinados r$149mi a rondônia neste ano. os empreendimentos geram 10 mil empregos na região.",0,0,0
12486,2021-08-19 00:08:18 utc,ciro gomes,"obrigado, suplicy. estamos juntos naquilo de mais profundo que interessa ao brasil.",0,0,0
29720,2019-04-30 15:13:13,soraya thronicke,a força do povo nas ruas libertará o povo venezuelano. que deus abençoe.,0,1,0
28705,2019-10-23 12:12:57 utc,soraya thronicke,"@elisribeiroarau @jairbolsonaro escute meu discurso inteiro, de 12 minutos, para entender. culpe o dem e a liderança do governo, e não caia em fakenews. no início desta fala, que foi editada, eu explico. vc está muito enganada.",0,0,0
16801,2022-09-30 03:48:46 utc,simone tebet,"sou mãe e professora. fiz um juramento que, se eleita, o filho do pobre terá a mesma qualidade de educação que o filho do rico. eu vou mudar essa realidade.",0,0,0
29091,2019-08-18 22:17:22 utc,soraya thronicke,"enquanto a tacanha grande mídia critica o pr @jairbolsonaro por frases soltas, outros veículos permitem que mostremos a verdade do nosso governo. 

#somostodosmichelle",1,0,0
20753,2022-10-22 23:08:26,sofia manzano,"é o seu salário 
seu 13° salário 
férias 
feriados católicos 
fgts 
salário família 
é o sus 
é a casa própria tomada pelos bancos 
é a privatização de tudo, até da faixa da praia.
é a aposentadoria 
é o dinheiro da merenda e dos remédios 

vamos virar votos dos trabalhadores.",0,0,0
7061,2022-06-11 12:49:32 utc,lulaoficial,"é dizer adeus a programas como o luz para todos, responsável por trazer para o século 21 cerca de 16 milhões de brasileiros que antes viviam na escuridão, sem acesso sequer a um copo de água gelada.",0,0,0
6884,2022-07-09 16:12:58 utc,lulaoficial,"nós precisamos ter escolas em tempo integral, com mais atividade extra, mais esporte. quem sabe se tiver mais esporte nas escolas, em 15 anos o corinthians tem um time melhor.",0,0,0
9214,2020-03-03 21:11:03 utc,lulaoficial,nós precisamos apostar que é possível recuperar o humanismo e a solidariedade. não temos o direito de aceitar sermos apenas um algoritmo. nosso coração precisa falar mais alto do que uma mentira na internet.,0,0,0
24224,2021-07-26 17:08:04,vera lucia,"nem bala, nem fome, nem covid!

abaixo a repressão! contra as ameaças de golpes, precisamos de organização

pelo direito de organização dos cabos e soldados lutarem ao lado do povo.

precisamos organizar a nossa defesa nas manifestações e nos bairros contra a repressão do estado.",0,0,0
742,2022-06-17 08:50:38 utc,jairbolsonaro,". estatais voltaram a registrar lucro depois de anos de prejuízos;

. mais de 5.400 decretos inúteis ou obsoletos refolhados desde 2019;

- contratações técnicas, combate ao inchaço estatal e desmonte da corrupção possibilitaram mais recursos para entregas de obras atrasadas.",1,0,0
21401,2022-08-10 07:22:09,sofia manzano,"a aliança da maior destruição do estado (alckmin). com a maior enganação para a classe trabalhadora. 
vai reduzir a jornada de trabalho para 30h semanais sem redução salarial???????",0,1,0
23954,2022-01-19 14:09:54 utc,vera lucia,"importante o protesto e ameaça de greve que aconteceu ontem, dos servidores federais, contra essa história de dar aumento só para policiais. o salário de todos os servidores está defasado!

tem dinheiro para emenda parlamentar, mas não para manter o poder de compra do servidor?",0,0,0
14506,2020-07-15 21:46:12 utc,ciro gomes,"@vana_fn @guilherme_amado @revistaepoca <u+0001f44f><u+0001f44f><u+0001f44f> vamos ajudar a compartilhar, turma boa!",0,0,0
17701,2021-07-02 13:59:25 utc,simone tebet,@mariexpresso obrigada. <u+0001f618>,0,0,0
26821,2022-12-06 08:49:50 utc,soraya thronicke,@julianlemosopb1 que situação mais triste!,0,0,0
13818,2020-09-29 16:47:30 utc,ciro gomes,"porque imaginar que nós vamos pagar o modo de vida moderno do povo brasileiro com soja, milho, frango e boi é um equivoco grosseiro. #cironopanico",0,0,0
28335,2020-06-06 12:57:16 utc,soraya thronicke,"então, caro presidente do partido mais prestigiado do gov @jairbolsonar, sr @acmneto_, comece entregando os cargos que vcs receberam brasil afora desde janeiro/2019 e externem esse desapego e essa fidelidade ao povo brasileiro lá no congresso nacional.",0,0,0
13528,2020-11-07 01:29:03 utc,ciro gomes,obrigado por tudo! amo você<u+2764><u+fe0f>,0,0,0
29707,2019-05-01 19:51:14 utc,soraya thronicke,"o psl, partido que nos acolheu, está  cada vez mais forte e unido. não cairemos na vala comum jamais. tem gente desalinhada? sempre tem. mas onde tem gente é assim mesmo, a seleção será natural. estamos arrumando a casa para a colheita de 2020. vem com a gente! filie-se!",0,0,0
14956,2020-05-11 16:37:35 utc,ciro gomes,"(...) e eduardo cunha à presidência da câmara... vai com calma, meu querido e brilhante militante das boas causas, não é nada fácil pra eles. e como não têm argumento, dão-se aos ataques rasteiros e incoerentes . sei bem como é... <u+0001f602>",0,0,0
19841,2022-02-18 17:58:06 utc,felipe davila,"""é um absurdo que parte da classe empresarial já esteja bajulando o lula. isso é um desrespeito aos nossos filhos e netos.

não podemos acreditar que os populistas que nos colocaram nessa situação vão nos tirar dela.""

#debatelide",1,0,0
3166,2020-02-06 09:54:27 utc,jairbolsonaro,7- os dados mais recentes mostram que todos os índices de criminalidade caíram no brasil. destaque para a queda de mais de 21% dos homicídios. quase 10 mil vidas salvas das mãos de assassinos.,0,0,0
11459,2022-05-06 15:40:55 utc,ciro gomes,"bolsonaro, que acabou de trocar o presidente da petrobras, reagiu com o teatro cínico e demagógico de sempre. chamou o lucro de estupro, mas não disse uma palavra sobre mudar a política de preços da empresa. é um covarde mesmo. (...)",0,0,0
3917,2019-05-08 18:00:38 utc,jairbolsonaro,"importante ressaltar que o investimento será totalmente de iniciativa privada, com custo zero para os cofres públicos. boa tarde a todos!",0,0,0
7069,2022-06-09 15:20:09 utc,lulaoficial,"a crise no preço dos combustíveis não se resolve atacando direitos dos que mais precisam. precisamos de um planejamento setorial consistente, para entregar uma boa infraestrutura e controle da inflação na economia.",0,0,0
8420,2021-04-08 14:58:37 utc,lulaoficial,"eu não acho que o bolsonaro tem que saber de tudo. mas também não gosto de ver que ele não sabe nada. tem que saber no mínimo alguma coisa. um presidente é igual um maestro: não precisa saber tocar todos os instrumentos, basta entender de música. #lulanodcm",0,0,0
18991,2022-11-14 20:47:54 utc,felipe davila,"a irresponsabilidade fiscal irá produzir um cenário de caos nas contas públicas, insegurança de investidores e a inflação. esta última, que corrói o poder de compra dos brasileiros.
não é possível olhar para o social sem ter equilíbrio das contas e, sim, eles sabem disso. (6/8)",0,0,0
2616,2020-06-12 18:18:40 utc,jairbolsonaro,@secomvc <u+0001f1e7><u+0001f1f7>,0,0,0
23181,2020-07-01 12:20:07 utc,sofia manzano,uma categoria de trabalhadores que não tem um nome. a precarização não tem limites. #brequedosapps #brequedosapp,0,0,0
17662,2021-07-16 12:51:35 utc,simone tebet,@adrianaberetta1 <u+0001f64c>,0,0,0
16226,2022-04-15 00:15:18 utc,leonardo pericles,"por isso, é importante a sequência das mobilizações da articulação @povonaruabr que retomamos neste mês. seguiremos mobilizados!

nem mais um dia, nem mais um minuto, é fora bolsonaro e militares, já!   

#unidadepopular #socialismo #poderpopular #leonardopericles #forabolsonaro",0,0,0
19558,2022-06-13 20:18:20 utc,felipe davila,"participei do ciclo de debates com os pré-candidatos à presidência da república, promovido pela @acsp_oficial. oportunidade para conversar com empresários e falar dos projetos do novo na construção do brasil para o futuro. #novo #partidonovo #felipedavila #unicavia",0,0,0
627,2022-07-11 16:34:31 utc,jairbolsonaro,- será que o segredo para ganhar sua simpatia é aplaudir ataques violentos a opositores ao invés de rejeitar esse tipo de apoio como fiz? há 2 dias seu candidato literalmente agradeceu e elogiou um vereador do pt pela tentativa de homicídio de um opositor e você não falou nada...,1,0,0
16204,2022-05-25 00:55:22 utc,leonardo pericles,"22 mortos em + uma operação contra o povo negro e pobre na vila cruzeiro, no rj. 
uma operação da polícia que começou as 4h da manhã e durou mais de 12 horas.
22 vidas, 22 famílias, 22 seres humanos em nome de que?
até quando? 
#vidasnegrasimportam
#desmilitarizaçãojá",0,0,0
29163,2019-07-30 03:27:03 utc,soraya thronicke,@evimar09 @tar_guccisimo obrigada! <u+0001f631>,0,0,0
6922,2022-07-02 17:30:31 utc,lulaoficial,"para defender a amazônia, precisamos dizer que não haverá garimpo em terras indígenas. a amazônia é patrimônio da humanidade, mas pertence aos brasileiros que tiram dela o seu sustento, com respeito à extraordinária biodiversidade da floresta.",0,0,0
22471,2021-06-18 03:08:34 utc,sofia manzano,"@zoeymeira não é o apocalipse. porque ele não existe. é só um período de transição. 
isso já se passeou na história da humanidade. 
pode confiar.",0,0,0
3094,2020-03-02 13:06:25 utc,jairbolsonaro,não somos psiquiatras! parabenizo o ministro moro e envolvidos!,0,0,0
3355,2019-11-05 15:58:08 utc,jairbolsonaro,"300 dias de governo

- queda recorde de homicídios
- redução de estupros
- recorde de apreensão de drogas
- 761 mil empregos formais
- bolsa em máxima histórica
- juros em mínima histórica de 5%
- acordos históricos
- redução do estado

juntos, estamos mudando o futuro do brasil!",0,0,0
11887,2022-01-24 11:00:13 utc,ciro gomes,"#fuirebeldequando construi em apenas 90 dias, contrariando todos os prognósticos, o canal do trabalhador que salvou fortaleza e sua região metropolitana de sofrer um colapso no abastecimento de água.",0,0,0
2262,2020-10-11 16:25:47 utc,jairbolsonaro,"@terezacrisms @govbr <u+0001f91d><u+0001f1e7><u+0001f1f7>, ministra!",0,0,0
3583,2019-09-02 10:03:20 utc,jairbolsonaro,"pegamos o brasil destruído e aos poucos vamos ressurgindo. após a mp do pente-fino, o tcu apontou fraudes em benefícios na casa dos r$2,25bi. a aplicação gradual para quem realmente precisa vem junto, como o 13 para o bolsa-família, somente com combate destas irregularidades.",0,0,0
12202,2021-11-02 22:43:50 utc,ciro gomes,"hoje a #cirogames vai ser praticamente toda dedicada às questões que envolvem a política de preços da petrobras e os interesses que se escondem por trás desses aumentos sucessivos do #precodoscombustiveis diesel, da gasolina e do gás de cozinha.",0,0,0
4293,2019-01-24 16:28:19 utc,jairbolsonaro,e ainda dizem que o foro nunca existiu....,0,0,0
2347,2020-09-16 19:08:52 utc,jairbolsonaro,"@tarcisiogdf @dnitoficial um abraço, ministro!",0,0,0
29004,2019-09-04 00:55:00 utc,soraya thronicke,@annaguilberto @davialcolumbre @jairbolsonaro @telmariomotarr @vanderlan_vc @eduardogomesto @anastasia @sen_wellington @sen_oriovisto @angelocoronel_ eu também quero!,0,0,0
20481,2021-02-11 12:52:26 utc,felipe davila,"o stf votou ontem contra a lei do esquecimento. ainda bem! num país onde ignoramos o passado e continuamos a eleger populistas, o brasil precisa de muita memória. aliás, você se lembra em quem votou para deputado ou vereador?",1,0,0
1994,2021-03-29 22:06:30 utc,jairbolsonaro," casa civil da presidência da república: general luiz eduardo ramos baptista pereira;

 ministério da justiça e segurança púbica: delegado da polícia federal anderson gustavo torres;",0,0,0
11978,2022-01-03 12:00:17,ciro gomes,"é simplesmente impossível produzir novos resultados fazendo as mesmas coisas de sempre! é preciso que governo, trabalhadores, empresários, cientistas e pensadores se unam em torno de um novo projeto nacional de desenvolvimento para tirar o país do atoleiro.",0,0,0
13905,2020-09-12 15:19:21 utc,ciro gomes,@souzaneyton tamo junto! #convencaopdt12,0,0,0
14878,2020-05-28 19:22:43 utc,ciro gomes,"é uma obrigação nossa ter esperança, mas não porque ela vai cair do céu, e sim porque vamos construí-la. ciro gomes

no programa mais opinião, da @fundacaobrizola.",0,0,0
17574,2021-09-09 13:13:40 utc,simone tebet,@antonio87379393 a denúncia do ministério público federal foi rejeitada pelo trf3 (tribunal regional federal da 3ª região) em fevereiro de 2019. não difunda desinformação.,0,0,0
27156,2022-10-21 23:55:14 utc,soraya thronicke,@marisoaresrb @betoisxx essa sou eu! papo reto!,0,0,0
5019,2023-01-22 11:26:28,lulaoficial,"além do descaso e do abandono por parte do governo anterior, a principal causa do genocídio é a invasão de 20 mil garimpeiros ilegais, cuja presença foi incentivada pelo ex-presidente. os garimpeiros envenenam os rios com mercúrio, causando destruição e morte.",0,0,0
2359,2020-09-14 08:21:39 utc,jairbolsonaro,"- confesso, caso fosse deputado ou senador, por ocasião da análise do veto que deve ocorrer até outubro, votaria pela derrubada do mesmo.

- o art 53 da cf/88 diz que os deputados e senadores são invioláveis, civil e penalmente, por quaisquer de suas opiniões, palavras e votos.",0,0,0
21226,2022-08-31 15:18:39 utc,sofia manzano,"<u+0001f9d1><u+0001f3fc><u+200d><u+0001f3eb>destinação da maioria das vagas das universidades públicas para estudantes de escolas públicas, principalmente os de baixa renda. 
#sofiamanzano21
#vote21",0,0,0
9365,2019-11-20 15:22:21 utc,lulaoficial,"se você tem críticas pra fazer ao pt, faça. mas se eu ficar toda hora fazendo autocrítica, aí nem precisamos de oposição. eles sabem dos nossos erros, mas também sabem que fomos quem mais fez pelo brasil.",0,0,0
15106,2019-11-18 17:29:38 utc,ciro gomes,"já estou a caminho de cajazeiras (pb). logo mais, às 19h, participarei do congresso internacional interdisciplinar na faculdade são francisco. participe!",0,0,0
2066,2021-01-27 12:43:52 utc,jairbolsonaro,"@avozdobrasil @minsaude . ações diárias do @govbr nesta linha de ação, siga as redes sociais: @secomvc @fab_oficial @defesagovbr @rogeriosmarinho @ebserh @policiafederal @minfraestrutura @tvbrasilgov @prfbrasil @dnitoficial @exercitooficial @minsaude @cguonline @mincidadania @mdhbrasil ...",0,0,0
4060,2019-03-31 10:22:14 utc,jairbolsonaro,"ao renovar as concessões de trechos rodoviários, revisaremos todos os contratos de radares verificando a real necessidade de sua existência para que não sobrem dúvidas do enriquecimento de poucos em detrimento da paz do motorista.",0,0,0
27290,2022-10-14 00:52:36 utc,soraya thronicke,"@agrotoxicas @majorolimpio ai, vivi, vamos juntas, amore! só preciso de um momento sabático! silêncio, pleaseeee!",0,0,0
20860,2022-10-01 14:58:29 utc,sofia manzano,"pela redução da jornada de trabalho para 30 horas semanais sem redução de salário!
#vote21",0,0,0
2802,2020-05-06 09:46:14 utc,jairbolsonaro,"5.2- recursos para projeto de integração do rio são francisco, o maior empreendimento hídrico do país. até o momento, foram empenhados r$ 271,5 mi e pagos r$ 184 mi. perfurações de poços, redutos de dessanilização e ampliação de polos de irrigação também são parte das ações.",0,0,0
23400,2022-09-30 02:59:10 utc,vera lucia,"soraya thronicke é candidata pelo união brasil partido resultado da fusão do dem com o psl! esses aí estavam com bolsonaro até ontem. tem muita culpa no cartório pelo governo atual do genocida e corrupto.

#debatenaglobo",1,0,0
11490,2022-05-01 10:20:05 utc,ciro gomes,"o tamanho, a profundidade e renitência da crise, que já dura mais de uma década, não serão resolvidos com mais do mesmo. é preciso um projeto profundo de mudança política, econômica e moral.",0,0,0
19943,2022-01-04 15:59:47 utc,felipe davila,"@requintanilha30 eu que agradeço renato, abraços!",0,0,0
4142,2019-03-11 11:19:33 utc,jairbolsonaro,"não se refaz da noite para o dia algo tão grande, mas um ponto de partida já existe e estamos fazendo nossa difícil parte. desejamos que outras gerações se organizem e levem adiante esta sementinha que foi plantada por muitos.",0,0,0
23961,2022-01-11 22:05:32,vera lucia,"a ação direta dos trabalhadores, que deu origem ao movimento, continuou com manifestações em muitas outras cidades. na noite de 4-5, houve confrontos severos com as forças da repressão.
a partir do dia 5, grandes manifestações se espalharam por todo o país.",0,0,0
27438,2022-09-09 16:16:26 utc,soraya thronicke,"tiveram cortes no orçamento da segurança pública.
temos que tirar a política da polícia federal.
#votesoraya44 #sorayapresidente #soraya44 #vote44 #uniãobrasil #grupoliberal",0,0,0
3187,2020-02-02 20:43:46 utc,jairbolsonaro,"2. - porque os governadores cobram, em média 30% de icms, sobre o valor médio cobrado nas bombas dos postos e atualizam apenas de 15 em 15 dias, prejudicando o consumidor.",0,0,0
20290,2021-05-23 00:40:42 utc,felipe davila,@francoi28819942 @kennedy_school @clp_brasil @soracy @estadao @harvard valeu!,0,0,0
6205,2022-09-24 15:15:08 utc,lulaoficial,"cadê a saúde na periferia? a educação, o lazer, a cultura? água e coleta de esgoto? o povo pobre vai sendo empurrado pra longe do centro. com o @haddad_fernando governador, vamos discutir melhorias para as periferias de são paulo.",0,1,0
12903,2021-03-27 00:27:30,ciro gomes,"3.650 vidas perdidas.
congresso brasileiro, cumpra seu papel na defesa do povo brasileiro! afaste o responsável por essa tragédia da presidência do brasil!",0,1,0
3416,2019-10-22 20:32:09 utc,jairbolsonaro,"em 8 meses, quase 8 mil assassinatos a menos em relação ao mesmo período de 2018. quase 8 mil vidas salvas. queda de 22%, caminhando para a maior em décadas. resultados do choque moral após nossa chegada e da segurança pública feita com inteligência e eficiência pelo @sf_moro.",0,0,0
25168,2015-07-30 13:02:04,vera lucia,,0,1,0
1065,2022-04-29 10:32:09 utc,jairbolsonaro,"- mais apreensões em diferentes regiões do país.

. em poconé (mt), foram encontrados 177kg de pasta base.

. em torres (rs): foram 12kg de cloridrato e 38kg de crack;

. em altamira (pa): 23kg de pasta base de cocaína;",0,0,0
19457,2022-07-18 20:14:42 utc,felipe davila,"bolsonaro deve ser o único presidente na história que contestou a validade da eleição que ele mesmo venceu. e continua insistindo em desacreditar o sistema que já o elegeu 6 vezes, e seus familiares outras 13 vezes.

ironicamente, hoje ele disse não querer instabilidade no país.",0,0,0
935,2022-05-20 11:11:58 utc,jairbolsonaro,"- radar anticorrupção:

. 930 análises de integridade;

. 725 denuncias apuradas nos últimos 3 anos;

. 17 acordos de leniência celebrados;

. 25 negociações em andamento;

. r$15,45 bilhões de valores acordados;

. r$ 6,08 bilhões de valores já pagos.

@secomvc @govbr",0,0,0
29807,2019-04-16 01:13:15 utc,soraya thronicke,"@mark_oficiall terão de apurar a autoria do crime, e também reconstituir os autos, e marcelo odebrecht faz a delação novamente. graças a deus ele está vivo para continuar contando essa história.",0,0,0
13772,2020-10-09 22:22:57 utc,ciro gomes,"a roubalheira neste governo é de braçada! durante a pandemia, a eletrobras vendeu por r$ 500 milhões uma usina eólica que custou r$ 3,1 bilhões. considerado o maior complexo eólico da américa latina, a usina de campos neutrais teve, em 2017, lucro líquido de r$ 345 milhões.",1,0,0
1146,2022-04-10 11:24:32 utc,jairbolsonaro,"- fortemente abalados durante a pandemia, muito em função dos inconsequentes ""fecha-tudo"" e ""a economia a gente vê depois"", os setores de cultura e turismo contam com o auxílio do @govbr para manter empregos, retomar as atividades e aquecer a economia do país. @culturagovbr",0,0,0
7440,2022-04-04 13:28:13 utc,lulaoficial,"minha solidariedade à jornalista miriam leitão, vítima de ataques daqueles que defendem o indefensável: as torturas e os assassinatos praticados pela ditadura. seres humanos não precisam concordar entre si, mas comemorar o sofrimento alheio é perder de vez a humanidade.",0,0,0
16572,2020-01-17 13:36:04 utc,leonardo pericles,"um secretário nacional de cultura nazi-fascista. este é o governo bolsonaro. 
querem destruir a cultura comprometida com a igualdade e a democracia. a constituição foi rasgada mais uma vez. pela punição aos que fazem apologia ao nazismo!",1,0,0
721,2022-06-24 04:06:10 utc,jairbolsonaro,"- se existe a chance de preservar duas vidas inocentes, por que não defendê-las? a felicidade de uma depende da morte da outra. por que quem defende as duas vidas é pior do que quem defende apenas uma? estranha essa dificuldade para quem defende facilmente a vida de bandidos.",0,0,0
812,2022-06-07 09:46:05 utc,jairbolsonaro,".66,3% de todo o território brasileiro são conservados.

.muitos países criticam o brasil mas não conservam nem 5% de seu território.

.nós conservamos 66,3%. e mais da metade disso é merito do agronegócio!

.33,2% do solo brasileiro são conservados por produtores rurais.",0,0,0
19580,2022-05-12 14:51:20 utc,felipe davila,estive na abertura do sindimais 2022 para falar do projeto de brasil que o novo defende e sobre como as relações trabalhistas contribuem com o aumento da produtividade no brasil. agradeço aos organizadores pelo convite. #novo #partidonovo #felipedavila  #sindimais,0,0,0
7357,2022-04-22 11:16:06 utc,lulaoficial,"como é possível falar em soberania em um país que tem 19 milhões de pessoas passando fome? nosso povo precisa de respeito, de carinho e de esperança. os brasileiros sabem que é possível fazer diferente e ter um país mais justo e mais feliz. bom dia.",0,1,0
5758,2022-10-19 14:35:21 utc,lulaoficial,"eu acho que os evangélicos prestam um trabalho excepcional nesse país. uma família quando sai de casa para ir pra igreja, não sai pra ouvir coisas políticas, ela vai para orar.",0,0,0
15061,2020-03-03 17:29:38 utc,ciro gomes,"(...) muito fácil fazer discurso de elegância de longe sem sentir o terror de uma comunidade feita de refém por boçais como bolsonaro, sua família de canalhas e seus capangas feito sérgio moro!",1,0,0
12775,2021-04-30 21:03:29 utc,ciro gomes,"turma, qual assunto não pode faltar na live do trabalhador que vai começar daqui a pouco?

 comente e dê rt usando a hashtag: #uniãopelobrasil",0,0,0
27080,2022-11-03 00:25:15 utc,soraya thronicke,"@caterinacitou @conectadosww ainda não, mas já assisti duas vezes in loco, na sapucaí! agora quero desfilar!",0,0,0
3511,2019-09-29 15:28:42 utc,jairbolsonaro,"15- a primeira empresa aérea estrangeira passa a operar no brasil com vôos internacionais. o primeiro passo para entrarem no mercado doméstico nacional. abrertura de concorrência, barateando o valor das passagens e ampliação da qualidade dos serviços;",0,0,0
16263,2022-02-09 13:43:37 utc,leonardo pericles,"@martaefontenele @up80br estamos trabalhando para buscar esses espaço, companheira! só avançamos!",0,0,0
1623,2021-10-13 16:39:14 utc,jairbolsonaro,"- além desses títulos definitivos, o governo do brasil já emitiu 3.404 contratos de concessão e uso (ccu) no estado desde 2019, somando 4022 documentos titulatórios em são paulo. 

- é a maior entrega de títulos desde 2000. @mapa_brasil",0,0,0
7117,2022-06-02 19:34:16 utc,lulaoficial,não vamos apenas recriar o ministério da cultura. vamos criar comitês culturais em todos os estados do brasil para que possamos democratizar o acesso à cultura.,0,0,0
5590,2022-10-25 23:18:45 utc,lulaoficial,"o auxílio brasil termina dia 31 de dezembro. para ele continuar, bolsonaro teria que ter colocado na ldo. ele não mandou. mais uma mentira de um cidadão que mente 8 vezes por dia. nós vamos voltar com o bolsa família de r$ 600 por família e r$ 150 por filho.",0,0,0
28100,2021-06-13 02:13:11 utc,soraya thronicke,"@juridic06903054 vcs, infiltrados, estão com os dias contados. não enganam mais ninguém!",0,0,0
5859,2022-10-13 16:17:40 utc,lulaoficial,"eles se esquecem do que o nordeste fez pelo brasil. quando eu assumi presidente, também assumi a tarefa de recuperar o orgulho nordestino. estava cansado de ver o nordeste aparecer na televisão por falta de educação e de segurança.",0,0,0
10914,2022-08-10 23:02:41 utc,ciro gomes,"@ggreenwald querido @davidmirandario, todos que te admiram estão unidos numa grande corrente de orações para que você possa superar este desafio de saúde e volte o mais breve possível ao convívio do seu marido @ggreenwald e seus filhos.",0,0,0
570,2022-07-26 10:09:21 utc,jairbolsonaro,"- teto do financiamento para o curso de medicina aumentou em mais de 20%, em 2022.
 
- os cursos da área receberam um implemento de 22,8% e passarão do atual valor, r$ 42.983,70, para r$ 52.805,66. o teto do financiamento dos demais cursos permanece no valor de r$ 42.983,70.",0,0,0
6157,2022-09-27 00:32:23 utc,lulaoficial,"eu casei dia 18 de maio. não precisava estar na política, podia estar namorado. mas deus me fez assim, e eu não posso aceitar que a fome voltou, aceitar que cortem verbas da merenda escolar. quero voltar para acabar com isso. #brasildaesperança",0,0,0
7560,2022-02-24 12:03:23 utc,lulaoficial,"esse país precisa eleger alguém democrático, que respeite as instituições, os direitos dos trabalhadores e dos indígenas. a consciência que cuidar do meio ambiente hoje é uma necessidade econômica do país, que não pode poluir o rio tapajós com mercúrio.",0,1,0
2990,2020-03-24 00:49:32 utc,jairbolsonaro,"- tive importantes reuniões com governadores do norte e nordeste. anunciamos mais de r$ 88 bilhões em medidas para apoiar estados e municípios no combate à covid-19 e outras medidas, mas alguns jornalistas insistem em falar de assuntos que alimentam intrigas, fofocas e pânico.",1,0,0
9369,2019-11-20 15:07:44 utc,lulaoficial,"meu papel é falar com o povo. e não me peçam paciência. nem com o bolsonaro, nem com o dallagnol, nem com o moro. eu tenho direito de brigar por justiça.",0,0,0
18037,2019-01-26 11:56:55 utc,simone tebet,"lamento que após 3 anos do desastre ambiental de mariana, outro ""mar de lama"" carregue vidas e deixe um rastro de vítimas e prejuízos ambientais, patrimoniais e emocionais.",0,0,0
16328,2022-01-19 01:31:40 utc,leonardo pericles,@figueirafaelrj tô sabendo!,0,0,0
22434,2021-07-27 01:53:22 utc,sofia manzano,viva cuba socialista.,0,0,0
8524,2021-03-09 02:05:51 utc,lulaoficial,@salgadinhomusic bora,0,0,0
15223,2019-06-10 14:30:50 utc,ciro gomes,"6- por essa razão, espero que as instituições brasileiras funcionem: conselho nacional de justiça, conselho nacional do ministério público, stf e congresso nacional, devem se debruçar sobre o assunto, investigar e passar o brasil a limpo.",0,0,0
17679,2021-07-08 13:12:16 utc,simone tebet,@viddabr @carlosbolsonaro você sabe que essa fala foi tirada de contexto e não é isso que eu defendo. não difunda desinformação.,0,0,0
16247,2022-03-11 15:45:11,leonardo pericles,"bolsonaro é um dos principais responsáveis por essa situação.
quem paga essa conta é o nosso povo!
pela reestatização da br distribuidora, das refinarias e poços de petróleo!
por uma petrobrás 100% estatal!
#gasolina
#petrobras",0,1,0
5407,2022-11-12 14:04:33 utc,lulaoficial,"parabéns, @anamarcela92. das águas da bahia para as águas do mundo! <u+0001f30a><u+0001f3c6>",0,0,0
16520,2020-06-05 12:58:04 utc,leonardo pericles,"se fosse a empregada ao invés da madame que pagou 20 mil de fiança, ela estaria presa no mínimo por homicídio doloso e sem fiança mesmo que tivesse como se endividar pelo resto da vida para fazê-lo. maldita justiça seletiva, racista, violenta. #justicaparamiguel",1,0,0
23334,2022-11-07 23:29:32,vera lucia,"gabriel monteiro foi preso finalmente! uma vitória da luta das mulheres contra o machismo, a violência e os abusos! que este seja o primeiro bolsonarista na cadeia de muitos que ainda faltam ir!",0,0,0
23186,2020-06-24 12:57:51 utc,sofia manzano,"não é apenas uma questão de ser influenciado. infelizmente o fato de ser artista - e, muitas vezes, bom- não determina, no plano da consciência,  uma postura política progressista. a história está repleta de casos.",0,0,0
28978,2019-09-12 17:38:13 utc,soraya thronicke,"finalmente entregamos, ministro @astro_pontes! o seu trabalho é diferenciado, o brasil lhe agradece! 
@jairbolsonaro",0,0,0
29809,2019-04-16 00:59:47 utc,soraya thronicke,"uma coisa é publicar mentira e outra é publicar verdade;é o pai da criança que deve ser responsabilizado.não confunda o entrevistado com o jornalista ou o dono do veículo, que deve responder objetivamente. trata-se da palavra de odebrecht contra a de toffoli, não da crusoé.",0,0,0
28286,2020-07-07 14:29:34 utc,soraya thronicke,"@mariannabonilha @o_antagonista @psl obrigada pelo apoio. sou gente comum, minha família é de gente comum, e tenho orgulho disso. sou brasileira que sabe o que é ser cidadão brasileiro cansado de levar o país nas costas e saber onde vai parar o tributo que paga c o suor do seu trabalho.",0,1,0
2383,2020-09-04 15:12:33 utc,jairbolsonaro,@prfbrasil <u+0001f44d>,0,0,0
21990,2022-03-27 21:10:31 utc,sofia manzano,#forabolsonaro,0,0,0
11232,2022-06-17 23:33:22 utc,ciro gomes,"se a decisão for mantida, duas nações historicamente reconhecidas pela evolução das instituições democráticas estarão dando um anti-exemplo para o mundo.",0,0,0
27226,2022-10-18 01:01:32 utc,soraya thronicke,@luvhealey seguindo vc! gratidão!,0,0,0
24627,2020-12-02 13:29:26,vera lucia,"não existe plano de imunização. tampouco existem medidas para a atual situação onde temos mais de 176 mil mortos no país, mas o mec simplesmente baixa uma portaria determinando a volta as aulas presenciais em janeiro. 
derrubar o governo bolsonaro é uma questão de vida ou morte!",0,0,0
14175,2020-08-12 21:16:31 utc,ciro gomes,@nacprogressista <u+0001f44f><u+0001f44f><u+270a><u+0001f339> #dia12compdt,0,0,0
21670,2022-06-28 02:57:00 utc,sofia manzano,"para nós, medidas eficazes de promoção de renda e emprego e combate à pobreza devem combinar a taxação das grandes fortunas, uma política de reforma agrária e reforma urbana.",0,0,0
27764,2022-08-05 21:14:22 utc,soraya thronicke,@uniaobrasil44 @youtube <u+0001f44f><u+0001f3fc><u+0001f44f><u+0001f3fc><u+0001f44f><u+0001f3fc>,0,0,0
8536,2021-02-24 14:38:51 utc,lulaoficial,"precisamos nos mexer. não dá pra ficar só no zoom chorando. 

pega um jornalzinho e vai entregar na feira. precisamos conversar com as pessoas...  

eu tô sem paciência. quando chegar a vacina para os jovens de 75 anos, vou me reencontrar com o povo brasileiro. #lulano247",0,0,0
23851,2022-03-13 18:25:08,vera lucia,"@rtemportugues não defendemos batalhão nenhum.

defendemos a autodeterminação de um povo.

quem atacou primeiro foi o estado russo. não faz sentido ser contra contra algo que mal ameaçou a democracia local.",1,0,0
5665,2022-10-22 22:51:01 utc,lulaoficial,"ao lado de lula, o prefeito @daniel_sucupira lembra a incompetência de bolsonaro com teófilo otoni e outras cidades do brasil, pois desde que ele chegou à presidência, os programas água e luz para todos estão abandonados. assim como as obras do minha casa minha vida. #equipelula",0,0,0
9951,2018-09-11 20:27:28,lulaoficial,"e apesar das mentiras e da perseguição, o povo nos abraçou nas ruas e nos levou à liderança disparada em todas as pesquisas.",0,0,0
27006,2022-11-05 19:00:31 utc,soraya thronicke,"@caterinacitou @fuckthronicke @sra_lulis please, estou perdida sem waze, sem google maps",0,0,0
29260,2019-07-18 14:39:31,soraya thronicke,"se todo o $ que circulou dentro da questão indígena tivesse chegado ao destinatário final, os índios estariam muito bem financeiramente, e sem lesar nenhum produtor rural. os índios foram feitos de massa de manobra; foram vítimas de mais uma das organizações criminosas. acabou!",1,0,0
3967,2019-04-28 11:56:40 utc,jairbolsonaro,"@narrorn um forte abraço, bom domingo e lembranças a quem for da família!",0,0,0
16559,2020-02-28 12:09:44 utc,leonardo pericles,"derrotar bolsonaro
jornada de lutas em março:

 *dia 08 - dia internacional da mulher trabalhadora
*dia 14 - 2 anos de lutas pela punição de quem mandou matar a vereadora marielle franco
*dia 18 - paralisação nacional

fora bolsonaro! ditadura nunca mais! por um governo popular!",0,1,0
15185,2019-08-25 13:15:40 utc,ciro gomes,"a floresta vale muitos mais trilhões de dólares em pé do que cortada, dando milhõezinhos por curto prazo.

porque ali estão os princípios ativos da nova farmácia, da nova química, a base da biotecnologia, uma plataforma para a bioenergia: tudo que o mundo cobiça.",0,0,0
8814,2020-09-04 16:05:05 utc,lulaoficial,"eu sempre disse que tenho respeito pelo @cirogomes. ele foi meu ministro, temos uma história, apesar das divergências. o ciro não precisa gostar de mim, nem eu preciso gostar dele, precisamos nos respeitar.",0,0,0
9624,2019-01-30 11:02:14 utc,lulaoficial,"no brasil de 2019, a justiça impede lula de se despedir de um de seus irmãos mais próximos, vavá, que faleceu ontem. o pt ofereceu ajuda financeira com os custos da operação, mas a pf de moro e a justiça mais uma vez violam os direitos básicos do ex-presidente. #lulapresopolítico",1,0,0
20970,2022-09-26 21:34:59,sofia manzano,"a campanha de ciro gomes tenta se diferenciar de lula e bolsonaro, mas seu programa de desenvolvimento ainda aposta numa burguesia brasileira. 
nosso programa apresenta para o brasil um projeto que tem a classe trabalhadora como eixo central.",0,1,0
17575,2021-09-08 18:18:54 utc,simone tebet,fux: ninguém fechará esta corte. falou direto ao presidente. houve crime de responsabilidade. recado claro  para o congresso nacional. desafinou a lira do nero.,0,0,0
672,2022-07-04 11:47:45 utc,jairbolsonaro,"além do casal, outras 11,3 mil famílias  assentadas receberam títulos de regularização em goiás desde 2019 e mais de 320.000 por todo o país. um recorde somando todos os governos anteriores desde 2004.",0,0,0
14263,2020-07-31 21:20:38 utc,ciro gomes,"20 milhões de desempregados, 110 milhões de brasileiros empurrados para a informalidade, a renda média despencando, 100 milhões de brasileiros com nome sujo no spc, enquanto os 42 bilionários brasileiros ganharam 34 bilhões de dólares nesses 6 meses de pandemia. #cironacnn",0,1,0
29188,2019-07-25 04:02:25 utc,soraya thronicke,"continuar dando ibope para esse premiado jornalista verdevaldo é um absurdo. 

no dia que ele tomar vergonha na cara e formalizar essa porcariada, aí sim haverá legítima discussão.

já deu! agora queremos saber a relação dele com os hackers. tardou!",0,0,0
10644,2022-09-06 15:47:45 utc,ciro gomes,"nós podemos desenvolver a amazônia e ter, ao mesmo tempo, uma exemplar resposta para o mundo que se preocupa com a sustentação ambiental. em tudo isso o brasil tem capacidade, como nenhuma outra nação do mundo, de liderar e não de ser uma espécie de pária internacional.",0,0,0
22107,2022-02-21 14:09:28 utc,sofia manzano,"saudamo a pré candidata #renatareginapcb.
vamos segui-la nas redes e fazer o debate do #poderpopular",0,0,0
8383,2021-04-22 22:49:04 utc,lulaoficial,"3 - o ex-presidente lula lutou pelo cumprimento do devido processo legal durante mais de cinco anos, período em que sofreu 580 dias de prisão ilegal e toda espécie de perseguições e constrangimentos irreparáveis.",0,0,0
11609,2022-04-06 20:07:57 utc,ciro gomes,"caro @tonyvitorinojr, não é por acaso que vivemos em boa companhia. o projeto nacional de desenvolvimento nos une e nos guia !",0,0,0
27292,2022-10-14 00:51:10 utc,soraya thronicke,@kahdiass @majorolimpio ainda não!,0,0,0
23705,2022-05-30 15:53:42 utc,vera lucia,"@capitaoplaneta9 verdade, não sabemos o que é pior: esse cidadão folgando com dinheiro público ou fazendo alguma coisa, pq dali só sai desgraça.",0,0,0
23423,2022-09-24 22:41:10 utc,vera lucia,"rídiculo! kelmon elogia mais o presidente bolsonaro do que o próprio bolsonaro. mutreta! candidatura laranja para defender o atual governo.

#forabolsonaro 
#debatenosbt",0,0,0
29010,2019-09-03 23:33:51 utc,soraya thronicke,"estamos formando um time de juristas de peso para trabalhar no novo código comercial. já temos conosco fábio ulhoa coelho, mário delgado, ministro noronha... em breve contarei mais detalhes.",0,0,0
905,2022-05-25 18:46:16 utc,jairbolsonaro,- apoio! <u+0001f44d>,0,0,0
20058,2021-09-21 15:55:50 utc,felipe davila,"""as  mudanças só têm um sentido: melar a reforma. eles não querem fazer a reforma, então fazem um parecer absurdo, que é óbvio que vai ser derrubado. e, se for aprovado, é um enorme problema para o país, que já gasta 13% do pib com máquina pública e vai gastar ainda mais.",0,0,0
16333,2022-01-19 01:22:23 utc,leonardo pericles,em breve estaremos juntos!,0,0,0
19551,2022-06-22 17:15:22 utc,felipe davila,"a notícia da prisão preventiva do ex-ministro milton ribeiro, hoje (22/6), é mais um capítulo na longa sucessão de tragédias que bolsonaro coleciona na área da educação. é fato que esse setor nunca foi prioridade para o atual governo, o que considero grave e assombroso.",0,0,0
12806,2021-04-18 00:06:13 utc,ciro gomes,"a política exterior brasileira precisa buscar um regime de preferências comerciais industriais. para o mundo, o brasil hoje é um buraco para tirar petróleo e minério barato e uma grande fazenda para tirar proteína barata sem agregação de valor. #cironobrazilconference",0,0,0
13351,2020-12-08 16:45:14 utc,ciro gomes,"quero conhecer melhor todos vocês! junto com a pergunta, lembre de dizer seu nome e de onde você é.",0,0,0
20605,2022-12-03 19:36:12 utc,sofia manzano,messi.,0,0,0
29249,2019-07-20 00:00:58,soraya thronicke,"a esquerda atrapalha a geração de empregos. no senado, estão destruindo, pouco a pouco, a tão suada reforma trabalhistas. o que eles propõem não proporcionam aos seus colaboradores. deus, me dê sabedoria! <u+0001f64f><u+0001f3fc>",0,0,0
9338,2019-11-27 15:29:44,lulaoficial,eu participo da política desde 1975 e vocês nunca me viram incitando quebra quebra. essa gente se ver o povo na rua fazendo procissão carregando vela vai dizer que a igreja católica tá querendo botar fogo no país. o povo tem direito de se manifestar.,0,0,0
14432,2020-07-20 15:23:58 utc,ciro gomes,@carloslupipdt todas e todos na luta em defesa da educação pública brasileira! #aprovafundeb,0,0,0
16514,2020-06-07 20:53:25,leonardo pericles,"a nossa juventude tem rebeldia, tem energia, tem convicção, tem lado!
a nossa juventude tem partido!
o povo agora tem partido!
e juntos venceremos o fascismo e esse governo fraco de incompetentes <u+270a><u+0001f3ff><u+270a><u+0001f3ff>",0,0,0
16724,2022-11-16 19:15:27 utc,simone tebet,"100 anos de saramago, único escritor de língua portuguesa a ganhar um nobel. ensaio sobre a cegueira é o livro dele que mais gosto. cheio de metáforas e simbolismos, saramago usa a cegueira como ferramenta para apontar as contradições do comportamento da humanidade. +",0,0,0
7335,2022-04-27 14:10:05 utc,lulaoficial,"hoje é dia da empregada doméstica. o brasil não estava acostumado a ver empregadas serem tratada com respeito e direitos, como jornada de 8 horas, salário nunca inferior ao mínimo, férias e 13º. teve gente que não gostou, mas a escravidão acabou faz tempo.",0,0,0
1837,2021-05-25 10:06:38 utc,jairbolsonaro,"- prorrogado novamente o zeramento da tarifa de importação sobre itens essenciais ao combate ao covid.

- a relação tem 628 produtos, entre medicamentos e vacinas, equipamentos hospitalares, itens de higiene pessoal e outros insumos. @mineconomia @govbr @secomvc",0,0,0
21004,2022-09-23 22:18:00 utc,sofia manzano,golpistas!,0,0,0
8581,2021-01-21 20:17:53 utc,lulaoficial,"8 - o ex-presidente não necessitou de internação hospitalar, assim como os demais membros da equipe, exceto o escritor fernando morais, que permaneceu sob cuidados hospitalares pelo período de 14 dias, por complicações pulmonares.",0,0,0
23867,2022-03-08 00:46:27 utc,vera lucia,"@alessandrabrvna @mutataresurgo não tenho nada a ver com isso, não.",0,0,0
30243,2022-09-25 00:20:58 utc,padre kelmon,@_estragao agora me conte uma novidade! <u+0001f602><u+0001f602><u+0001f602>,0,0,0
7574,2022-02-22 14:21:37 utc,lulaoficial,"o autoritarismo do bolsonaro vai impondo as coisas sem respeito ao comportamento democrático. então, tudo que foi construído nesse país está sendo destruído. em passos, bolsonaro parou com construção de creches, do minha casa, minha vida. é um governo de destruição e fake news.",1,0,0
21174,2022-09-07 04:18:43,sofia manzano,"como a classe dominante se apropria das pautas identitárias nesse momento? 
exaltando a leopoldina, imperatriz que defenfia os interesses das metrópoles colonizadoras e não do brasil, mas era mulher!
7 de setembro é dia de luta des excluídos 
#diadosexcluidos",0,0,0
7116,2022-06-02 19:39:59 utc,lulaoficial,"estamos assumindo um compromisso em melhorar a educação, a ciência e tecnologia. vamos ter que recuperar a normalidade das nossas instituições.",0,0,0
29817,2019-04-13 18:48:48 utc,soraya thronicke,"força, @senadoraselma!",0,0,0
12054,2021-12-15 03:06:45 utc,ciro gomes,"eu proponho uma restruturação de todas as contas do governo, um sistema de impostos que diminua os impostos sobre o consumo do povão e da classe média e cobre mais dos ricos. #cironaglobonews",0,0,0
23134,2020-09-10 23:51:42,sofia manzano,"sobre estabilidade do servidor público: até 1967, todos os trabalhadores, do setor privado, tinham estabilidade no emprego. a ditadura militar acabou com ela e instituiu o fgts. agora, o governo fascista quer destruir o setor público.",0,1,0
11581,2022-04-14 21:54:56 utc,ciro gomes,"o sigilo não é apenas uma confissão de culpa como um desrespeito aos princípios democráticos de transparência e lisura no exercício do poder. a decisão da pgr vai indicar, em definitivo, o rumo que o procurador aras traça para o órgão. olhos abertos, democratas!",0,0,0
24359,2021-06-28 14:34:11 utc,vera lucia,"há 52 anos, lgbtis se levantaram nos eua e protagonizaram a revolta de stonewall, espalhando para todo mundo o orgulho de amar,  existir e resistir.  uma luta que continua vigente e precisa  ser assumida por toda nossa classe, contra a opressão e a exploração.",0,0,0
9341,2019-11-27 15:06:48,lulaoficial,"vou vencer cada processo contra mim desmascarando a mentira deles. minha inocência está provada nos autos do processo. eles não tem provas, o que eles têm é uma tese: a de que o lula não pode ficar solto.",0,0,0
19721,2022-03-15 13:51:02 utc,felipe davila,"um pl, já em tramitação no congresso, quer regulamentar serviços de streaming como netflix, prime video e etc.

""regulamentar"" pode soar abstrato, vou traduzir:
- mais intervenção
- mais burocracia
- mais impostos

os preços vão aumentar, isso se as empresas não saírem do brasil.",0,0,0
23943,2022-01-26 15:45:15 utc,vera lucia,"no início da pandemia as declarações de bolsonaro foram muito criticadas de que se tratava apenas de uma gripezinha e nada devia parar ou fechar por causa dela (ou seja, as atividades econômicas). hoje, governos e patronal se apegam à ideia de que a ômicron é muito menos letal.",0,0,0
23914,2022-02-07 16:25:43 utc,vera lucia,parabéns  @cspconlutas por promover a live,0,0,0
8444,2021-04-07 12:45:16 utc,lulaoficial,11 - o brasil tinha um programa nacional de imunizações reconhecido em todo o mundo. fomos capazes de vacinar 80 milhões de pessoas contra a gripe h1n1 em apenas três meses. bolsonaro já em seu primeiro ano do governo descumpriu a meta de vacinação das nossas crianças.,0,0,0
13148,2021-01-30 14:29:54 utc,ciro gomes,"@moduinnek ideia, exemplo e militância! <u+0001f339><u+0001f1e7><u+0001f1f7>",0,0,0
8866,2020-08-08 00:09:56 utc,lulaoficial,4 - fiquei orgulhoso do entregador não ter abaixado a cabeça. e orgulhoso da mãe ter denunciado o comportamento ignorante do agressor. o comportamento do motoboy e de sua mãe dão sentido aos 50 anos de luta do povo trabalhador brasileiro.,0,1,0
22963,2021-01-08 01:15:48 utc,sofia manzano,"muito interessante a análise sobre a economia chinesa, o preço das commodities e o dólar.",0,0,0
17483,2022-02-06 13:11:03 utc,simone tebet,@carlosb23557198 bom dia. ainda não.,0,0,0
6138,2022-09-27 22:42:07 utc,lulaoficial,"um prazer conhecer vocês, @fecastanhari e @nyviestephan. vamos juntos! #brasildaesperaça",0,0,0
11785,2022-02-14 13:16:45 utc,ciro gomes,"se bolsonaro falar o que não deve, como é corriqueiro, colocará o brasil em uma posição delicada com parceiros comerciais importantes. seu desejo por exibição e autopromoção pode custar muito caro ao nosso país.",0,0,0
16488,2020-07-22 20:21:37,leonardo pericles,"ontem o novo fundeb foi aprovado na câmara dos deputados, representando uma grande vitória da mobilização popular por uma educação gratuita e de qualidade para todos.
seguimos na luta para derrotar o governo fascista de bolsonora e todos os inimigos da educação e do povo!",1,0,0
22858,2021-01-31 00:43:45 utc,sofia manzano,amanhã. carreata #forabolsonaro,0,0,0
714,2022-06-25 18:42:39 utc,jairbolsonaro,"- muitos que hoje falam de economia são encontrados nas respostas deste tuíte defendendo o irracional fecha tudo e reclamando por defendermos quem precisava trabalhar para sobreviver. pregaram o ""fica em casa que a economia vê depois"" e hoje fingem não ter nada a ver com isso.",1,0,0
9249,2020-02-05 15:38:09 utc,lulaoficial,"é preciso dizer que tanto o trabalho da @petracostal, quanto o do @ggreenwald restabeleceram a verdade nesse país.",0,0,0
2960,2020-03-26 13:33:52 utc,jairbolsonaro,"- também suspendemos temporariamente os direitos antidumping para importações de seringas descartáveis e tubos para coleta de sangue. assim, poderemos adquirir esses equipamentos essenciais por preços menores e deixá-los acessíveis para a população mais vulnerável.",0,0,0
27256,2022-10-14 01:15:34 utc,soraya thronicke,@agrotoxicas @majorolimpio não!,0,0,0
11680,2022-03-15 23:04:24 utc,ciro gomes,"felipe coutinho, vice-presidente da aepet, na #cirogames: o brasil com todos os potenciais que ele tem, é muito difícil freá-lo. acredito que vamos superar essas dificuldades e vamos usar a petrobras pra promover o nosso desenvolvimento.",0,0,0
5430,2022-11-07 21:17:38 utc,lulaoficial,governo que consulta a população. o que vocês acham da volta do horário de verão?,0,0,0
1064,2022-04-29 10:32:09 utc,jairbolsonaro,"- drogas incineradas, diários prejuízos milionários ao tráfico, vidas salvas e famílias preservadas diante deste mal.

informações detalhadas nas redes sociais: @prfbrasil @andersongtorres @justicagovbr",0,0,0
5239,2022-12-19 18:20:37 utc,lulaoficial,animados? quem aqui vai participar da posse em brasília?,0,0,0
29208,2019-07-22 13:11:34 utc,soraya thronicke,"@esorame @abrahamweint @escolasempartid não passará a ser governamental. mas o papel da sociedade organizada é cobrar, e nada melhor do que cobrar direto com o ministro, que já é alinhado conosco. para o próprio gov, mesmo alinhado, não é fácil. precisamos traçar as nossas estratégias juntos.",0,0,0
9024,2020-05-30 01:27:26,lulaoficial,hoje me reuni com sete centrais sindicais. é preciso pressionar o congresso para assegurar os direitos dos trabalhadores nessa crise. é hora de um movimento de integração pra combater o desgoverno do bolsonaro e a truculência contra a democracia.,0,1,0
14291,2020-07-29 19:23:48 utc,ciro gomes,@soudijo @assembleia_ce @talderafa <u+0001f44f><u+0001f44f><u+0001f44f><u+0001f44f>,0,0,0
27749,2022-08-19 20:13:54 utc,soraya thronicke,"estamos juntas nesta luta, @rosangelamorosp! como presidente da república, vou ampliar a autonomia da pf e defender o fim do foro privilegiado para todas as autoridades. bandeiras de @sf_moro que sempre encampei desde que entrei na vida pública. combater a corrupção é prioridade!",0,0,0
18980,2022-11-17 19:05:01 utc,felipe davila,"o resultado da pec, além das falas de lula que inflamam a desconfiança do mercado, aumenta o risco do país.a mensagem é clara: nosso indicador que mede o risco de calote nas contas públicas brasileiras disparou 10,93% hoje. um péssimo sinal que impacta no aumento de juros.  (5/8)",0,0,0
21872,2022-04-24 07:34:23 utc,sofia manzano,@simas_luiz @gresgrande_rio o que foi isso? salve exu.,0,0,0
2940,2020-03-28 13:09:31 utc,jairbolsonaro,"7- mais testes para profissionais de saúde e segurança que agem no front de batalha.

8- r$ 202 milhões do fundo de segurança vão para o combate ao coronavirus. @justicagovbr

9- hospitais de pequeno porte recebem infectados, dando  mais segurança aos postos de saúde.",0,0,0
4305,2019-01-20 22:49:59 utc,jairbolsonaro,"em alguns instantes embarco para nossa primeira missão fora do país. um grande momento para o brasil que almejamos: grande, respeitado e próspero. que deus nos abençoe nessa viagem! uma boa noite a todos! <u+0001f44d><u+0001f3fb><u+0001f1e7><u+0001f1f7><u+2708><u+fe0f><u+0001f1e8><u+0001f1ed><u+0001f30e>",0,0,0
20211,2021-06-15 22:30:53 utc,felipe davila,"@lavaredaantonio @estadao obrigado, amigo!",0,0,0
16860,2022-09-24 23:39:37 utc,simone tebet,"venceu a democracia e viva a democracia brasileira! apesar dos embates, hoje nós falamos das propostas que são para o brasil. nosso país precisa mudar de verdade e, agora, a palavra final é do eleitor. +",0,0,0
10833,2022-08-20 17:26:32 utc,ciro gomes,"complete a frase: até o banco imobiliário taxa grandes fortunas, só a pequena estônia, a colômbia e o _____ que não. <u+0001f972> /adm",0,0,0
27088,2022-11-02 23:40:30 utc,soraya thronicke,"@imnotaleksander muitooooo! man in the mirror is one of my favorite songs! it says a lot about us, and about our mission here.",0,0,0
17681,2021-07-07 22:07:19 utc,simone tebet,@pbrisab <u+0001f64c><u+0001f64c><u+0001f64c>,0,0,0
9302,2020-01-08 13:53:56 utc,lulaoficial,"o momento não é adequado para o brasil se meter em uma briga externa. o brasil não tem contencioso com o mundo, sempre manteve uma política diplomática harmoniosa. devemos ser um construtor de paz.",0,0,0
24970,2020-04-07 16:06:39 utc,vera lucia,"no dia mundial da saúde temos que defender e fortalecer o sus. verbas públicas para a saúde pública, estatização da saúde privada. saudamos todos os profissionais da saúde e apoiamos a luta por melhores condições de trabalho e segurança. hoje, aplausos nas janelas, às 20h!",0,0,0
28124,2021-04-04 18:16:58 utc,soraya thronicke,@fabiana92804732 @israelinbrazil <u+0001f60d>que deus te abençoe também! <u+0001f64f><u+0001f3fc>,0,0,0
20017,2021-10-15 18:40:54 utc,felipe davila,passei 13 anos acompanhando gestores públicos de municípios e estados de todo o país e vi que há sim bons exemplos de políticas públicas que podem ser implementadas pelo governo federal e promover uma verdadeira revolução para retomar o crescimento.,0,0,0
24311,2021-07-12 13:58:27,vera lucia,"se cuba fosse socialista o povo cubano controlaria o seu estado e não estaria nas ruas lutando contra ele por liberdade.
não confunda ditadura do proletariado com ditadura sobre o proletariado.",0,1,0
12719,2021-05-15 13:59:10 utc,ciro gomes,"a política é a linguagem da democracia. precisamos recuperá-la e energizá-la e não vamos conseguir fazer isso com ódio, paixão ou cancelamento na internet. nenhuma nação civilizada do mundo se apaixona ou odeia políticos. vamos discutir o que importa! #ciroegabrielaprioli",0,0,0
23578,2022-08-30 16:35:30 utc,vera lucia,outro limite da lei que precisa ser superado é o fato de não está inserido num projeto global de reparações. a nossa luta é por inserir as ações afirmativas numa perspectiva global de luta contra o racismo em toda a sociedade e pela destruição do sistema que dele se beneficia.,0,0,0
26847,2022-11-30 18:27:22 utc,soraya thronicke,"(2/2) outra modificação que propus é que a exclusão dos recursos do teto de gastos,anteriormente previstos para o auxílio,não deixe um espaço fiscal.o saldo deverá ser remanejado,de forma a evitar  mais endividamento. responsabilidade c/ as contas é fundamental.estaremos de olho!",0,0,0
12971,2021-03-15 23:49:31 utc,ciro gomes,bolsonaro rejeitou a suspensão de patentes de vacinas contra covid para defender multinacionais. o projeto iria acelerar a vacinação no mundo - única solução para salvar vidas e voltar à normalidade da economia. é assim que um governo leva mais pessoas à morte! #bolsonarogenocida,1,0,0
28559,2019-12-06 13:39:40 utc,soraya thronicke,"enquanto as redes brigam de um lado, os ratos fazem a festa do outro! acordem!",0,0,0
27414,2022-09-09 23:11:52 utc,soraya thronicke,"@eduardo31051362 não, não, não, eduardo. o momento agora é de muito trabalho pelo brasil e pelos brasileiros. <u+0001f609> #timesoraya44",0,0,0
27105,2022-11-02 23:20:06 utc,soraya thronicke,@madustebet exatamente!!!!,0,0,0
2568,2020-06-26 15:34:28 utc,jairbolsonaro,"@cguonline @policiafederal @mpf_pgr <u+0001f91d>, ministro @wrosariocgu",0,0,0
4182,2019-02-26 21:20:02 utc,jairbolsonaro,saiba mais detalhes que parte da mídia e pessoas de má fé omitem propositalmente:,1,0,0
16470,2020-08-16 16:09:45 utc,leonardo pericles,"hoje vou participar desse bate-papo, já se inscreveu?",0,0,0
8598,2021-01-06 23:32:18 utc,lulaoficial,"2 - para o brasil, é um alerta sobre o que ainda pode acontecer de pior aqui, se não for contido o autoritarismo de bolsonaro e suas milicias, se continuarem sendo toleradas as violações à liberdade e aos direitos.",1,0,0
22230,2022-01-30 18:33:38 utc,sofia manzano,"a música é uma das mais sublimes qualidades humanas. só pode ser realmente civilizado, o país em que fazer música esteja além do mercado, de ser mercadoria. em cuba é assim. luto para que aqui, em qq idade, a música seja venerada como a maior qualidade. #thevoicemais",0,0,0
1524,2021-12-02 16:03:48 utc,jairbolsonaro,"@rogeriosmarinho <u+0001f91d><u+0001f1e7><u+0001f1f7>, ministro!",0,0,0
14949,2020-05-13 20:35:40 utc,ciro gomes,"já assinei 2 pedidos de impeachment do bolsonaro por cometimento de crimes de responsabilidade! meu partido, pdt, junto com psb, rede e pv, lançou também o evento #janelaspelademocracia que está mobilizando todo o brasil para exigir o #forabolsonaro, no dia 19/05 às 18h30! (...)",0,0,0
2934,2020-03-28 19:49:04 utc,jairbolsonaro,"5.1- medidas em parceria com o @bndes : transferência de r$20 bilhões do fundo pis/pasep para o fgts.

5.2- suspensão temporária de pagamentos de financiamentos diretos e indiretos para empresas.

5.3- ampliação de r$5 bilhões no crédito para micro, pequenas e médias empresas.",0,0,0
6809,2022-07-22 19:14:45 utc,lulaoficial,eu e @geraldoalckmin que agradecemos a beleza e o talento da arte e da cultura de pernambuco e do brasil.,0,0,0
14020,2020-09-02 21:34:42 utc,ciro gomes,@sapsleonardo @italo_mendes2 boa! <u+270a><u+0001f339> #cironometeorobr,0,0,0
23068,2020-11-16 01:25:16 utc,sofia manzano,"com todo respeito ao povo de muanmar, eu quero mesmo é saber de são paulo e vitória da conquista. e nossa vereador em ipatinga.",0,0,0
14228,2020-08-02 20:07:09 utc,ciro gomes,@mazitapnd @pr_alexandregon #reparebem que turma boa incrível <u+0001f339><u+2764><u+fe0f>,0,0,0
28092,2021-06-19 20:31:55 utc,soraya thronicke,@araujoaudrea @thykadri o governo orientou voto sim.,0,0,0
13817,2020-09-29 16:58:31 utc,ciro gomes,o brasil precisa construir um mecanismo de financiamento da economia fora dos juros abusivos que hoje matam a economia brasileira. #cironopanico,0,0,0
777,2022-06-11 20:39:27 utc,jairbolsonaro,"- rebater matérias enviesadas não é atacar a imprensa, é se defender. atacá-la é controlar, prender e censurar como uns fazem e outros desejam. se crítica for ataque, alguns jornalistas fazem pior, pois mentem, inventam e distorcem informacões para manipular e enganar as pessoas.",1,0,0
24652,2020-11-13 03:00:42,vera lucia,"frança defende cumprir mandato até o fim. mas eles vendem diversas promessas e fazem tudo ao contrário. nós defendemos os conselhos populares, eleitos pela classe trabalhadora, com mandatos revogáveis. muito mais democráticos que essa democracia dos ricos!
#debatenacultura",1,0,0
22306,2021-12-20 00:04:59 utc,sofia manzano,@mairakubik viva chile!,0,0,0
23140,2020-09-08 12:29:23 utc,sofia manzano,"@samuelsilvafb você tem razão. eu estudo o reformismo keynesiano em economia. mas vou confessar, tem coisa tão ruim que tenho que ler, que fico muito tentada a largá-los e só ler os marxistas mesmo.",0,0,0
28177,2021-03-19 00:09:54 utc,soraya thronicke,"diego, assessor do @majorolimpio, um rapaz de 30 e poucos anos, novo, forte, ainda está na uti, em situação muito crítica. nossas orações não cessam... que deus tenha piedade de todos nós. <u+0001f64f><u+0001f3fc>",0,0,0
23163,2020-07-25 13:13:33 utc,sofia manzano,"ainda não li, mas aguardo ansiosamente. @soutamires_sp",0,0,0
30256,2022-09-10 14:19:33 utc,padre kelmon,@cristia64583054 vamos juntos!<u+0001f64f><u+0001f3fb><u+0001f1e7><u+0001f1f7>,0,0,0
20678,2022-11-02 19:29:19 utc,sofia manzano,"está mais que explicitada a base fascista desse governo. não conseguirão o golpe que tanto desejam, até pq as frações mais poderosas da burguesia interna e o imperialismo já equacionaram seus interesses com o próximo governo. 
precisamos avançar na nossa organização e inserção.",0,0,0
24881,2020-09-16 00:19:16,vera lucia,"e tem também a versão russomando,  humilhando mulher pobre, negra e trabalhadora num supermercado. que ato #covarde!",1,0,0
17035,2022-08-27 13:48:45 utc,simone tebet,"@miriamleitao agradeço as palavras, @miriamleitao. o povo brasileiro merece e precisa saber nossas propostas de reconstrução do país. é possível fazer diferente! <u+270a><u+0001f49c>",0,0,0
22439,2021-07-23 20:43:06 utc,sofia manzano,"a precarização do trabalho da juventude tem que acabar. 
#apagaodosapps",0,0,0
24884,2020-09-15 18:43:52 utc,vera lucia,"@arthurmoledoval do mbl -  do alto do seu cargo público  ofende o padre julio lancelloti e destrata os mais pobres. o @pejulio é  reconhecido pela defesa da população de rua. já o ""nobre edil"" tenta se projetar fazendo o oposto. covardia. todo apoio ao padre julio!",0,0,0
8387,2021-04-22 14:12:32,lulaoficial,"14 - infelizmente, também nesse ponto o atual governo do brasil jamais atuou de maneira responsável. nosso povo sofre a maior tragédia de sua história, e o país é visto como ameaça global.",0,1,0
12051,2021-12-15 03:14:06 utc,ciro gomes,"nunca vi tanta miséria, tanta gente sadia se humilhando nas ruas com cartaz pedindo comida. apenas ¼ das crianças brasileiras fazem 3 refeições hoje, no país que mais produz comida no mundo! por pura canalhice! #cironaglobonews",0,1,0
8568,2021-02-11 00:32:43,lulaoficial,"2 - tenho muito orgulho de fazer parte da geração que criou o pt. nossa luta não tem fim. estou com 75 anos. gostaria de viver 120. mas se eu não viver, quero que vocês saibam que mesmo que eu tenha apenas um minuto, esse minuto será dedicado em defesa do povo trabalhador.",0,0,0
23722,2022-05-17 14:00:51,vera lucia,"bolsonaro e mourão gastaram mais de 9 milhões de reais no cartão corporativo este ano. 

enquanto o povo passa fome, o jair gasta o brasil paga. 

o governo ainda decretou sigilo dos dados para não prestar contas a ninguém. óbvio que tem mutreta na mamata. tira o sigilo jair",0,1,0
3776,2019-06-20 21:57:43 utc,jairbolsonaro,@netobegalli fãs de dragon ball <u+0001f44d>,0,0,0
22020,2022-03-21 18:03:23 utc,sofia manzano,@politic_nicki @colemeuchapa @dukkaoficial @ptbrasil @lulaoficial obrigada pelo apoio. vamos tornar nossa pré candidatura na real alternativa para a classe trabalhadora no brasil?,0,0,0
20710,2022-10-29 01:02:28 utc,sofia manzano,"se o país bate recorde de arrecadação, porque não aumentou o salário mínimo?
por que cortou recursos das universidades?
por que cortou recursos do farmácia popular?
#debatenaglobo",0,0,0
1968,2021-04-08 22:31:42 utc,jairbolsonaro,". publicações científicas internacionais;
. brasil é um dos países que mais vacinam no mundo;
. atraso de vacinação na europa;
. liberdade na prescrição de médicos (fato histórico);
. mais medicamentos em análise pela anvisa;...",0,0,0
29458,2019-06-14 21:22:22 utc,soraya thronicke,"aconteceu também comigo, com o presidente, e com todos os novatos. as pesquisas publicadas foram manipuladas, um verdadeiro estelionato eleitoral. ainda vamos cobrar essa fatura. @jairbolsonaro",0,0,0
2830,2020-04-28 17:39:28 utc,jairbolsonaro,"a- o @govbr concluiu dentro do prazo estipulado a construção do hospital de campanha para atendimento a pacientes com covid19. a obra, realizada em 15 dias no município de águas lindas (go), atenderá a população de goiás e do distrito federal. @minfraestrutura @defesagovbr",0,0,0
19369,2022-08-17 16:43:37,felipe davila,"não dá para acreditar que lula ou bolsonaro farão as reformas que o brasil e os brasileiros tanto precisam.

não fizeram. não farão.",0,0,0
19554,2022-06-20 15:42:49 utc,felipe davila,"sejamos francos, a petrobras já deveria ter sido privatizada e o mercado de óleo e gás já deveria ter sido aberto. com concorrência, os preços certamente não estariam tão altos.

sou o único presidenciável que defende e sempre defendeu isso, bolsonaro sempre foi contra.

+",0,0,0
12407,2021-09-08 13:31:43 utc,ciro gomes,"nós precisamos ler com muita humildade por um lado e muita coragem e determinação por outro lado: as manifestações de ontem foram grandes, mas confinaram-se a uma bolha radicalizada, barulhenta, extremista e bem aquém daquilo que eles esperavam. #cironouol",0,0,0
7894,2021-10-06 18:50:17 utc,lulaoficial,"entrevista para o libération, da frança.",0,0,0
3508,2019-09-30 22:52:00 utc,jairbolsonaro,"pesquisa do spc brasil/cndl mostra que, em 2019, cresceu de 33% para 41% a intenção de micro e pequenos empresários brasileiros de investir nos próximos meses. mais um sinal da confiança dos investidores na recuperação de nossa economia.",0,0,0
6857,2022-07-13 16:50:50 utc,lulaoficial,@_anahikari boas gravações. boa sorte na 2ª temporada de as five.,0,0,0
10754,2022-08-28 02:10:39 utc,ciro gomes,"pessoal, passando pra lembrar que neste domingo, às 21h, teremos o primeiro debate presidencial de 2022, promovido pela band, uol, folha e tv cultura. acompanhe esta importante oportunidade para debater o futuro do nosso brasil!",0,0,0
12667,2021-05-28 13:00:18 utc,ciro gomes,"é este tipo de pensamento derrotista que está fazendo bolsonaro, entre outras coisas, se apropriar de símbolos pátrios - como nossa bandeira, nossas cores nacionais - e muitos aceitarem passivamente este sequestro. (...)",0,0,0
24874,2020-09-21 15:54:53 utc,vera lucia,"e se ouve bem alto! não é não, minha gente!?<u+0001f609>",0,0,0
22427,2021-07-29 16:01:03 utc,sofia manzano,@o_caio_andrade @galodeluta #liberdadeparagaloegessica já.,0,0,0
13502,2020-11-12 11:17:50 utc,ciro gomes,@osergiosampaio <u+0001f339><u+270a>1<u+20e3>2<u+20e3>,0,0,0
20160,2021-07-19 14:42:49,felipe davila,"enquanto o brasil tem problemas urgentes para resolver, como enfrentar a pandemia, vacinar a população e encarar a inflação mais alta dos últimos 25 anos (e que vem corroendo o salário do trabalhador), os nossos governantes tumultuam e criam novos problemas. segue o fio. (1/7)",0,0,0
13039,2021-02-27 15:23:44 utc,ciro gomes,"acabar com o ""toma lá, dá cá?"" na véspera das eleições no congresso, bolsonaro liberou r$ 3 bilhões em obras a parlamentares, prometeu cargos e a criação de ministérios. um grande mentiroso e corrupto!",1,0,0
474,2022-08-12 21:09:51 utc,jairbolsonaro,"- a própria pessoa envolvida nesse crime cruel e covarde nega ter estado presente no evento. sua esposa, que não tem envolvimento com o crime, já se manifestou explicando que não conhece michelle e que, assim como dezenas de mulheres, fez fila para tirar foto com a primeira-dama.",0,0,0
11457,2022-05-06 15:40:56 utc,ciro gomes,"se isso acontecer, as empresas de ônibus já avisaram: só vão pras ruas nos horários de pico - entre 5h e 8h da manhã e entre 17h e 19h. no resto do tempo, os ônibus vão ficar nas garagens. aí seria o caos total.",0,0,0
27034,2022-11-05 02:05:11 utc,soraya thronicke,@fuckthronicke kkkk,0,0,0
12965,2021-03-17 02:22:14 utc,ciro gomes,"é textão, mas se eu conseguir salvar apenas uma vida, terá valido a pena:

1. o vírus é mortal!

2. o vírus não é mortal para todos. mas ninguém sabe porque ele mata alguns e a outros não.

3. não há remédios que previnam ou curem o vírus.",0,0,0
3324,2019-11-23 03:49:05 utc,jairbolsonaro,"- com profundo pesar presto solidariedade à família do apresentador gugu liberato. o país perde um dos maiores nomes da comunicação televisiva, que por décadas levou informação e alegria aos lares brasileiros. que deus o receba de braços abertos e conforte os corações de todos.",0,0,0
12918,2021-03-23 21:40:36 utc,ciro gomes,"panelaço.
20h30. 
#forabolsonaro 
participe!",0,0,0
8176,2021-07-20 11:09:04 utc,lulaoficial,eu confesso que jamais esperava que a fome voltaria no brasil como ela voltou. o governo perdeu completamente o controle e não consegue dar condições ao povo de viver com dignidade. estamos vendo o desmonte do brasil.,0,1,0
10770,2022-08-26 18:04:49 utc,ciro gomes,"@fabioporchat espero ter plantado uma sementinha de esperança nos corações dos brasileiros, @fabioporchat. sou muito grato a todos que acompanharam e insisto: vamos libertar o brasil dessa bola de chumbo do passado e dar um passo adiante para o futuro!",0,0,0
21655,2022-07-01 01:29:46 utc,sofia manzano,"@oglobopolitica nós defendemos o auxílio imediato às famílias em situação de fome, mas a pec 16 não objetiva acabar com a fome. 
ela representa um desvio autoritário na véspera das eleições e amplia um sistema que pode ser classificado como compra de votos.",0,0,0
12687,2021-05-19 20:18:28 utc,ciro gomes,"vamos debater soluções para superar a desigualdade no brasil? 

o bate-papo legislab espm começa logo mais, às 18h! #cironaespm 

link nos comentários <u+0001f447>",0,0,0
16676,2022-12-20 12:21:44 utc,simone tebet,@bharbist <u+0001faf6><u+0001f3fc> <u+0001faf6><u+0001f3fc> <u+0001faf6><u+0001f3fc>,0,0,0
28872,2019-09-25 15:00:26 utc,soraya thronicke,@dani17345604 @jairbolsonaro @jeronimogoergen infelizmente! estamos estudando o que fazer.,0,0,0
27199,2022-10-18 01:20:33 utc,soraya thronicke,"@atwellfilms @capitaocontar brasileiro é brasileiro! sou estado mínimo; o que as pessoas fazem dentro de quatro paredes, desde que não seja crime, não interessa! somos todos um! eu incluo todos os brasileiros no meu <u+2764><u+fe0f>, até mesmo os q não gostam de mim. azar deles! rsrs",0,1,0
20917,2022-09-29 11:17:22 utc,sofia manzano,"também defendemos a manutenção da atual política de cotas raciais, a defesa da liberdade de culto religioso, combate ao preconceito e aos ataques às religiões de matriz africana e o fim do genocídio dos povos indígenas e do povo negro, ressalta o plano de governo.<u+0001f447><u+0001f3ff>",0,0,0
21524,2022-07-23 18:45:57 utc,sofia manzano,@colombopcb força comunista em são paulo. avante!,0,0,0
17759,2021-03-31 12:25:37 utc,simone tebet,"mulheres chegam a receber 25% a menos do que homens, nas mesmas funções e com a mesma produtividade. o nome disso é discriminação vergonhosa, imoral e inconstitucional. aprovamos projeto que combate essa prática.",0,0,0
28791,2019-10-11 03:52:56 utc,soraya thronicke,@claudioedantas @tcuoficial boa!!!! gostei!,0,0,0
8534,2021-02-24 17:07:18 utc,lulaoficial,@flaviadurante feliz aniversário! dias melhores virão!,0,0,0
7469,2022-03-25 15:26:46,lulaoficial,"morei muitos anos numa casa de 33 m². andava com a canela roxa de tanto bater nas coisas. eles acham que os pobres sempre aceitam o resto. mas nós não queremos o osso, queremos nossos direitos.",0,0,0
11290,2022-06-07 22:48:57 utc,ciro gomes,"no fundo, eu não acredito que lula e bolsonaro terão coragem de desrespeitar o povo brasileiro, deixando de ir ao debate. 

aguardo eles lá, para uma conversa franca, profunda e sem censura. é o que o brasil precisa.",0,1,0
19144,2022-09-14 14:33:58 utc,felipe davila,"minha solidariedade à @veramagalhaes diante de mais um ataque direto sofrido no exercício do seu trabalho.

a incapacidade de conviver com críticas e questionamentos da imprensa é comportamento típico dos populistas e de quem não tem vocação para a vida pública.",0,0,0
21978,2022-03-29 20:18:35 utc,sofia manzano,"rui costa sendo cotado para futuro ministro da economia do possível futuro governo lula só demonstra o porquê nossa pré candidatura é fundamental para o país. 
rui costa é um governador neoliberal, destruidor do setor público, apoiador da agenda conservadora. segue",0,0,0
21446,2022-08-03 18:55:54 utc,sofia manzano,"@jlucasrm_ @leopericlesup se nós tivéssemos a mesma exposição que os outros tiveram, estaríamos com maior pontuação nas pesquisas. 
a perseguição antidemocrática é implacável.",0,0,0
7549,2022-03-03 16:01:05 utc,lulaoficial,"é inadmissível que em plena segunda década do século 21 alguns líderes insistam em se comportar como nossos antepassados da pré-história, quando não existia diplomacia e a única lei em vigor era a lei do mais forte.",0,0,0
21840,2022-05-11 15:47:15 utc,sofia manzano,a jornalista shireen abu akleh foi executada com um tiro na cabeça por um soldado de israel.,0,0,0
507,2022-08-04 17:57:44 utc,jairbolsonaro,"- petrobras anuncia redução do preço de venda do diesel para as distribuidoras de r$ 5,61 para r$ 5,41 por litro a partir de amanhã, 05/08. 

- a redução representa queda de r$ 0,20 por litro.",0,0,0
10949,2022-08-04 20:59:06 utc,ciro gomes,"vou renegociar as dívidas de todos os trabalhadores brasileiros, tirando o banco do brasil e a caixa econômica do cartel em que apenas cinco bancos acumulam 85% de todas as transações financeiras.",0,0,0
21432,2022-08-07 01:12:29 utc,sofia manzano,"@carolbirrer é que depois de pensar dialeticamente o dia todo, um pouco de lógica formal dá uma aliviada boa nos neurônios.",0,0,0
20408,2021-03-29 13:40:54 utc,felipe davila,"o famoso jeitinho brasileiro chegou no orçamento da união. incrível. tentaram esconder 31 bilhões que furam o teto. ainda bem que temos profissionais como o @felipesalto, que pegaram a maracutaia no ato. parabéns ao trabalho!",1,0,0
17466,2022-02-14 13:42:12 utc,simone tebet,@renatobbd <u+0001f64f>,0,0,0
15965,2022-11-16 22:37:17 utc,leonardo pericles,"ensinando a lição de casa ao meu filho:
filho- pai, tenho que escrever seu nome!
eu-ok
então ele escreve leo.
eu- não é leo, é leonardo.
então ele escreve: leo nardo
eu- mas é junto!
filho- uai pai, eu achei que era separado, seu nome leo e seu apelido nardo!
eu- <u+2764><u+fe0f>",0,0,0
24740,2020-10-08 19:31:00 utc,vera lucia,"todo apoio ao ocupação da mwl em caçapava! 
desde o dia 21, metalúrgicos estão em greve pelos seus empregos e contra o fechamento da fábrica. hoje (08/10) a ocuparam.
os capitalistas só pensam no lucro deles.
vamos construir uma alternativa socialista e revolucionária! <u+270a><u+0001f3ff>",1,0,0
21050,2022-09-19 14:56:27 utc,sofia manzano,"""1 - política fiscal: não há movimentação para revogar o teto de gastos; 2 - enfrentamento ao agronegócio; 3 - relações de trabalho no brasil. destaco esses três pontos como diferenças em relação ao programa do @lulaoficial"" 

#vote21 #pcb21 #sofia50mil #sofiamanzano21",0,0,0
11225,2022-06-21 11:11:02 utc,ciro gomes,começo a conversa de hoje reiterando: o brasil tá na pior crise da sua história e nós não acharemos o diagnóstico  e muito menos a solução  se não trocarmos ideias. por isso lamento muito que lula e bolsonaro recusem um convite tão importante como esse da @cbnoficial.,0,0,0
6149,2022-09-27 15:18:25 utc,lulaoficial,"quando a gente for construir uma proposta de esporte, precisamos pensar o esporte como instrumento para cuidar da saúde e educação da nossa sociedade.",0,0,0
7165,2022-05-27 22:07:50 utc,lulaoficial,"nós que lutamos para derrubar um governo fascista no brasil, pedimos ao povo da colômbia e todos que defendem a democracia, que no próximo domingo, vote no companheiro @petrogustavo como presidente da colômbia.",0,0,0
1272,2022-03-05 18:53:52 utc,jairbolsonaro,@itamaratygovbr <u+0001f1e7><u+0001f1f7>,0,0,0
2589,2020-06-20 19:44:31 utc,jairbolsonaro,"4. o @mdregional_br também selecionou 6 projetos para melhorar e ampliar os sistemas de abastecimento de água e saneamento básico em são paulo;

5. foi autorizada a retomada de obras de 730 moradias em suzano (sp) e tabatinga (am), gerando mais 2,6 mil empregos nos locais;",0,0,0
12235,2021-10-24 00:55:33 utc,ciro gomes,"lamento muito o falecimento do meu amigo desde os tempos do movimento estudantil, papito oliveira. ele era um grande quadro do pdt e um companheiro de luta valoroso. meus sentimentos à família e amigos.",0,0,0
22911,2021-01-19 19:25:35 utc,sofia manzano,#impeachmentja,0,0,0
27863,2022-03-22 03:17:35 utc,soraya thronicke,@jgneves71 não vou dar palco para esse pessoal. é exatamente isso o que eles querem.,0,0,0
14405,2020-07-23 15:45:09 utc,ciro gomes,@ppiantavini boa! <u+0001f44f><u+0001f44f>,0,0,0
6597,2022-08-19 10:31:54 utc,lulaoficial,bom dia! é <u+0001f991> de novo com a força do <u+0001f419>,0,0,0
780,2022-06-11 09:49:20 utc,jairbolsonaro,"- após a continuidade recordes de titulações de terras rurais, seguimos.

- o governo federal lança programa aproxima, que transforma imóveis da união em habitação popular.",0,0,0
4116,2019-03-18 09:13:12 utc,jairbolsonaro,@joaquinteixelra @astro_pontes <u+0001f44d><u+0001f3fb>,0,0,0
20756,2022-10-21 16:50:24 utc,sofia manzano,@dimitravulcana obrigada. seguiremos firmes.,0,0,0
20321,2021-05-12 13:55:08 utc,felipe davila,é quase um #orcamentosecreto em penduricalhos e benefícios.,0,0,0
24980,2020-03-27 13:33:58,vera lucia,"@jairbolsonaro vai gastar r$4,8 milhões do cofre público em uma campanha publicitária assassina, para defender os lucros dos empresários.  o brasil tem que parar bolsonaro. colocar esse miliciano pra fora, junto com mourão e sua trupe reacionária. #forabolsonaro #foramourão",0,0,0
6712,2022-08-04 18:10:55 utc,lulaoficial,bolsonaro tem apelado cada vez mais para mentiras para tentar enganar a população. não vai colar. espalhe @verdadenarede. #equipelula,0,1,0
16245,2022-03-20 23:47:50 utc,leonardo pericles,@fruitmoonbat @sofiamanzanopcb obrigado pela homenagem e divulgação! <u+0001f44a><u+0001f3ff>,0,0,0
3820,2019-06-03 18:29:27 utc,jairbolsonaro,"desde o fim de 2018 a escassez de comida leva a longas filas e desespero em cuba. a venezuela, em crise, diminuiu sua oferta de petróleo, que era em parte revendido pela ditadura cubana e, após minha eleição, o brasil deixou de enviar cerca de r$ 1 bilhão/ano via mais médicos.",1,0,0
6986,2022-06-22 01:24:17 utc,lulaoficial,"eu estou com mais vontade do que nas outras eleições que participei, porque eu já sei o que fazer quando sentar na cadeira. a gente vai começar pelos de baixo. pelo que o povo mais precisa. nós vamos colocar o pobre no orçamento. boa noite para vocês.",0,1,0
21386,2022-08-13 03:29:05,sofia manzano,"é assim que a classe trabalhadora é tratada no brasil. 
todo apoio aos moto-boys que estão programando um grande ato segunda feira. 
tem que parar a cidade, parar o país. 
não é mais possível assistir passivamete essa crueldade.",0,0,0
20793,2022-10-16 23:33:29 utc,sofia manzano,bolsonaro acabou com os recursos públicos para construção de cisternas no nordeste.,0,0,0
10096,2018-08-23 21:49:42,lulaoficial,"há tão pouco tempo nós éramos um país fora do mapa da fome, em 2014, vivíamos o pleno emprego, e agora? 13 milhões de desempregados, políticos que estão contra o povo...  joão azevedo, candidato a governador no estado da paraíba.",0,1,0
10648,2022-09-06 11:06:19 utc,ciro gomes,"um dos apresentadores do uol notícia, diego sarza, chegou a dizer no ar que recebeu mensagens de apoiadores do ciro relatando o erro da reportagem, mas seguiu repercutindo a declaração distorcida sem dar atenção devida ao fato.",0,0,0
8701,2020-10-19 21:21:30,lulaoficial,jair bolsonaro odeia a educação e tudo o que ela representa.,0,0,0
12961,2021-03-17 02:22:16 utc,ciro gomes,"12. isto quer dizer, sem dúvida, que enquanto a vacina não chegar a pelo menos 70% de nós - o que acontecerá só perto de setembro, na melhor hipótese - a única forma de não corrermos o risco de morrer é evitar o contato com outras pessoas.",0,0,0
16866,2022-09-24 23:06:13 utc,simone tebet,"nós temos que tirar do papel a nova reforma do ensino médio para dar escola com ensino técnico aos jovens. vamos pagar a bolsa jovem no valor de 5 mil reais para o jovem se formar, para que ele tenha educação, emprego e qualidade de vida. #debatenosbt",0,0,0
29110,2019-08-12 21:53:24 utc,soraya thronicke,"@linikerpapke está na hora de pararem com isso. não sei se estou enganada, mas nunca vi esquerdista reclamar que sua página caiu. farei o que estiver ao meu alcance para acabar com esse absurdo.",0,0,0
7938,2021-09-19 16:42:15 utc,lulaoficial,@zehdeabreu <u+0001f44a><u+0001f3fc>,0,0,0
29810,2019-04-15 13:06:27 utc,soraya thronicke,"legislação específica, direcionada.",0,0,0
10318,2018-08-04 16:46:19,lulaoficial,viva o brasil! viva o partido dos trabalhadores e das trabalhadoras! um abraço do lula!,0,0,0
7378,2022-04-19 21:38:55 utc,lulaoficial,"só o emprego dá dignidade à família brasileira. não há nada mais sagrado do que você trabalhar e com o suor do seu sangue levar para casa o sustento da sua família. quando fui presidente, geramos 22 milhões de empregos com carteira assinada e a previdência era superavitária.",0,0,0
17847,2021-01-13 02:38:41 utc,simone tebet,"@sen_cristovam senador cristóvam buarque, fiquei muito feliz e emocionada ao ver o seu post. o senhor faz falta no senado. precisamos de parlamentares comprometidos com o que é prioritário para o país, como a educação. um grande abraço e muito obrigada pelo apoio.",0,0,0
2648,2020-06-06 12:14:41 utc,jairbolsonaro,"1- o @minsaude adequou a divulgação dos dados sobre casos e mortes relacionados ao covid-19.

ao longo do enfrentamento da doença, a coleta de informações evoluiu com capacitação e serviços laboratoriais. as medidas, assim, permitem obter dados mais precisos sobre cada região.",0,0,0
3946,2019-05-03 16:25:42 utc,jairbolsonaro,"um forte abraço, bibi @netanyahu! shalom! <u+0001f1e7><u+0001f1f7><u+0001f1ee><u+0001f1f1>",0,0,0
27085,2022-11-03 00:04:11 utc,soraya thronicke,@marisoaresrb @dasosomariv <u+0001f60d><u+0001f60d><u+0001f60d>,0,0,0
22102,2022-02-22 02:23:17,sofia manzano,"eu trabalho todos os dias. por isso, não tenho muito tempo de ficar acompanhando tuiteiro que nos ameaça. na verdade, não tenho medo deles, porque sei que se escondem atrás das redes para destilar sua violência e insignificância real.
força aos nossos camaradas. 
vamos em frente.",0,0,0
525,2022-07-29 20:22:49 utc,jairbolsonaro,@marcelosampaio <u+0001f1e7><u+0001f1f7>,0,0,0
20665,2022-11-06 23:39:57 utc,sofia manzano,@yurienderson @casimiro sei não,0,0,0
21069,2022-09-18 20:13:18 utc,sofia manzano,@manoelm57881649 @ayalla2121 @giovanidamico @coimbrasousa obrigada querido camarada.,0,0,0
27245,2022-10-14 01:30:22 utc,soraya thronicke,"@hailtonfmx @majorolimpio <u+0001f60d><u+0001f60d> continuo sendo a mesma soraya de sempre estou apenas em um momento sabático, meu silêncio é para respeitar a decisão dos brasileiros. depois teremos outra conversa gratidão!",0,1,0
7434,2022-04-04 14:57:35,lulaoficial,a preocupação de bolsonaro é destruir o que vem pela frente. não podemos aceitar provocação e nem fazer o jogo rasteiro que eles vão fazer. contra a indústria de fake news deles vamos criar uma indústria para dizer a verdade ao povo.,1,0,0
26736,2022-12-30 20:13:10 utc,soraya thronicke,"@yorkthronicke ahhhhhh, que fofuraaaaa!!!! <u+0001f63b>",0,0,0
8615,2020-12-01 18:03:30 utc,lulaoficial,teve gente que não entendeu o meme. <u+2b50><u+fe0f> #equipelula,0,0,0
17806,2021-01-21 19:53:43 utc,simone tebet,"a condução do senado precisa de independência e amplo diálogo pelo bem do país. obrigada pelo apoio, @sen_alessandro! <u+0001f64c><u+0001f64c>",0,0,0
2306,2020-09-27 14:02:05 utc,jairbolsonaro,@marmilbr @icmbio <u+0001f91d><u+0001f1e7><u+0001f1f7>,0,0,0
22390,2021-08-26 12:31:11 utc,sofia manzano,sim. falamos sobre temas importantes para compreender a realidade brasileira e informar a luta.,0,0,0
11795,2022-02-08 23:22:54 utc,ciro gomes,"o @nilagra na #cirogames : o limite do humor é a graça. se você acaba ferindo mais do que alegrando, você está fugindo do propósito da piada. você não vai pegar e fazer uma piada homofóbica, racista, pra bater em uma população que já sofre. é uma questão de bom senso.",0,0,0
17849,2021-01-12 17:20:50 utc,simone tebet,@marleicev <u+0001f44f><u+0001f3fc><u+0001f44d><u+0001f3fc>,0,0,0
29360,2019-06-30 00:55:14 utc,soraya thronicke,"@gobrasileiro estamos nos mexendo, tenha certeza disso.",0,0,0
20222,2021-06-12 13:35:10 utc,felipe davila,"maciel se foi sem ver o voto distrital virar realidade. ele não sai da pauta, mas nunca é votado. hoje, o parlamento só tem sugerido medidas para piorar ainda mais a  questão política, como o distritão e a federação de partidos. (4/4)",0,0,0
3566,2019-09-08 20:26:32 utc,jairbolsonaro,"- mais uma cirurgia. desta vez foram 5 horas, mas estamos bem. obrigado a todos pelo apoio e orações! obrigado deus pela minha vida! logo estarei de volta ao campo. irruuu!",0,0,0
26199,2014-01-28 13:36:45,vera lucia,"a opção do pt pela aliança com a burguesia e a necessidade de uma alternativa dos trabalhadores

sobram apenas... http://t.co/uitp4olrrq",0,1,0
14380,2020-07-27 17:40:03 utc,ciro gomes,"@ilmacosta2 agradeço pelas palavras, querida @ilmacosta2. seguimos juntos na luta <u+270a><u+0001f1e7><u+0001f1f7>",0,0,0
11712,2022-03-09 00:37:54 utc,ciro gomes,"vice-prefeita de salvador, @anapaulamatosba: podemos falar de avanços legais, mas, na prática, quando a gente verifica o grau de pobreza que temos, a falta de desenvolvimento econômico e social, a gente percebe essa violência contra a mulher, essa falta dos nossos direitos.",0,0,0
9275,2020-01-24 01:18:31 utc,lulaoficial,"o prejuízo que a lava jato causou ao pib brasileiro já é de 142 bilhões de dólares. mais de dois milhões perderam o emprego. ao invés de punir os executivos, eles quebraram as empresas e as indústrias.",0,0,0
23448,2022-09-15 10:50:38 utc,vera lucia,@da_goiabeira sou mais eu.,0,0,0
2954,2020-03-26 23:14:59 utc,jairbolsonaro,"11- o @govbr assina decreto de funcionamento das 12.956 caixas lotéricas (serviços essenciais) devido a determinação do fechamento de 2.463 unidades por alguns governadores e prefeitos.

12- a @caixa anuncia r$ 5 bi de financiamento com redução de juros/mês p/ 0,8% à santa casas.",0,0,0
18988,2022-11-15 18:40:40 utc,felipe davila,"dia de lembrarmos da nossa luta!

hoje comemoramos 133 anos da proclamação da república, que marcou um novo período na política do nosso país.

em 15 de novembro de 1889, o brasil se tornou um país de regime republicano, um estado organizado sob ideais de soberania popular,",0,0,0
2882,2020-04-13 00:47:34 utc,jairbolsonaro,@gusttavo_lima - parabéns pela excelente live! forte abraço!,0,0,0
11532,2022-04-26 13:56:44 utc,ciro gomes,"a maioria não cometeu nenhuma violência, é avião do tráfico, vendendo pequenas quantidades e que a polícia prende para fazer de conta que está enfrentando o narcotráfico, que não mora na periferia. o grande narcotraficante mora no estrangeiro ou nos bairros de luxo do brasil.",0,0,0
948,2022-05-18 10:07:09 utc,jairbolsonaro,"- centenas de ginásios, pistas de atletismo, campos de futebol, piscinas, academias ao ar livre, estádios, quadras poliesportivas, pistas de skate, quadras de tênis e campos society estão à disposição de crianças, jovens, adultos e idosos do país.",0,0,0
2176,2020-11-11 16:02:18 utc,jairbolsonaro,@embaixadaeua <u+0001f91d>,0,0,0
24732,2020-10-12 00:14:51 utc,vera lucia,"reportagem do #fantástico mostrou parte do drama da fome.  onu indica que 10 milhões estão em situação de ""insegurança alimentar"", no mesmo país em que 42 bilionários ficaram mais ricos durante pandemia, parte deles às custas do arroz a r$ 40. absurdo.",0,1,0
28359,2020-05-21 20:05:59 utc,soraya thronicke,"@mcorrea_7 @policiafederal @tsejusbr tcu... toda a população deveria estar preocupada com esse tipo de coisa,e unida no combate à corrupção,q não tem fim, e o $ é do nosso suor.deveria estar cobrando lisura e transparência de todos os políticos e agentes.mas está ocupada demais brigando entre si nas redes sociais.",1,0,0
11570,2022-04-19 10:03:27 utc,ciro gomes,"neste dia 19, quero renovar estas lembranças, mas, antes de tudo, reforçar meu compromisso de lutar ao lado de todos os povos indígenas para garantir que seus direitos e suas vidas sejam preservadas.",0,0,0
2151,2020-11-21 02:11:31 utc,jairbolsonaro,"- aqueles que instigam o povo à discórdia, fabricando e promovendo conflitos, atentam não somente contra a nação, mas contra nossa própria história. quem prega isso, está no lugar errado. seu lugar é no lixo!",1,0,0
596,2022-07-20 10:35:00 utc,jairbolsonaro,"- além dos estados do nordeste, os mais beneficiados com a queda dos preços são são paulo, goiás, minas gerais e mato grosso do sul, exatamente por serem os maiores produtores de cana voltada ao etanol.",0,0,0
7804,2021-11-20 12:26:13 utc,lulaoficial,"a questão ambiental não pode ser apenas um tema acadêmico, nem uma preocupação só da esquerda. tem que ser uma preocupação do povo do planeta terra. nós só temos ele, apesar de ter gente pagando milhões e embarcando pro espaço temos que colocar essa discussão na ordem do dia.",0,0,0
27774,2022-07-25 01:06:57 utc,soraya thronicke,"na posição em que hj me encontro é óbvio q tenho acesso a mais informações do q a gde maioria da população. 

mas tem gente que acha que não!tem gente que tem certeza que sabe mais do que eu sei. 

oh,céus! como isso é possível?

ahhh, brazil!a ignorância vai custar caro demais!",0,0,0
22842,2021-02-15 00:33:29 utc,sofia manzano,@thiago24544129 @aruarunam @deccache @carloshortmann independente de quem?,0,0,0
6774,2022-07-28 15:11:33 utc,lulaoficial,"em 1998, quando era candidato, estive em uma reunião da sbpc, para conversar com os pesquisadores sobre  ciência e a educação. não fui eleito naquele ano, mas quando assumi em 2003, trabalhamos com a comunidade científica para discutir propostas e meios de torná-las realidade.",0,0,0
1641,2021-10-09 09:51:24 utc,jairbolsonaro,"- rondônia: o programa wi fi brasil ultrapassou a marca de 400 pontos de conexão em 50 municípios do estado.

. a internet via satélite chega a 213 escolas, 51% do total de pontos dos estado.

. 70% do sinal para a área rural

. 96% dos municípios com acesso à internet",0,0,0
8610,2020-12-05 17:43:15 utc,lulaoficial,há um ano no quilombo do campinho <u+2665><u+fe0f>,0,0,0
21862,2022-05-04 03:15:02,sofia manzano,"pátria, país, nação, são abstrações. 
as pessoas, indígenas, negros, negras, trabalhadores, trabalhadoras, são tudo o que chamam país. 
onde estão os yanomami?
onde está a justiça para as crianças negras?
não podemos apenas nos compadecer: a revolta tem que ser política.",0,1,0
2929,2020-03-29 14:01:47 utc,jairbolsonaro,"- @prfbrasil recebe doações de alimentos e kits de higiene para caminhoneiros.

- campanha busca possibilitar que esses profissionais sigam trabalhando para o abastecimento vital da população.",0,0,0
17880,2020-06-24 16:12:26 utc,simone tebet,"1. votaremos hoje no senado o marco do saneamento básico como veio da câmara. o que não couber ou convier, presidente veta, parcialmente, por acordo. só não dá mais pra esperar.",0,0,0
24244,2021-07-17 01:32:15 utc,vera lucia,"@milkycuco tem uma disputa sobre projetos abertas. pode ser que o regime se recomponha, pode ser que caia. mas se cair, aí se torna ainda mais fundamental que as organizações dos trabalhadores estejam ao lado dos lutadores. do contrário, fica ""de graça"" para os eua.",0,0,0
21252,2022-08-28 22:28:17 utc,sofia manzano,"#queremossofianodebate #vote21 

nosso candidato à vice-presidência e eu apresentamos no programa a redução da jornada de trabalho para 30h sem redução de salários!",0,0,0
10994,2022-07-28 01:23:57 utc,ciro gomes,"repetir as mesmas coisas vai dar nas mesmas coisas. estar em dúvida e querer ver debate, ouvir os candidatos, deveria ser o essencial. o esperado. toda pessoa sensata nesse momento deveria estar em dúvida, mas muita gente tá se rendendo pra não ser 'cancelado na internet'. pena.",0,0,0
6902,2022-07-06 21:58:38 utc,lulaoficial,"recriar o ministério da cultura é um compromisso que tenho, assim como criar comitês culturais em cada cidade do brasil, para que a cultura seja exercitada nas menores cidades do país. no interior, nas periferia, há uma capacidade cultural excepcional do povo brasileiro.",0,0,0
5912,2022-10-10 11:02:54 utc,lulaoficial,"o brasil vai melhorar. vocês lembram que no meu governo tinha aumento real do salário mínimo todo o ano, os aposentados tinham aumento, o benefício saia rápido. geramos 22 milhões de empregos. esse país vai voltar a ser orgulho no mundo.",0,0,0
28579,2019-11-16 14:41:05 utc,soraya thronicke,"@portimeu_br nesse caso óbvio q ñ!uma coisa ñ tem a ver c outra.ñ concordo c isso q ele está fazendo.ñ vamos transformar um simples obrigada em celeuma.essa história q ele nos defendeu é antiga,foi uma injustiça,vcs ñ conhecem os detalhes.só fui grata,sou cristã e penso assim.ñ misturem.",0,0,0
7721,2021-12-27 12:41:47 utc,lulaoficial,"conversei com o governador rui costa, e é importante e urgente que as forças armadas, com sua estrutura de enfrentamento de calamidades, atuem no apoio para as vítimas das enchentes. sem nenhum tipo de veto político, mas sim para ajudar o povo da bahia.",0,0,0
5413,2022-11-10 15:03:16 utc,lulaoficial,"a copa do mundo começa daqui a pouco e a gente não tem que ter vergonha de vestir a camiseta verde e amarela. a camiseta não é de partido político, é do povo brasileiro. vocês vão me ver usando a camiseta amarela, só que a minha terá o número 13.",0,0,0
19073,2022-10-02 00:37:29 utc,felipe davila,"não há nenhuma hipótese de a democracia sair fortalecida das urnas se o país for governado pelos responsáveis por fomentar a polarização, o radicalismo e o brasil do nós e eles. é o voto mais útil para a perpetuação de práticas que nos envergonham como nação e no mundo. (4/7)",0,0,0
27046,2022-11-03 01:10:21 utc,soraya thronicke,"@atwellfilms kkkkk vcs foram lá atrás, né???",0,0,0
29194,2019-07-23 22:33:14 utc,soraya thronicke,@majorolimpio @anacunh41319520 @veja grande major olímpio! nosso líder!,0,0,0
6560,2022-08-22 15:27:44 utc,lulaoficial,"tenho certeza que os resultados das eleições serão acatados. o importante é termos uma eleição civilizada, que seja orientada pela esperança e por propostas para o brasil ser um país melhor.",0,0,0
1719,2021-08-07 11:15:48 utc,jairbolsonaro,"- o @govbr aumentou o valor da cota de isenção de importação de produtos usados no desenvolvimento de pesquisas científicas para us$ 193 milhões. o limite anterior era de us$ 93 milhões, o que representa um acréscimo de us$ 100 milhões.",0,0,0
13599,2020-10-30 12:57:01 utc,ciro gomes,@jmmurbach bom dia! <u+0001f339><u+270a> #martharochaprefeita,0,0,0
6437,2022-09-02 21:05:14 utc,lulaoficial,"acho que bolsonaro está um pouco perdido. ele mesmo não nega que não sabe governar, que não entende de política, nem de economia.",0,0,0
11550,2022-04-24 15:20:21 utc,ciro gomes,"a seita dos fanáticos lulistas entrou em polvorosa, ontem, porque ousei questionar a divindade que eles cultuam. mas o pensamento acrítico e inculto deles só fez inundar as redes de chavões, deturpações, mentiras e equívocos.",1,0,0
22105,2022-02-22 01:49:43 utc,sofia manzano,"em defesa da lei de responsabilidade social. 
ouçam a minha entrevista no @pgmfaixalivre 
#poderpopular 
#sofiamanzanopcb
#pcb",0,0,0
22990,2020-12-19 22:40:29 utc,sofia manzano,fala um monte de besteira que só faz sentido para sua platéia de ignorantes.,0,0,0
21345,2022-08-21 22:07:19 utc,sofia manzano,"faltam 2 horas para o nosso tuitaço!

#vote21",0,0,0
10939,2022-08-05 16:47:21 utc,ciro gomes,"e é assim que eu me apresento ao meu país: como alguém que é preparada  não só pelas universidades, mas pelo amor pelo brasil e por nosso povo. (@anapaulamatosba) #vicedociro",0,0,0
19547,2022-06-22 22:00:00 utc,felipe davila,"a poucos meses da eleição, bolsonaro tenta emplacar mais uma medida populista, criando uma emenda constitucional para resolver um problema de curto prazo (aumento do gás e combustível). esse é mais um retrato de um governo à deriva que não sabe o que fazer para enfrentar a crise.",0,0,0
28529,2019-12-28 01:21:38 utc,soraya thronicke,@at_lorenzon muito bom! bela analogia!,0,0,0
22431,2021-07-29 00:26:16 utc,sofia manzano,"#liberdadeparagaloegessica 
é absurda a prisão arbitrária de galo e géssica. não podemos aceitar. 
solidariedade e apoio.",0,0,0
7901,2021-10-01 13:35:47 utc,lulaoficial,"esse mês faço 76 anos. tô querendo me casar e tô cheio de energia. mas a energia não é só pro casamento, não é pra cuidar do povo!",0,0,0
28951,2019-09-16 01:56:11 utc,soraya thronicke,@damadeferroofic obrigada! lucidez é tudo!,0,0,0
2855,2020-04-22 03:59:07 utc,jairbolsonaro,8- as máscaras são do tipo face shield (extremamente seguro) e servem para aumentar a proteção dos profissionais que atuam diretamente no combate ao coronavírus.,0,0,0
18989,2022-11-14 20:47:55 utc,felipe davila,"lula ainda nem assumiu o comando e o centrão já está negociando o futuro do brasil na mesa. é por isso que precisamos de nomes compretidos em construir um projeto de país, não a próxima eleição. 

o nosso trabalho para 2024 já começou. o brasil merece mais. (8/8)",1,0,0
23154,2020-08-05 12:40:23 utc,sofia manzano,"@deccache adam smith também disse que a riqueza é produzida pelo trabalho.... por isso o economics só utiluza de smith o que interessa para sua ideologia, porque o que produzem, desde a escola austríaca e marshall, não é ciência, é ideologia.",0,0,0
4136,2019-03-12 18:56:24 utc,jairbolsonaro,"com o trabalho do ministerio da ciência e tecnologia, inauguramos os serviços de telecomunicações da estação brasileira na antártica. os cientistas e militares que lá atuam  agora dispõem de internet fixa de alta velocidade, conexão 4g, acesso wi-fi nas instalações e sinal de tv.",0,0,0
7125,2022-06-02 14:49:29 utc,lulaoficial,"o mundo digital está nos levando a descobrir novas formas de trabalho. em araraquara, o prefeito edinho está criando, através da prefeitura, aplicativos que 80% do valor fica com o entregador. quem sabe não é um momento extraordinário para debatermos cooperativas.",0,0,0
23790,2022-04-05 15:42:04,vera lucia,"o @geraldoalckmin só mudou o partido, mas continua o mesmo defensor dos ricos. @lulaoficial você mudou pra pior com a construção de uma chapa e um programa muito mais a direita. o brasil mudou para pior por culpa de @jairbolsonaro e tbm dos capitalista que todos vocês defendem.",1,0,0
24440,2021-04-25 19:04:53 utc,vera lucia,preocupante.,0,0,0
7509,2022-03-15 21:55:46 utc,lulaoficial,não tem como discutir melhoria sem colocar a questão climática no centro do debate. vamos ter que fazer a discussão ambiental na hora de discutir a economia. não é possível achar que desmatando você ganha mais do que mantendo as árvores em pé.,0,0,0
22691,2021-03-19 17:57:24 utc,sofia manzano,segue a política sanguinária.,0,0,0
20637,2022-11-10 19:57:21 utc,sofia manzano,"o agronegócio é o maior responsável pelo desmatamento e a jbs é uma das principais empresas do agronegócio. 
não foi a toa que apoiou o governo genocida destruidor. 
e tem mais, tem a pior relação de trabalho em seus abatedouros.",1,0,0
1678,2021-09-18 11:12:38 utc,jairbolsonaro,"- em 2020, estados e municípios, incluindo estatais, tiveram um superávit de r$ 42,9 bilhões, o maior resultado primário da série histórica iniciada em 2000, e terminaram o ano com acréscimo de r$ 31,1 bilhões no estoque de caixa e equivalente de caixa.",0,0,0
21907,2022-04-08 04:35:43 utc,sofia manzano,"@nao_viegas @domingoparque @centraleleicoes deixa lá, a luta é pela humanidade e não por mandato. elas não entendem, mas não sobreviverão.",0,0,0
15015,2020-04-01 00:40:56 utc,ciro gomes,"(...) a renda mínima não saiu do papel criminosamente nem para ser sancionada! os privilégios para os bancos não vão na conta fiscal, enfim, o governo como um todo é de irresponsáveis e mentirosos!",1,0,0
27833,2022-04-29 02:21:29 utc,soraya thronicke,@edugiraooficial <u+0001f44f><u+0001f3fc><u+0001f44f><u+0001f3fc><u+0001f44f><u+0001f3fc>,0,0,0
16683,2022-12-16 12:45:28 utc,simone tebet,@pr3sepada bom dia <u+0001f970>,0,0,0
638,2022-07-10 22:15:14 utc,jairbolsonaro,"- é o lado de lá que dá facada, que cospe, que destrói patrimônio, que solta rojão em cinegrafista, que protege terroristas internacionais, que desumaniza pessoas com rótulos e pede fogo nelas, que invade fazendas e mata animais, que empurra um senhor num caminhão em movimento.",1,0,0
6339,2022-09-14 15:45:15 utc,lulaoficial,"gostaria que este evento aqui hoje com cooperativas fizesse uma homenagem a dona ilza, que foi humilhada de uma forma só pode ser feita por alguém que não tem caráter. eu liguei para ela, mas no momento ela não pôde atender, mas queria prestar minha solidariedade.",0,0,0
10590,2022-09-14 09:16:09 utc,ciro gomes,"a escalada de ataques de bolsonaristas à jornalista @veramagalhaes já chegou ao ponto máximo, e tem que ser visto como uma múltipla ação terrorista que afronta não apenas uma mulher e jornalista independente, mas toda uma sociedade democrática. (...)",0,0,0
21933,2022-04-06 16:04:12 utc,sofia manzano,@berzerra_ perfeito. vamos lá contribuir.,0,0,0
17001,2022-08-29 23:13:08 utc,simone tebet,"a democracia permite quase tudo, mas não atos contra ela. o stf e o tse devem investigar rigorosamente se há algum tipo de tentativa de golpe no país, seja por parte de empresários ou do poder executivo. #simonenacnn",0,0,0
27100,2022-11-02 23:28:27 utc,soraya thronicke,@sorayaitgirl ainda não! vou assistir!,0,0,0
22901,2021-01-20 14:03:45 utc,sofia manzano,"@rodrigomaia @joebiden @kamalaharris e o #impeachmentbolsonaro, vai encaminhar? fazer seu trabalho ajudaria bastante a democracia no brasil.",0,0,0
7741,2021-12-20 02:39:48,lulaoficial,"qualquer candidato pode ir pra televisão mentir, fazer promessas vãs. eu não posso. eu tenho um legado, tenho que fazer mais do que eu fiz. vou encontrar uma realidade de fome mais forte, inflação mais forte, descrença mais forte, ódio propagado pelo atual governo.",0,0,0
29855,2019-04-06 21:47:07 utc,soraya thronicke,"@cristianemerig1 por incrível que possa parecer, cristiane, creio que fomos eleitas por mais votos masculinos do que femininos. precisamos ir a fundo nesse tema e entender o que há realmente com as mulheres.",0,0,0
22292,2021-12-20 04:26:35 utc,sofia manzano,@felipeneto deve ter sido a eleição do boric no chile. os ventos estão mudando. viva chile!,0,0,0
8917,2020-07-14 18:47:14 utc,lulaoficial,1 - o brasil viu o que seria a pandemia em outros países onde o coronavírus chegou primeiro. e não se preparou. boicotaram a ciência e todos que tentaram preservar a vida. bolsonaro induziu a rebeldia das pessoas contra aqueles que estavam prezando pelo bom senso.,0,0,0
22419,2021-07-29 16:05:20 utc,sofia manzano,@j_livres #liberdadeparagaloegessica já,0,0,0
13214,2021-01-15 14:00:48 utc,ciro gomes,arte do @crisvector <u+0001f58c>,0,0,0
13230,2021-01-11 01:31:35 utc,ciro gomes,@mrtn_blackberry <u+0001f956>=<u+0001f33e>=<u+0001f4b5>,0,0,0
22723,2021-03-16 11:10:43,sofia manzano,"parece que o amoedo não pensa, porque todo mundo que pensa sabia que bolsonaro seria muito ruim. #bolsonarogenocida",0,0,0
18917,2022-12-29 21:01:09 utc,felipe davila,"felizmente, eu tive a oportunidade de conhecê-lo pessoalmente.

nos encontramos na loja do meu avô, nos anos 80, e pude contar o quanto você havia me inspirado e me fez vestir a camisa santista.

você foi grande dentro dos campos e fora deles.",0,0,0
27422,2022-09-09 16:40:52 utc,soraya thronicke,"chega de briga e confusão, o brasil quer paz e união.
#votesoraya44 #sorayapresidente #soraya44 #vote44 #uniãobrasil #grupoliberal",0,0,0
7942,2021-09-17 11:40:33 utc,lulaoficial,"quero saber por que os mesmos que foram atrás dos meus filhos, e não encontraram nada, não podem ir atrás dos filhos do bolsonaro. por que meus filhos podiam prestar depoimento e os filhos do bolsonaro não?!",0,0,0
3431,2019-10-20 16:44:54 utc,jairbolsonaro,"17- o @mec_comunicacao anuncia o descontingenciamento de cerca de r$ 1,1 bilhão para as universidades e institutos federais. com isso, despesas de custeio para pagamento estão 100% liberadas em 2019. pegamos um orçamento esfacelado, contudo vamos organizando o brasil.",0,0,0
30060,2019-03-05 14:03:35 utc,soraya thronicke,"@parlamentistas você não paga sua aposentadoria? você abriu mão dela? eu continuo pagando a minha, como sempre paguei antes de ser parlamentar. responsabilidade. a minha sai do meu bolso.",0,0,0
16703,2022-12-01 11:47:12 utc,simone tebet,@stebetfc bom dia. vamos juntos! <u+270a><u+0001f49c>,0,0,0
28870,2019-09-26 00:34:51 utc,soraya thronicke,@spetu_bixu @jairbolsonaro também!! tudo no brasil é mais caro por causa da carga tributária! esse é só um dos fatores!! estamos descascando o abacaxi!,0,0,0
6204,2022-09-24 15:44:57 utc,lulaoficial,não temos mais teatros nas periferias. é tudo no centro. por que os grandes artistas não podem vir apresentar uma peça ou um show no grajaú? pobre não nasceu para sofrer e nós vamos acabar com isso.,0,1,0
8627,2020-11-21 15:46:21 utc,lulaoficial,@flaviogomes69 <u+270a><u+0001f3fd>,0,0,0
7660,2022-01-28 16:20:00 utc,lulaoficial,"eu faço musculação nas pernas, nos braços, nas coxas, porque eu quero viver 120 anos. o homem que vai viver 120 anos já nasceu, então pode ser eu. eu tenho muita disposição e muita vontade de fazer as coisas.",0,0,0
2724,2020-05-20 15:19:13 utc,jairbolsonaro,- mais informações diárias:,0,0,0
23440,2022-09-15 19:44:48 utc,vera lucia,"é preciso barrar este ataque de bolsonaro ao programa farmácia popular. defendemos a recomposição e ampliação do orçamento do programa. 

temos que ampliar a lista de medicamentos a serem distribuídos gratuitamente à população. por isso, defendemos a quebra das patentes.",0,0,0
7517,2022-03-15 21:17:26 utc,lulaoficial,"eu nunca aceitei a ideia que o nordeste não tivesse a chance de se igualar ao sul, sudeste, centro-oeste, para o brasil ser um país mais justo. trabalhei com muita intensidade para isso. mas desde o impeachment contra a dilma tem um processo de destruição do nosso país.",0,0,0
17419,2022-03-21 13:02:44 utc,simone tebet,@martinixam @elenalandau2 <u+0001f64f>,0,0,0
13478,2020-11-14 13:15:42 utc,ciro gomes,"alô, alô, brasileiros! votar em candidatos ligados ao bolsonaro é dizer amém ao governo desastrado e genocida, além de fechar os olhos para essa corrupção generalizada!",1,0,0
3026,2020-03-19 21:29:45 utc,jairbolsonaro,"7- autorização da produção de álcool em gel nas farmácias de manipulação.

8- convocação de mais de 5.000 médicos.

9- disponibilização inicial de 2.000 leitos para enfermidades relacionadas.",0,0,0
13907,2020-09-12 15:18:55 utc,ciro gomes,@gildsonvieira bora! #convencaopdt12,0,0,0
1874,2021-05-09 19:28:34 utc,jairbolsonaro,"@rogeriosmarinho @mdregional_br <u+0001f91d><u+0001f1e7><u+0001f1f7>, ministro.",0,0,0
1507,2021-12-11 08:58:59 utc,jairbolsonaro,"- com seus contratos assinados, nossos produtores conseguem formalização de suas atividades, acesso a financiamentos e segurança jurídica para produzirem cada vez mais pescados. emprego e desenvolvimento. @govbr",0,0,0
14724,2020-06-20 17:39:49 utc,ciro gomes,"hoje tem #cironabcharts! vai já começar, às 15h. espero vocês no instagram @bchartsnet. compartilhe e participe da nossa live!",0,0,0
24030,2021-10-14 14:35:39 utc,vera lucia,"é muito, muito triste lembrar da história da eloá.

mas me parece importante lembrar.

para nos mantermos alertas à violência contra mulher e muito críticos sobre como a mídia e a polícia tratam essas barbaridades.",0,0,0
28197,2021-03-03 00:46:43 utc,soraya thronicke,"cpi da covid só funcionará efetivamente se investigarmos os ordenadores de despesas que estão na ponta, os governadores e prefeitos.

liberamos bilhões em recursos federais e agora queremos a prestação das contas.",1,0,0
9476,2019-09-04 17:11:20 utc,lulaoficial,"a petrobrás está sendo vendida aos pedaços a suas concorrentes estrangeiras. já entregaram dois gasodutos estratégicos, a distribuidora e agora querem as refinarias, para reduzi-la a mera produtora de petróleo bruto e depois vender o que restou.",0,0,0
14134,2020-08-24 21:05:34 utc,ciro gomes,"deixo meu abraço ao amigo @flaviodino, que perdeu seu pai hoje. que encontre força, paz e luz nesse momento.",0,0,0
22855,2021-01-31 00:57:15 utc,sofia manzano,"@felipeneto que bom que você, @felipeneto fez essa postagem. imagina quando você comecar a ler dostoievski! sério, seu alcance pode elevar muito o nível geral. a literatura brasileira e mundial é espetacular.",0,0,0
6195,2022-09-25 11:02:10 utc,lulaoficial,"no próximo domingo, nesta hora, estaremos nos preparando para votar e decidir o futuro do país. faltam 7 dias. converse com todos, tome cuidado com as fakes news e vamos juntos por um país melhor. bom dia!",0,0,0
7720,2021-12-29 13:39:12 utc,lulaoficial,"meus sentimentos aos familiares, amigos e companheiros de josé maria rabelo, fundador do pdt e do jornal binômio. sempre lutou pela democracia e pelo melhor para o brasil e seu povo, nunca desistindo do nosso país, nem nos momentos mais difíceis.",0,0,0
29784,2019-04-17 02:20:27 utc,soraya thronicke,"@urbano_caos @daniwinebrasil tão difícil quanto, ou pior.",0,0,0
20123,2021-08-12 13:21:22 utc,felipe davila,"terá duração de 1h30, dividido em 4 blocos, em que os pré-candidatos responderão a perguntas minhas, como mediador, dos jornalistas presentes, dos leitores convidados e farão perguntas entre si.",0,0,0
6292,2022-09-17 19:02:13 utc,lulaoficial,"sim, curitiba, paraná, república federativa do brasil. um grande abraço pro povo paranaense.",0,0,0
29800,2019-04-16 01:55:33 utc,soraya thronicke,@joseantonio_abc façam a pressão popular. e orem!,0,0,0
7251,2022-05-07 15:33:12 utc,lulaoficial,"hoje faltam investimentos, profissionais e medicamentos. sobram doenças e mortes que poderiam ser evitadas. não fossem o sus e os corajosos trabalhadores e trabalhadoras da saúde, a irresponsabilidade do atual governo na pandemia teria custado mais vidas. #vamosjuntospelobrasil",0,0,0
20928,2022-09-28 17:23:28 utc,sofia manzano,#vote21,0,0,0
23212,2020-04-08 18:13:47 utc,sofia manzano,"@valoreconomico ele nunca teve noção de realidade, tem apenas um projeto desonesto de se manter no poder.",1,0,0
13844,2020-09-23 12:55:31 utc,ciro gomes,"@ivodonascimento @universo_12 @m4rcelitos @universo12 parabéns, @m4rcelitos! <u+0001f44f><u+0001f44f><u+0001f339>",0,0,0
26802,2022-12-08 02:36:16 utc,soraya thronicke,"terminamos agora a votação da pec da transição. a fome e a falta de remédios são, infelizmente, uma realidade no país. conseguimos barrar os excessos, como bem prometi! 

a vitória foi do brasil! 

*pec segue p/ a câmara.",0,0,0
7954,2021-09-09 16:12:11 utc,lulaoficial,@mussumalive @manobrown <u+0001f44a><u+0001f3fc>,0,0,0
23969,2022-01-09 16:32:12 utc,vera lucia,"a barragem está no alerta máximo para o rompimento! centenas de trabalhadores correm o risco de perder todas suas conquistas, fruto do suor do trabalho. vale tudo pelo lucro, @vallourec? precisamos acabar com esse modelo de mineração já! o capital não está acima da vida!",0,0,0
8689,2020-10-22 14:26:09,lulaoficial,"2 - se bolsonaro não acredita na eficácia da vacina, ele que não tome. mas o papel de um presidente da república é possibilitar que o povo tenha a vacina a sua disposição. se faltava crime de responsabilidade, essa foi a maior irresponsabilidade de um presidente que já vi.",0,1,0
2528,2020-07-11 02:18:04 utc,jairbolsonaro,"- @govbr zera imposto de importação de medicamento para atrofia muscular espinhal, que paralisa até o corpo todo. a medida beneficia crianças de até 2 anos portadoras da doença. a desoneração do medicamento, um dos mais caros do mundo, trará nova esperança às crianças portadoras.",0,0,0
3383,2019-10-28 22:55:50 utc,jairbolsonaro,"importante ressaltar que permanecemos com o mesmo objetivo: colocar o brasil em lugar destaque no mundo, respeitando a vontade de nossa sociedade majoritariamente conservadora e preservando os valores de nossa nação. viva o brasil!",0,1,0
22052,2022-03-16 03:30:33 utc,sofia manzano,@dimitravulcana duvido. você é linda sempre.,0,0,0
21660,2022-06-30 01:07:40 utc,sofia manzano,importante avanço das pré candidaturas no rio de janeiro.,0,0,0
19808,2022-02-24 14:51:50 utc,felipe davila,"governo russo mandou prender ativista que convocou manifestações contra a invasão à ucrânia.

é triste, mas, infelizmente, não surpreendente.

para um autocrata que não tem o mínimo apreço pela vida humana, extinguir a liberdade de expressão é apenas um detalhe.",1,0,0
22628,2021-03-25 17:43:25 utc,sofia manzano,viva o comunismo. viva o #pcb99anos,0,0,0
11013,2022-07-27 23:25:29 utc,ciro gomes,"o brasil precisa derrotar o bolsonaro, mas precisa entender o que causou o bolsonaro. o bolsonaro existiria se não fosse a imprudência, a falta de escrúpulo e a corrução generalizada com a qual lula governou o brasil? ou mudamos isso ou nosso país está morto como nação.",1,0,0
429,2022-08-25 14:18:11 utc,jairbolsonaro,"- ingenuidade crer que países que destruíram praticamente toda sua área verde atacam o brasil, que é referência em energia limpa e preservação, porque se preocupam com meio ambiente. o silêncio sobre problemas em seus próprios quintais mostra que o interesse é em nossos recursos.",0,0,0
1371,2022-02-09 23:16:08 utc,jairbolsonaro,"- a ideologia nazista deve ser repudiada de forma irrestrita e permanente, sem ressalvas que permitam seu florescimento, assim como toda e qualquer ideologia totalitária que coloque em risco os direitos fundamentais dos povos e dos indivíduos, como o direito à vida e à liberdade.",0,0,0
20725,2022-10-27 21:06:07 utc,sofia manzano,@folha eu avisei que a pauta econômica era o caminho certo.,0,0,0
22180,2022-02-14 01:27:05 utc,sofia manzano,"enquanto fazemos campanha para arrecadar roupas para os desabrigados, o capital polui o mundo com toneladas de roupas descartadas. 
#fantástico 
#poderpopular tem proposta 
#pcb tem pré-candidata",0,0,0
30034,2019-03-09 10:18:55 utc,soraya thronicke,@jairbolsonaro @dannyfcgomes,0,0,0
23875,2022-02-27 20:44:23 utc,vera lucia,"@marlusromero boa tarde, marlus!

a nação ucraniana possui diversas diferenças culturais e de classes. 

assim que podem haver opiniões diferentes lá também. 

mas nesse contexto, me parece que o melhor é que os demais países ""saiam fora"" e deixem os ucranianos se autodeterminarem",0,0,0
1087,2022-04-23 10:17:04 utc,jairbolsonaro,". 120 leilões de bens do tráfico em 2020, com mais de r$ 40 milhões arrecadados;

. r$ 5,4 bilhões investidos em segurança entre 2019 e 2021;

. r$ 1,4 milhão em itens médicos apreendidos doados para o estado de goiás; @justicagovbr @andersongtorres",0,0,0
11554,2022-04-22 21:39:43 utc,ciro gomes,"onde houver espaço de luta, vamos lutar; onde houver patriotas, vamos mobilizar; onde houver território, vamos defender. é este espírito que anima o novo pedido de impeachment de bolsonaro, que encaminhamos à câmara. e a ação que ingressamos no stf.",0,0,0
9498,2019-08-23 02:03:22 utc,lulaoficial,"se você me pedir pra eu jurar sob a bíblia que não vou ser candidato, eu não posso. mas eu espero que o país crie quadros e lideranças para disputarem o processo eleitoral. não posso ficar aqui pensando nisso. #lulanatv247",0,0,0
533,2022-07-28 20:47:07 utc,jairbolsonaro,"- assim como um agricultor não gera os frutos, mas cuida do solo para que seja fértil e produtivo, um presidente não cria empregos, mas trabalha para tornar o ambiente fértil e favorável para a iniciativa privada, que é quem realmente gera. é exatamente isso que estamos fazendo.",0,0,0
29595,2019-05-25 22:56:56 utc,soraya thronicke,reforma tributária nascendo no senado...,0,0,0
6415,2022-09-05 14:11:38 utc,lulaoficial,"bolsonaro ainda vetou o reajuste e agora nega-se a destinar recursos para ajudar hospitais, estados e municípios a pagarem melhor os profissionais que salvam vidas. para arrumar bilhões para seus aliados ele é rápido, mas despreza quem salva vidas no brasil.",1,0,0
22240,2022-01-27 12:04:22 utc,sofia manzano,"e tem mais yuri, um dos lados, apesar de maior, é muito mais fraco e tem seus membros mortos pela política do dominante. não há equilíbrio na sociedade de classes. só há luta.",0,1,0
12672,2021-05-27 15:09:47 utc,ciro gomes,"grande nelson sargento, mas a resistência de nossa terra tem algo a ver com o que diz o seu samba: ""agoniza, mas não morre"". breve sairemos desta crise e cantaremos, com saudades de você, muitos dos seus belos sambas.",0,0,0
7000,2022-06-18 23:08:47,lulaoficial,"bolsonaro não está com medo da urna eletrônica, está com medo da urna humana que vai votar e tirar ele de lá em outubro. se ele não quiser entregar a faixa, o próprio povo vai entregar a faixa para o próximo presidente da república.",0,0,0
886,2022-05-28 10:06:54 utc,jairbolsonaro,". o marco do saneamento abriu a possibilidade de se ampliar investimentos privados num dos setores mais deficitários da história do brasil. eram muitos anos de atraso e estagnação, por causa de entraves impostos por grupos de interesse (ongs, políticos, etc.);",0,0,0
2037,2021-02-28 18:59:19 utc,jairbolsonaro,"amazonas: r$ 18,5 bilhões.
auxílio: r$ 6,84 bilhões. 

amapá: r$ 6,7 bilhões.
auxílio: r$ 1,47 bilhões.

bahia: r$ 67,2 bilhões.
auxílio: r$ 25,35 bilhões.

ceará: r$ 42,5 bilhões.
auxílio: r$ 15,17 bilhões. 

distrito federal: r$ 9,8 bilhões
auxílio: r$ 3,45 bilhões.",0,0,0
17995,2019-06-05 16:38:48 utc,simone tebet,@leonardoseg agradeço a sua participação! bom dia.,0,0,0
22338,2021-12-14 00:53:29 utc,sofia manzano,a mídia brasileira se cala. #freeassangenow,1,0,0
11157,2022-06-30 11:00:51 utc,ciro gomes,"há cenas que nos comovem por si só. muito mais quando vão além das imagens. este vídeo, postado pela talentosa @dirapaes, de seu irmão pedro cuidando do bebê de uma aluna, enquanto dá aula, tocou meu coração de pessoa que tem dedicado a vida à educação. <u+0001f44f><u+2764><u+fe0f><u+2764><u+fe0f>",0,0,0
19204,2022-09-02 22:30:11 utc,felipe davila,"a mesma coisa vamos fazer no governo federal.

vamos sanar as contas públicas para gastar menos dinheiro pagando juros da dívida e ter mais dinheiro para investir na melhoria dos serviços públicos.",0,0,0
23253,2020-03-25 00:32:05 utc,sofia manzano,#forabolsonaros,0,0,0
22499,2021-06-01 21:57:59 utc,sofia manzano,exterminador do futuro 0 está no palácio do planalto.,0,0,0
9603,2019-03-16 14:16:01 utc,lulaoficial,"a constituição e as leis foram desrespeitadas, como se houvesse um código penal de exceção, só para o lula, no qual meus direitos foram sistematicamente negados.",0,0,0
8763,2020-09-22 20:13:33 utc,lulaoficial,hoje começa a primavera. por aqui começou com um dia de chuva e espero que ela tenha chegado no pantanal. espero que essa chuva tenha feito aquilo que muitas vezes o homem não tem competência de fazer.,0,0,0
24140,2021-08-22 16:26:44 utc,vera lucia,@aurelionery17 infelizmente essa é uma régua baixa né kkkkkkk,0,0,0
29505,2019-06-07 09:22:40 utc,soraya thronicke,@cartunizando1 se fosse uma família abastada também daria repercussão.,0,0,0
4231,2019-02-13 23:42:26 utc,jairbolsonaro,"estarei hoje no jornal da record, após às 21h45min. assista! <u+0001f44d><u+0001f3fb>",0,0,0
6946,2022-07-01 11:13:50 utc,lulaoficial,"o que quero com o @geraldoalckmin é recuperar o país,  deixar preparado, gerar emprego, combater a fome, para recuperar a nação. não vou ser um presidente que vai pensar na reeleição, quero dar 4 anos da minha vida para esse país e depois gente mais nova disputa a eleição.",0,0,0
23160,2020-07-25 19:21:36 utc,sofia manzano,"@dcm_online @dcm_online vocês deviam modificar o título da matéria: por que chamar a letícia parks de ""ativista"" enquanto dão o nome da outra? não acham que é reduzir uma a um ser genérico enquanto a outra é uma pessoa? @letparks",0,0,0
24135,2021-08-24 13:31:17 utc,vera lucia,"parte dos trabalhadores da cptm estão em greve hoje. das linhas 11, 12 e 13. estão na luta por melhores condições de trabalho e contra o desmonte do transporte público.

governo se recusa a negociar, a culpa da greve é de dória e baldi.

todo meu apoio!",0,0,0
17915,2020-04-20 12:35:22 utc,simone tebet,"@angeli_barros assessoria: a senadora simone tebet não disse, em nenhum momento, que estava boicotando a mp verde amarelo. a nota que saiu em o antagonista foi deturpada.",0,0,0
12859,2021-04-02 00:31:19,ciro gomes,entender que nosso sistema de impostos é o mais injusto do planeta terra. entender que apenas 5 brasileiros têm fortuna equivalente às posses de 100 milhões de irmãos nossos mais pobres.,0,1,0
8635,2020-11-16 14:05:12,lulaoficial,"2 - mesmo com os desafios impostos pela pandemia, o pt esteve nas ruas dialogando com o povo e debatendo um projeto de sociedade mais humana e menos desigual. sairemos desse processo eleitoral fortalecidos e com nossa disposição de luta renovada pelo povo brasileiro.",0,1,0
9068,2020-05-13 01:32:24 utc,lulaoficial,"bolsonaro ofende as mulheres, os negros, os indígenas, o stf, a câmara, o senado, a onu, a oms.... eu nunca vi o brasil ser governado por alguém tão ignorante. as únicas instituições que ele respeita são os filhos dele e os milicianos que ele criou.",1,0,0
12730,2021-05-13 11:38:10 utc,ciro gomes,"turma, logo mais estarei ao vivo na rádio eldorado, de são paulo! vou conversar com @carolinaercolin, @ecantanhede e @haisem_abaki. começa às 9h!

vocês também podem acompanhar pelo facebook ou site da @eldoradoradio. link nos comentários!",0,0,0
3803,2019-06-09 16:13:54 utc,jairbolsonaro,@michelhcam <u+0001f44d>,0,0,0
1835,2021-05-25 10:08:15 utc,jairbolsonaro,"- desde março de 2020, são 5.727 horas de voo acumuladas, o equivalente a 62 voltas no planeta, 5.140 toneladas de carga entre insumos médicos, epis e três hospitais de campanha, e mais de 42 mil doações de sangue.

@defesagovbr @secomvc",0,0,0
29777,2019-04-17 11:52:48 utc,soraya thronicke,recebemos um país sucateado e com fraudes em praticamente todos os tipos de cadastros de benefícios. temos muito trabalho pela frente.,0,0,0
2284,2020-09-30 15:24:37 utc,jairbolsonaro,"5- custo entender, como chefe de estado que reabriu plenamente a sua diplomacia com os estados unidos, depois de décadas de governos hostis, tão desastrosa e gratuita declaração.

- lamentável,  sr. joe biden, sob todos os aspectos, lamentável.",0,0,0
17973,2019-09-06 15:02:08 utc,simone tebet,"seguimos, na ccj, focados nas pautas relevantes para o país, como as reformas previdenciária e tributária.  a designação do relator da indicação do novo pgr somente será decidida após a chegada e a leitura da mensagem presidencial no plenário do senado.",0,0,0
22962,2021-01-08 01:29:31 utc,sofia manzano,"bolsonaro disse hoje: ""o brasil tem um plano de vacinação que ninguém tem."" não é que ele está certo?
plano igual ao desse desgoverno ninguém tem mesmo.",0,0,0
8035,2021-08-19 18:58:20 utc,lulaoficial,preservar a amazônia e sua biodiversidade é muito mais lucrativo para a humanidade do que desmatar. uma árvore em pé tem muito mais valor que uma cabeça de gado comendo capim na amazônia.,0,0,0
2055,2021-02-07 23:48:19 utc,jairbolsonaro,"percentual esse ou valor fixo, a ser definido pelas respectivas assembléias legislativas  com o intuito de se evitar a bitributação.

- o consumidor tem o direito de saber quanto ele paga de impostos à união e aos estados, bem como quanto lucram os postos e as distribuidoras.",0,0,0
29141,2019-08-02 06:12:59 utc,soraya thronicke,"a minha alegria ao ouvir esse tipo de discurso é inenarrável! obrigada, @rogeriosmarinho! obrigada, pr @jairbolsonaro! obrigada, min. paulo guedes!",0,0,0
22049,2022-03-16 17:24:04 utc,sofia manzano,"o min. da justiça concedeu medalha do mérito indigenista para o bolsonaro, braga neto, heleno, tereza cristina, damares e outros. 
isso é a esculhambação geral. 
puro escárnio.
não podemos permitir que a população brasileira se acostume com esses crimes.
#forabolsonarovagabundo",1,0,0
28922,2019-09-19 01:12:32,soraya thronicke,"o que querem com tudo isso é muito simples: frear a nossa economia com a ajuda da esquerda, que adora cabides de empregos de ongs e até órgãos públicos viciados e vendidos. o desaforo é grande, mas ainda sai barato para eles.",0,0,0
23749,2022-04-26 21:59:01 utc,vera lucia,"@yodaprogress já rolou! hahahha

já estão me chamando de cada coisa!

nossa firmeza mete muito medo. querem desesperadamente vender a frente amplíssima com a burguesia como única opção.

essa adoração ao lula e aos governos do pt apenas beneficia a lógica que elegeu o bolsonaro.",0,0,0
29213,2019-07-22 02:24:58 utc,soraya thronicke,"@danielpmerj parabéns, meu amigo! <u+0001f44f><u+0001f3fc><u+0001f44f><u+0001f3fc><u+0001f44f><u+0001f3fc>",0,0,0
12212,2021-10-29 11:51:48,ciro gomes,"os números do balanço do último trimestre da petrobras, divulgados ontem, são um tapa na cara de cada brasileiro e uma punhalada profunda no coração dos mais pobres.",0,1,0
5216,2022-12-24 13:56:27 utc,lulaoficial,"mas a mensagem que trago para cada brasileiro e cada brasileira é de esperança. a esperança que a maioria do povo brasileiro depositou nas urnas no dia 30 de outubro. a esperança que nos faz seguir sempre em frente, apesar de todos os obstáculos.",0,0,0
20688,2022-10-29 23:49:20 utc,sofia manzano,força gabriel marques.,0,0,0
8566,2021-02-11 00:32:43 utc,lulaoficial,"4 - somente com muita luta vamos recuperar aquilo que os brasileiros já tinham conquistado. ou o povo reage, ou vai ser vítima de coisa pior. e quando eu tomar a vacina, vocês podem ter certeza que vamos nos reencontrar por esse país.",0,0,0
24286,2021-07-13 22:53:05 utc,vera lucia,"estudamos muito as revoluções coloridas, e a vemos como um passo nas tentativas de organização popular, nos quais a esquerda não foi capaz de dirigir os processos até o fim. 

sobre a ned, na boa, se vc ler qlqr coisa do trotsky vai ver que alguém que o reivindica não a fundaria.",0,0,0
27803,2022-06-23 22:30:11 utc,soraya thronicke,"quem é contra a investigação compactua com a corrupção.

eu não tenho bandido de estimação.",0,0,0
23562,2022-09-01 12:48:39 utc,vera lucia,bom dia para quem não compra imóveis com dinheiro vivo.,1,0,0
20855,2022-10-01 18:02:13 utc,sofia manzano,"@estadaopolitica a tebet não precisa de panfletos, ela tem o estadão pra fazer propaganda!",0,0,0
24836,2020-09-30 12:50:43 utc,vera lucia,#queremosveranodebate,0,0,0
8086,2021-08-11 22:08:42 utc,lulaoficial,@filippioficial <u+270a><u+0001f3fc>,0,0,0
27123,2022-10-26 00:45:03 utc,soraya thronicke,não é à toa que @eduardoleite_ é a melhor opção para o rio grande do sul!,0,0,0
29026,2019-08-31 05:35:31 utc,soraya thronicke,@brazilfight <u+0001f602><u+0001f602><u+0001f602>,0,0,0
13447,2020-11-20 21:24:23 utc,ciro gomes,"o meu partido, o pdt, com a liderança de carlos lupi, saiu do primeiro turno como o partido do campo progressista com mais prefeitos e vereadores eleitos. além disso, nas capitais estamos com candidatos favoritos no segundo turno em fortaleza e aracaju.",0,0,0
24613,2021-01-14 20:44:00,vera lucia,"anteontem o ministro e general da ativa, pazuello, esteve em manaus e falou um monte sobre a cloroquina.

hoje termina de se instalar o caos com a falta de oxigênio generalizada. 

isso não é descaso. é genocídio!",0,1,0
10703,2022-09-02 00:12:38 utc,ciro gomes,"essa polarização tá rachando a nação brasileira. é só parar pra pensar: qualquer um dos dois que sejam eleitos, o brasil vai amanhecer mais ou menos radicalizado? mais ou menos assentado no ódio?",0,0,0
3965,2019-04-28 13:24:17 utc,jairbolsonaro,bravos!!!,0,0,0
3769,2019-06-23 00:59:50 utc,jairbolsonaro,@dadsdaughter777 @tavinhopg_ @amoraojairb muito obrigado pelo apoio! um abraço!,0,0,0
15000,2020-04-15 17:15:31,ciro gomes,"justiça acolhe ação do meu amigo e presidente do pdt, @carloslupipdt , contra o abuso dos bancos, que receberam ajuda federal de r$ 1,2 trilhão. 
eles estão proibidos de aumentar juros e exigências explorando esta crise! 
vitória do povo brasileiro!",0,0,0
22798,2021-02-28 02:48:10 utc,sofia manzano,eu passaria horas ouvindo. que paz a natureza traz!,0,0,0
8239,2021-06-24 02:35:00 utc,lulaoficial,"11- as religiões precisam se respeitar. precisamos construir um país de paz e não de ódio. o povo tá precisando de emprego, de livro e não de arma. às vezes o sofrimento aumenta nossa fé.  por isso tenho certeza que o povo vai dar uma lição de moral nos milicianos do bolsonaro.",0,1,0
10763,2022-08-28 00:11:10 utc,ciro gomes,"<u+2705> combater a fome e a miséria criando o programa de renda mínima universal eduardo suplicy. 

<u+2705> acabar com a reeleição presidencial que é a principal fonte de corrupção e conchavos do atual sistema político;",0,0,0
16715,2022-11-23 17:50:37 utc,simone tebet,@editstebet @wildtebet <u+0001f60d>,0,0,0
17713,2021-07-02 00:49:50 utc,simone tebet,@julio_daguerre obrigada!!!! <u+0001f64f><u+0001f64f><u+0001f64f>,0,0,0
11066,2022-07-19 23:17:16 utc,ciro gomes,"lupi (@carloslupipdt): ""não tem um dia que eu não lembre do brizola porque gratidão não prescreve. não é gratidão só com a pessoa física, mas também com as ideias que ele representa. e ciro é a garantia de que essas ideias continuam vivas, atuais.""",0,0,0
27397,2022-09-16 01:05:06 utc,soraya thronicke,"pesquisa @datafolha de hoje mostra que, mais uma vez, num curto espaço de tempo, crescemos na corrida eleitoral. agradeço ao povo brasileiro que apoia o nosso projeto - o de um país sem fome e corrupção, e que tenha trabalho, dignidade e renda. não estou sozinha<u+0001f1e7><u+0001f1f7>@marcoscintra",1,0,0
17114,2022-08-09 03:12:37 utc,simone tebet,a pandemia deixou um gargalo muito grande e sério no brasil. as cirurgias eletivas foram suspensas pela superlotação dos hospitais ou pelo risco de contaminação. é possível uma ampla organização da união para que possamos zerar as filas das cirurgias eletivas nos próximos anos. +,0,0,0
1628,2021-10-12 16:05:45 utc,jairbolsonaro,"@vidadestra se você apoia xuxa, peço que nos siga. seria uma satisfação apontar fatos omitidos para que possamos sempre melhorar e unir nosso país!",0,0,0
14045,2020-09-02 20:43:10 utc,ciro gomes,"obrigado por esse gif tão bom, @gangdaflorzinha! <u+2764><u+fe0f><u+2604><u+fe0f>",0,0,0
8788,2020-09-09 22:21:12,lulaoficial,"sempre lembro da minha felicidade quando era presidente e alguém me falava que o preço do tio joão tinha baixado... 

- ""ô lula, você viu que o arroz tá 8 reais?!""

nossa como eu ficava feliz. 

o povo precisa ter dinheiro pra comprar comida.",1,0,0
29711,2019-05-01 16:40:41 utc,soraya thronicke,@curylacerda @caroldetoni3 qual o seu estado? qual a cidade?,0,0,0
17324,2022-06-18 17:27:23 utc,simone tebet,"91 anos @fhc. dia de celebrar o professor, sociólogo e ex-presidente do brasil. inspiração e referência para todos nós. um grande líder, com trajetória de vida e política que é exemplo.",0,0,0
17154,2022-08-01 18:36:24 utc,simone tebet,"nós estamos falando de um orçamento de 4 trilhões e 800 bilhões, onde metade poderia estar sendo melhor organizado e destinado. temos algo em torno de 80 bilhões de reais de receitas liberadas que poderiam estar sendo direcionadas+",0,0,0
7199,2022-05-11 20:49:26,lulaoficial,"o salário do povo está proporcionalmente menor. ninguém consegue encher o tanque. tiramos produtos do carrinho porque não dá pra pagar. metade da inflação é por preços controlados pelo governo. o presidente é um fanfarrão. não dá entrevista, fala só em lives para o público dele.",0,1,0
24374,2021-06-23 19:11:58 utc,vera lucia,"daqui a pouco vou no ato contra o despejo do sindicato dos metroviários...pois é, os trabalhadores não têm sossego. dória, se aproveita das atenções voltadas para pandemia e ataca, dessa vez, os metroviários. adivinhe pra que? para vender área para construtora. absurdo!",0,0,0
5225,2022-12-23 01:30:55 utc,lulaoficial,"não deixem de cobrar do nosso governo. um governo não precisa de tapinha nas costas. precisa ser cobrado todos os dias, para aprimorarmos nossa capacidade de trabalho. cobrem, para que a gente faça. boa noite e até amanhã!",0,0,0
11420,2022-05-13 21:11:17 utc,ciro gomes,"eu me recuso a entregar o discurso da decência e da moralidade para a direita. minha crítica é que a gente precisa entender, com humildade, o que aconteceu com nosso povo pra votar em alguém que vem da história do baixo clero do congresso, que roubava dinheiro da gasolina, (...)",1,0,0
22498,2021-06-02 23:39:26 utc,sofia manzano,"#forabol<u+5350>onarogenocida 
#panelaco 
até aqui onde moro, que nunca houve #panelaco pela vizinhança, hoje começou.",1,0,0
3819,2019-06-03 18:29:27 utc,jairbolsonaro,"concluo que sem o foro de são paulo, o país comunista já teria entrado em colapso há muito tempo.

""o socialismo dura até acabar o dinheiro dos outros."" margaret thatcher.",0,0,0
26895,2022-11-26 20:01:34 utc,soraya thronicke,@antoniotabet vai ficar chorando até quando? chega de mimimi! é homi ou não é?,0,0,0
8863,2020-08-08 19:18:38,lulaoficial,"2 - eram médicos, enfermeiros, agentes de saúde, motoristas de ambulância, agentes de segurança. homens e mulheres que dedicaram a própria vida a salvar a de seus companheiros. eram parte do povo brasileiro.",0,1,0
11642,2022-03-25 15:11:39 utc,ciro gomes,fique ligado: 12h30 tem #girodociro e #cirocomenta ao vivo aqui nas redes! agora me contem  qual assunto não pode faltar nos comentários de hoje?,0,0,0
11881,2022-01-24 14:13:25 utc,ciro gomes,"o problema do brasil é tão grave, tão profundo, que temos que envolver o nosso povo na consciência do problema e na construção das soluções. #cironodatena",0,0,0
8933,2020-07-01 23:31:15 utc,lulaoficial,o objetivo era a petrobras. era o pré-sal. e as empresas brasileiras que estavam ganhando licitações das empresas dos eua no oriente médio. um dia essa história vai ser contada em toda sua verdade.,0,0,0
23660,2022-08-22 12:56:18 utc,vera lucia,"revitalização do velho chico! conviver com o semiárido é possível e é a solução.

eu sou filha do semiárido. no semiárido a vida pulsa. semiárido o povo resiste!",0,0,0
5377,2022-11-16 16:10:00 utc,lulaoficial,"nós precisamos de uma governança global, sobretudo na questão climática. precisamos de um fórum multilateral para que as decisões sejam cumpridas nos países. é por isso que estou aqui. #cop27",0,0,0
15009,2020-04-06 12:13:17 utc,ciro gomes,meu abraço a todos e todas as pessoas que já perderam seus entes queridos nesta pandemia. minha prece se soma a todos e todas que tem hoje pessoas suas em tratamento. sejamos fortes e que deus possa a todos e todas confortar.,0,0,0
12345,2021-09-23 13:02:19 utc,ciro gomes,"turma, vou conversar daqui a pouco, às 10h20, com @datenaoficial. assista pelo youtube da @rbandeirantes.

compartilhe #cironodatena!",0,0,0
5895,2022-10-11 21:02:29 utc,lulaoficial,"vamos voltar a fazer programas de inclusão social, fazer pontos de cultura no rio de janeiro. e vamos voltar a fazer as cidades parceiras, porque não adianta o país estar bem e as cidades estarem mal.",0,0,0
11260,2022-06-13 19:05:52 utc,ciro gomes,"o pib brasileiro está estagnado e não por causa do bolsonaro, que é um desastre, está estagnado porque o modelo econômico  câmbio flutuante, superávit primário, meta de inflação  e o teto de gastos agravam tudo isso, proíbem o brasil de crescer. <u+0001f447>",0,0,0
16240,2022-03-25 23:18:48 utc,leonardo pericles,"na manhã dessa sexta-feira, 25 de março, trabalhadoras e trabalhadores da rede municipal de educação de belo horizonte, mg, realizavam manifestação na porta da prefeitura exigindo reajuste salarial, investimentos no ensino público e outros direitos para classe.",0,0,0
18970,2022-11-26 17:28:18 utc,felipe davila,"5. nosso país precisa voltar a crescer e, sem dúvidas, a reforma tributária é o caminho
 
simplificar impostos e trazer mais segurança jurídica é essencial para destravar o país e salvar a nossa indústria.
 
quem não tem compromisso com isso, não tem compromisso com o brasil.",0,0,0
8350,2021-05-19 15:07:42 utc,lulaoficial,"semana passada em brasília falei com mais de 60 políticos, de vários partidos. semana que vem vou conversar com os movimentos sociais, intelectuais e com o movimento sindical. quero conversar muito. quem faz política conversa. dono da verdade, carrancudo, não serve pra política.",0,0,0
25047,2020-02-07 20:22:22 utc,vera lucia,"é nosso dever apoiar a luta dos povos indígenas, contra os ataques deste governo de ultradireita, contra as invasões de suas terras e todo tipo de crimes. essa luta precisa ser intensificada e apoiada pelo conjunto dos movimentos sociais e pela classe trabalhadora brasileira.",0,0,0
28087,2021-06-29 22:41:26 utc,soraya thronicke,@clayellen o stf decidiu que não podemos convocar governadores! este tem sido o nosso problema.,0,0,0
27842,2022-04-06 22:39:42 utc,soraya thronicke,"@uniaosenado44 @senadofederal @uniaobrasil44 @jaymecampos251 seja bem-vindo, senador!",0,0,0
19539,2022-06-26 23:23:46 utc,felipe davila,"acompanhando as minhas redes, percebi muitos apoiadores de @sf_moro dizendo que vão me apoiar se ele não for o candidato.

fico lisonjeado. moro é um cidadão honrado, que bateu de frente com o sistema e com quem divido a trincheira do combate ao populismo e à corrupção.

+",0,0,0
14736,2020-06-17 18:22:57 utc,ciro gomes,#cironatribuna todo mundo já está ligado na live? participem!,0,0,0
3523,2019-09-25 23:13:17 utc,jairbolsonaro,"vale lembrar que no primeiro semestre de 2019 foram criados 408 mil novos empregos, sendo o melhor resultado dos últimos cinco anos. aos poucos, vamos juntos, tirando o brasil da lama em que o pt nos colocou!",0,0,0
20159,2021-07-19 14:42:50 utc,felipe davila,o congresso nacional aprovou a toque de caixa um aumento de 185% do fundo eleitoral. isso significa que os partidos políticos poderão gastar quase r$ 6 bilhões nas eleições do próximo ano. (2/7),0,0,0
29858,2019-04-06 18:35:15 utc,soraya thronicke,@albertorcf fiz a minha parte dos dois casos. continue cobrando dos demais.,0,0,0
3336,2019-11-13 16:04:33 utc,jairbolsonaro,"- vendas no varejo registram melhor resultado em 10 anos para o mês de setembro (ibge). a semana do brasil, iniciativa do nosso governo junto a representantes do setor, que promoveu diversas ações para a população brasileira, foi determinante. economia segue se recuperando! <u+0001f1e7><u+0001f1f7>",0,0,0
12399,2021-09-09 17:20:19 utc,ciro gomes,"esta luta não é mais um símbolo ou uma metáfora, mas um embate real em defesa da justiça e da liberdade. ela está acima de pessoas, de partidos ou posicionamentos ideológicos. estamos às voltas com duas ameaça mortais: uma é a covid e outra bolsonaro.",1,0,0
13274,2020-12-31 17:42:59 utc,ciro gomes,"hoje é o último dia da melhor administração da história de fortaleza. roberto cláudio era um jovem político, muito hábil e inteligente, quando se deu ao desafio de passar a administrador público 8 anos atrás. impressionam os resultados em todas as áreas.
+",0,0,0
12478,2021-08-21 00:22:20 utc,ciro gomes,"o brasil está comprando do estrangeiro gasolina, querosene de aviação, gás de cozinha e óleo diesel dos caminhoneiros. tudo em dólar! #cironointeligencialtda",0,0,0
5439,2022-11-01 14:34:24 utc,lulaoficial,"ontem conversei com dezenas de chefes de estado. todos querem ampliar as parcerias e trabalho conjunto com o brasil no comércio, na questão do clima e nos grandes temas globais. estamos voltando ao mundo.",0,0,0
23780,2022-04-07 18:32:31,vera lucia,"estou muito triste porque hoje faleceu, clarckson, um grande lutador socialista incansável. seu coração parou de bater. 

a maior homenagem que podemos prestar é seguir na organização da classe trabalhadora para destruir o capitalismo. e assim ele se faz presente sempre!",1,0,0
19773,2022-03-07 12:49:49 utc,felipe davila,"o senado aprovou o fim do sigilo do cartão corporativo presidencial.

a verdade é que o privilégio nem deveria existir, mas, já que existe, o mínimo é ter transparência.

em uma democracia, todos os gastos públicos devem ser de fácil acesso, principalmente os imorais.",0,0,0
21620,2022-07-06 11:38:09 utc,sofia manzano,@cadernodop vencendo com sofrimento!,0,0,0
10591,2022-09-14 01:07:02,ciro gomes,"42 anos de vida pública e nunca respondi nenhum processo por corrupção. nem pra ser inocentado. não é nada mais do que a minha obrigação, mas eu me garanto como uma pessoa decente.",0,0,0
21750,2022-06-04 16:16:44 utc,sofia manzano,sigam a @renatareginapcb,0,0,0
17968,2019-10-03 15:35:09 utc,simone tebet,"fato consumado. reforma da previdência de r$ 800 bi aprovada. 2o turno na semana que vem ou final do mês? o importante é que não haverá mais mudanças, pois não cabe mais emenda de mérito. só de redação.",0,0,0
27315,2022-10-14 00:32:19 utc,soraya thronicke,"saudades do tempo em que onyx era somente um carro, dizia meu saudoso amigo e irmão @majorolimpio !",0,0,0
20076,2021-09-08 20:42:55 utc,felipe davila,"na opinião do economista sergio valle, o retrocesso na estabilidade macroeconômica, com desequilíbrio fiscal, aumento da inflação e dos juros, acaba enfraquecendo a capacidade de essas novas reformas terem o resultado esperado.",0,0,0
20642,2022-11-10 01:57:46 utc,sofia manzano,"@guilhermesba se estivéssemos num mundo comunista, estes seriam os assuntos, além do futebol, é claro.",0,0,0
21837,2022-05-15 14:13:51 utc,sofia manzano,excelente fio sobre o debate e liberdade de expressão. infelizmente serve também para parte da esquerda que tem destilado sua intolerância por aqui.,1,0,0
29819,2019-04-12 20:57:46 utc,soraya thronicke,"@abel90094408 todo meu respeito às pessoas de bem, grata pela sua confiança. muitos índios nos apoiaram, pessoas conscientes dos abusos que vocês sofrem.",0,0,0
16907,2022-09-19 14:55:53 utc,simone tebet,"agradeço à @nafaap e ao @estadao pela oportunidade de falar do nosso projeto para o país, e lamento que outros candidatos não venham falar. isto faz mal para a democracia. tenho coragem para dizer o que penso e amor para defender o brasil e as pessoas. #sabatinaestadãofaap",0,0,0
23556,2022-09-01 15:22:46 utc,vera lucia,@fpcoliveira e bota coragem nisso. porque mesmo sem uma campanha milionária como a de d'ávilla ainda pontuei mais que ele (e não me convidaram para o debate),0,0,0
21799,2022-05-28 18:05:08,sofia manzano,"recife: calamidade ou projeto?
mais uma vez as fortes chuvas levam à destruição e morte. desta vez em recife e rm mais de 18 mortos e enormes perdas para a classe trabalhadora. 
chamar de catástrofe ou calamidade é a forma cínica do capitalismo excludente tratar a questão.",0,0,0
11454,2022-05-06 17:36:00 utc,ciro gomes,"não surpreende que o clima de ódio, criado pela polarização raivosa e despolitizada que domina o país, comece a gerar estes lamentáveis incidentes. ainda é hora de refletirmos e cobrarmos serenidade para evitar que o ambiente se torne insustentável.",0,0,0
15108,2019-11-08 17:34:49 utc,ciro gomes,"(...) é sobre isso que venho debatendo sem descanso em todo brasil! existe solução, mas tem que mexer com o topo da pirâmide e, por essa razão, tentam desqualificar a discussão! 
vamos seguir conversando com a juventude cada vez com mais entusiasmo!",0,0,0
10607,2022-09-11 00:44:33 utc,ciro gomes,"hoje estivemos no acampamento farroupilha, onde fui recebido com muito carinho. em determinado momento, estávamos cantando e chegou o apoiador do atual presidente, que fez uma provocação e afirmou que estava armado. (...)",0,0,0
24769,2020-10-04 22:05:08 utc,vera lucia,@contrapoderbr @cyro16 @pstu agradeço a força e o comprometimento dos camaradas do contrapoder! <u+270a><u+0001f3ff>,0,0,0
7990,2021-08-26 12:02:51 utc,lulaoficial,"eu tenho conversado com todo mundo. tô que nem coração de mãe, aberto pra falar com todo mundo. mas só sento pra conversar com que quer sentar também.",0,0,0
29912,2019-03-27 03:04:59 utc,soraya thronicke,@fabianossantana @davialcolumbre não queria saber do que o stf é capaz.,0,0,0
28179,2021-03-18 19:47:38 utc,soraya thronicke,"estou sem chão. perdi um irmão. perdi um amigo, um grande exemplo de retidão. o covid calou mais uma voz, uma grande voz.

está doendo muito!

que a família tenha paz.

vá com deus, meu irmão @majorolimpio.",0,0,0
547,2022-07-27 15:22:58 utc,jairbolsonaro,@fabiofaria <u+0001f1e7><u+0001f1f7>,0,0,0
14666,2020-06-29 19:59:57 utc,ciro gomes,"vai começar! todo mundo ligado no brazil forum uk @brazil_forum!
bora com a hashtag #cironobrazilforum",0,0,0
12004,2021-12-21 09:37:31 utc,ciro gomes,"esqueceu de citar, ainda, que durante  50 anos (de 1930-1980) fomos o país que mais cresceu no mundo. e que só voltaremos ao topo do ranking se tivermos a lucidez e coragem de mudar este modelo. para isso será necessário um presidente capaz de liderar esta mudança.",0,0,0
11923,2022-01-20 20:00:28 utc,ciro gomes,"como ministro da integração nacional, tirei do papel uma obra que era falada desde os tempos do império  a transposição do rio são francisco.",0,0,0
20172,2021-07-02 19:06:41 utc,felipe davila,"as reações virulentas de alguns bolsonaristas e lulistas ao anúncio de eduardo leite reforçam a importância de consolidar alternativas políticas de centro, mais dispostas a dialogar e a construir um país inclusivo. a polarização só interessa a quem quer destruir a democracia.",0,0,0
21531,2022-07-22 04:26:45 utc,sofia manzano,"toda solidariedade à camarada @anakaren_pcb que, em ato contra o machismo, sofre violência machista. 
nós, mulheres não deixaremos a luta.

força camarada.",0,0,0
5933,2022-10-08 15:36:15 utc,lulaoficial,"quero pedir para vocês, nesses dias que faltam, que vocês não aceitem provocação. minha mãe dizia que a gente não deve brigar nem por time de futebol. nós temos que continuar conversando e trabalhando, pelo brasil e pelas nossas famílias.",0,0,0
22829,2021-02-19 19:50:25,sofia manzano,"@julianefurno @deccache enquanto isso os ideólogos de sempre (miriam leitão, sardenberg e cia) continuam tranquilos (des) informando a moçada e encobrindo o que realmente se passa na economia.",0,0,0
3787,2019-06-17 15:02:28 utc,jairbolsonaro,"- hoje, 17 de junho, assinaremos medida provisória que simplifica e desburocratiza a venda e utilização de bens apreendidos do tráfico em políticas de prevenção e combate ao crime organizado. de maneira inteligente, vamos combater o crime com os recursos do crime.",0,0,0
13187,2021-01-21 11:30:29 utc,ciro gomes,"obstrução da justiça:

- aparelhamento da polícia federal;
- interferência no conselho de controle de atividades financeiras (coaf);
- uso da abin para orientar a defesa de flávio bolsonaro.

tudo isso para acobertar os crimes dele e da sua família de bandidos! #impeachmentjá",0,0,0
19648,2022-03-31 13:31:46 utc,felipe davila,"brasília é uma grande distorção:

<u+0001f4b0> pib per capita de brasília: r$ 86 mil

<u+0001f4b0> pib per capita de sp: 48 mil

faz sentido um lugar que só produz burocracia ter quase o dobro da riqueza por pessoa do maior polo econômico do país?

<u+0001f9f5>",1,0,0
5581,2022-10-25 23:58:14 utc,lulaoficial,o brasil tem artistas excepcionais que aqui são desprezados porque temos um governo que não gosta de cultura. não existe país democrático sem investimento em cultura. e o governo tem que investir na cultura porque é um setor que gera muito emprego.,0,0,0
23386,2022-10-16 14:28:32 utc,vera lucia,"bolsonaro ultrapassou todos os limites. sua declaração sobre ter ""pintado um clima"" com meninas é uma demonstração do machismo e violência da ultra direita contra as mulheres. não é à toa que um de seus maiores apoiadores seja um assediador de menores como gabriel monteiro.",1,0,0
21855,2022-05-05 18:05:09,sofia manzano,"fascismo se alimenta do que há de pior, por isso odeiam a cultura. 
esse veto à lei aldir blanc é mais uma amostra do que o governo bolsonaro é: fascista, ignorante, criminoso e de destruição nacional em todas as áreas.",0,0,0
28935,2019-09-17 02:55:58 utc,soraya thronicke,"@kibe_lokkoo @ailtonbenedito coerência é tudo! parabéns e obrigada por compreenderem. estamos aqui levantando as bandeiras que nos elegeram, e são as mesmas bandeiras do pr @jairbolsonaro. disso não abro mão.",0,0,0
28115,2021-04-09 01:23:22 utc,soraya thronicke,"*4.249 mortes;
*caso henry;
*kit intubação;
*vacinas;
*patentes;
*decreto armas;
*cpi covid-19;
*stf etc etc etc

**indutores de sono <u+0001f64f><u+0001f3fc><u+0001f64f><u+0001f3fc><u+0001f64f><u+0001f3fc>",0,0,0
954,2022-05-17 08:47:52 utc,jairbolsonaro,". brasil designado pelos eua como aliado extra-otan;

. acordo de cooperação com os eua para promoção de fluxos bilaterais de comércio e investimento; @mapa_brasil @minfraestrutura",0,0,0
20740,2022-10-25 20:31:40 utc,sofia manzano,seguimos firmes.,0,0,0
14766,2020-06-12 20:56:18 utc,ciro gomes,"temos que enfrentar com urgência três questões: a 1ª é enfrentar o genocídio em função da condição irracional, anticientífica e assassina com a qual o governo está tratando a pandemia; a 2ª é proteger o tecido econômico; e a 3ª é defender a democracia. #deverdaesperança",1,0,0
21831,2022-05-17 02:35:27 utc,sofia manzano,@nedjalves é isso aí. revolução é só amor.,0,0,0
8541,2021-02-24 13:55:11 utc,lulaoficial,"duvido que os empresários desse país tenham sido tratados por um presidente com mais respeito e fidalguia do que eu tratei. 

eu oferecia o que o empresário precisa: mercado. por isso o pib crescia, o varejo crescia. 

hoje o que temos são 14 milhões de desempregados. #lulano247",0,0,0
901,2022-05-25 22:04:59 utc,jairbolsonaro,"- por outro lado, nossos agentes das forças de segurança arriscam suas vidas diariamente para o total oposto: combater o crime e proteger inocentes. é para cumprir a lei, não por diversão, que eles enfrentam todos os tipos de obstáculos, inclusive a demonização de parte da mídia.",1,0,0
16267,2022-02-01 23:04:06 utc,leonardo pericles,"sem isso, ""combatemos"" superficialmente o racismo, sem lutar contra as suas causas. há outro caminho! mas passa pela confiança em nosso povo e colocá-lo a ir às ruas aos milhões!
#justicaparamoise 
#vidasnegrasimportam",0,0,0
11347,2022-05-27 13:20:16 utc,ciro gomes,"o maior erro de leitura da pesquisa datafolha é vê-la como o fim da disputa quando, na verdade, ela indica apenas o início. muita água ainda vai rolar. quem queimar na largada vai se arrepender amargamente. <u+0001f923><u+0001f923><u+0001f923>",0,0,0
27348,2022-09-30 20:08:04 utc,soraya thronicke,o mentiroso.,0,0,0
14136,2020-08-24 13:06:02,ciro gomes,@mazitapnd o povo brasileiro continua sem resposta... #bolsonarocovarde,0,0,0
16597,2019-11-08 19:53:23,leonardo pericles,"lula sairá da prisão por determinação da justiça. um passo importante. não nós esqueçamos dos demais, 5 mil na mesma situação de lula e outros mais de 300 mil q sequer passaram por um julgamento, a maioria deles pretos e pobres q são tratados como apenas mais uma pessoa qualquer",0,0,0
14100,2020-08-27 18:07:35 utc,ciro gomes,@ricardo18549585 boa! <u+0001f339><u+270a> #ciroemangabeira,0,0,0
14821,2020-06-06 01:13:55 utc,ciro gomes,temos que dizer: #bolsonarogenocida!,1,0,0
17898,2020-04-20 13:11:10 utc,simone tebet,"@luiz_antonio_bf assessoria: é mentira que a senadora teria apoiado boicote à mp do contrato verde amarelo. a notícia de o antagonista foi desvirtuada. na nota, a senadora havia dito esperar que as questões sejam resolvidas para votar e aprovar a mp"".",0,0,0
19141,2022-09-15 10:00:24 utc,felipe davila,"o que funciona muito bem e precisamos levar para o resto do brasil: o espírito das cooperações, do cooperativismo.

é algo fundamental para que o pequeno agricultor tenha acesso a tecnologia de ponta, comercialização e armazenagem de seus produtos.",0,0,0
6121,2022-09-28 15:53:26 utc,lulaoficial,"no espírito santo, o time do lula é @casagrande_es e @ricardoferraco para o governo. e no senado é @senadorarose! #brasildaesperança #equipelula",0,0,0
23251,2020-03-25 00:34:58 utc,sofia manzano,"isso é genocídio 
#forabolsomaro",1,0,0
23180,2020-07-01 12:23:12 utc,sofia manzano,#brequedosapp todo apoio aos entregadores de aplicativos,0,0,0
3086,2020-03-04 21:06:18 utc,jairbolsonaro,@abrahamweint é inacreditável!,0,0,0
10133,2018-08-21 17:08:54,lulaoficial,"se por um lado nos dedicamos a colocar o povo pobre nos bancos da universidade, o atual governo se empenhou em destruir postos de trabalho e fechar o mercado para entrada desses jovens, que hoje caminham sem horizonte de um futuro melhor. #recadodolula",0,1,0
16023,2022-10-13 18:09:36 utc,leonardo pericles,"1. pelos direitos dos trabalhadores! fim do desemprego!

hj mts buscam emprego e ñ conseguem. a reforma trabalhista, ao invés de resolver a crise, aprofundou ela. garantir o direito dos trabalhadores e gerar empregos através das demandas da população é uma proposta da up.",0,0,0
9480,2019-09-04 17:11:18 utc,lulaoficial,"apesar de tudo, ao longo da história criamos a petrobrás, a eletrobrás, o bndes e as grandes siderúrgicas hidrelétricas; os bancos públicos que financiam a agricultura, a habitação e o ensino; a rede federal e estadual de universidades, a embrapa, o inpe, o inpa,a serviço do país",0,0,0
19988,2021-10-30 23:29:02 utc,felipe davila,"9<u+20e3> aproveitar os ganhos da globalização

o mundo tem muito a oferecer ao <u+0001f1e7><u+0001f1f7> - basta estarmos abertos para isso.

que tal preparar o país para receber os investimentos de critério esg (ambiental, social e de governança)? o potencial é enorme, e só depende de reformas responsáveis.",0,0,0
919,2022-05-23 19:23:37 utc,jairbolsonaro,@_jiaoguilherme - borutos <u+0001f44d>,0,0,0
28207,2021-02-09 02:19:41 utc,soraya thronicke,"@vim_seu @josemaranhaopb @aroldeoliveira não, senhor.",0,0,0
23208,2020-04-09 00:24:05 utc,sofia manzano,"@tercalivre evidente que ninguém vai acreditar, vocês só falam mentiras.",0,0,0
16221,2022-04-30 15:25:07 utc,leonardo pericles,"quem vai usar aí, a capa da nossa pré-campanha?",0,0,0
16945,2022-09-09 01:04:59 utc,simone tebet,"@mdb_nacional @micheltemer diálogo, equilíbrio e paz. é disso que o brasil mais precisa. @micheltemer",0,0,0
28123,2021-04-04 18:17:16 utc,soraya thronicke,@fabiana92804732 @israelinbrazil <u+0001f60d><u+0001f60d>,0,0,0
12274,2021-10-13 17:20:32 utc,ciro gomes,continuo achando que lula não foi apenas um dos maiores responsáveis por sua desestabilização - pois passou anos  falando mal de você durante seus governos - como também fez movimentos erráticos que resultaram em sua queda.,0,0,0
14142,2020-08-22 17:39:05 utc,ciro gomes,@thais_rmaschio oi! #festivalturmaboa,0,0,0
13240,2021-01-08 23:30:53 utc,ciro gomes,"@felipemhlins feliz aniversário, @felipemhlins! muita saúde, amor e força para seguirmos na luta pelo nosso país. forte abraço!",0,0,0
7092,2022-06-07 19:27:43 utc,lulaoficial,"mesmo assim defenderei até o fim a liberdade de imprensa. minha solidariedade aos profissionais que hoje enfrentam agressões verbais e físicas, vazamentos de dados pessoais, ameaças de morte e outras formas de violência. a verdade será sempre maior que as fake news e o ódio.",0,0,0
8924,2020-07-09 13:31:35 utc,lulaoficial,"1 - a lava jato poderia ter sido um grande instrumento de combate à corrupção. as pessoas que cometeram crimes eram concursadas e estavam na petrobras há 30 anos. o moro, inclusive, que manteve sobre sua tutela o youssef desde o banestado, sabia de muitas coisas e permitiu.",0,0,0
1832,2021-05-27 10:36:56 utc,jairbolsonaro,"- apesar de todas as dificuldades causadas por medidas restritivas radicais, irracionais e irresponsáveis, nossos esforços para, além de combater o vírus, garantir a dignidade dos brasileiros que precisam trabalhar, hoje se traduzem em quase 1 milhão de empregos gerados em 2021.",0,0,0
8707,2020-10-16 14:13:38 utc,lulaoficial,@carlos_garridof @mariadopt_ <u+270a>,0,0,0
14824,2020-06-05 23:32:07 utc,ciro gomes,"haverá a hora em que vamos precisar de todo mundo nas ruas, mas nesse momento não podemos dar o sinal trocado. o bolsonaro está chamando as pessoas para sair do isolamento porque ele é da morte, é cruel. não podemos nos confundir com ele. #ciroeticonoinsta",1,0,0
29375,2019-06-29 11:47:06 utc,soraya thronicke,"mara, você é um exemplo de superação e principalmente de fé! que deus te abençoe! muito obrigada! <u+0001f64f><u+0001f3fc>",0,0,0
28638,2019-11-07 05:24:29 utc,soraya thronicke,"@portimeu_br você! ele é mais um servidor público, como eu como muitos. chega disso!",0,0,0
9187,2020-04-01 18:19:45,lulaoficial,o bolsonaro só está preocupado em manter os fanáticos dele. ele não está preocupado em orientar o povo. a câmara e o senado vão ter que intervir cada vez mais. quando é que esse dinheiro vai começar a chegar na casa das pessoas?,0,1,0
12010,2021-12-19 11:54:55 utc,ciro gomes,"a @theeconomist destaca que o modelo adotado em sobral deveria ser exemplo para o mundo e que desencadeou melhorias em todo o ceará. nenhum estado viu o seu desempenho escolar crescer tão rápido  em 2019, 12 das 20 melhores escolas primárias do país eram cearenses!",0,0,0
16329,2022-01-19 01:31:30 utc,leonardo pericles,@vinistone_up dale!,0,0,0
13653,2020-10-26 01:00:45 utc,ciro gomes,"@datenaoficial muita saúde, meu querido. que você se recupere logo <u+0001f64f>",0,0,0
23808,2022-03-25 00:50:16 utc,vera lucia,"@roxodanilo que lindo, compa! muito obrigada <u+2665><u+fe0f><u+2665><u+fe0f><u+2665><u+fe0f>",0,0,0
13586,2020-10-30 13:25:29 utc,ciro gomes,@chico_dangelo @pdt_nacional @delmartharocha a #martharochaprefeita tem coragem e preparo para mudar essa realidade triste e revoltante do rio de janeiro.,0,0,0
6873,2022-07-10 14:24:42 utc,lulaoficial,"nosso companheiro marcelo arruda comemorava o seu aniversário de 50 anos com a família e amigos, em paz, em foz do iguaçu. filiado ao partido dos trabalhadores, sua festa tinha como tema o pt e a esperança no futuro; com a alegria de um pai que acabou de ter mais uma filha.",0,0,0
15003,2020-04-07 21:49:56 utc,ciro gomes,"(...) aí , meu irmão, sei não... estão ensinando ao povo o caminho do desespero e de sua óbvia consequência!",0,0,0
15131,2019-11-06 12:23:25 utc,ciro gomes,@rheringerartes <u+2764><u+fe0f>,0,0,0
22213,2022-02-04 00:05:52 utc,sofia manzano,"@dimitravulcana @caue_ce estamos organizando. assim que tivermos a programação, envio para você. e divulgaremos por aqui também.",0,0,0
21181,2022-09-07 00:58:58 utc,sofia manzano,"<u+0001f64b><u+0001f3fd><u+200d><u+2642><u+fe0f>uma das normas fundamentais do novo parlamento será a obrigatoriedade da realização de plebiscitos e referendos sobre temas de interesse nacional e popular. 
(+)",0,1,0
20966,2022-09-27 01:31:08 utc,sofia manzano,"assessor de bolsonaro é alvo de investigações da polícia federal, por transações suspeitas no gabinete do palácio do planalto para pagamento de gastos de bolsonaro e michelle.
o discurso anticorrupção do governo bolsonaro é uma grande farsa!",1,0,0
11466,2022-05-05 15:48:00 utc,ciro gomes,"o juro interno alto não tem influência alguma sobre preços administrados pelo governo (gasolina, diesel, gás  de cozinha, energia elétrica e querosene de aviação). tampouco tem poder sobre preços que sofrem influência do mercado internacional.",0,0,0
27360,2022-09-30 03:10:17 utc,soraya thronicke,"aquele pessoal que adora comprar tudo com dinheiro vivo vai ter problema sim (com o imposto único federal) <u+0001f440>
#sorayanaglobo #debatenaglobo",0,0,0
27765,2022-08-05 21:14:06 utc,soraya thronicke,@uniaobrasil44 @marcoscintra <u+0001f44f><u+0001f3fc><u+0001f44f><u+0001f3fc><u+0001f44f><u+0001f3fc>,0,0,0
11441,2022-05-11 19:29:41 utc,ciro gomes,"sem a minha candidatura, a polarização aumentaria em um momento em que lula estagnou e bolsonaro se sustenta. porque a resiliência do genocida é menos ilógica do que aparenta. ela está fortemente ancorada no antipetismo. (...)",1,0,0
21400,2022-08-10 14:25:15,sofia manzano,"enquanto lula promete a reforma administrativa para os empresários da fiesp, a nossa candidatura reafirma o compromisso com os servidores e servidoras públicas de todo o país.
precisamos dar um basta a retirada de direitos e  aos ataques contra o serviço público!",0,0,0
29924,2019-03-26 12:44:16 utc,soraya thronicke,"@damaresalves amém, ministra! este é o governo também da sensatez. acreditamos muito na sua competência e no seu trabalho.",0,0,0
11053,2022-07-21 22:07:19 utc,ciro gomes,"é preciso muita paixão, muita energia e coragem para enfrentar o que está errado em nosso país. porque é muito poderosa a força reativa que nos amarra nesse atraso, nessa estagnação. #cironafiesp",0,0,0
19871,2022-02-09 17:53:33 utc,felipe davila,"o populismo assola o brasil e o continente.

é preciso acabar com esse ciclo de péssimos políticos.

eleger uma agenda verdadeiramente liberal é a chave para a melhora econômica do brasil.",1,0,0
8718,2020-10-16 14:12:15 utc,lulaoficial,"seis anos atrás o brasil conquistava o respeito e a admiração mundial, ao ser declarado fora do mapa mundial da fome da onu. depois do golpe contra a presidenta dilma, o país deu marcha a ré.",0,0,0
4889,2018-07-08 23:35:39,jairbolsonaro,"caso a pec da ""bengala"" não tivesse sido aprovada e dilma impedida, esse petista do trf-4 hoje seria ministro do stf. cabe hoje ao lula contar com a eleição de alguém que lhe garanta o indulto para 2019. e todos sabem quem são estes possíveis!",0,0,0
5274,2022-12-12 17:53:27 utc,lulaoficial,"a democracia enfrenta um desafio no mundo. na américa latina, europa e eua, inimigos da democracia se organizam e se movimentam. o combate, portanto, precisa ser nas trincheiras da governança global, com tecnologias avançadas e uma legislação internacional mais dura e eficiente.",0,0,0
17017,2022-08-29 01:39:07 utc,simone tebet,"fui a primeira presidente da comissão de combate à violência contra a mulher no @senadofederal. ali, vi coisas inimagináveis. uma a cada três mulheres sofrem violência dentro ou fora de casa, mas a maior violência acontece contra crianças menores de 14 anos.",0,0,0
4345,2019-01-08 09:32:22 utc,jairbolsonaro,"em menos de duas semanas de governo, mais uma reunião para ouvir cada um dos ministros sobre os planos, propostas de enxugamento das pastas e medidas de rápida implementação. nosso país não pode mais esperar. logo, novidades na linha que o brasileiro sempre exigiu! bom dia!",0,0,0
3875,2019-05-20 19:11:03 utc,jairbolsonaro,"como dito na semana passada, temos a intenção de destinar grande parte ou todo o valor da multa da petrobrás acordada com a lava jato ao ministério da educação, equivalente a r$ 2,5 bilhões. o dinheiro, que retorna ao brasil, pode ser aplicado em áreas sem ligação à petrolífera.",0,0,0
995,2022-05-09 13:48:39 utc,jairbolsonaro,@govbrazil @funaioficial <u+0001f1e7><u+0001f1f7>,0,0,0
13365,2020-12-04 18:03:52 utc,ciro gomes,"@andy_carlos já enviei <u+0001f339> compartilhem em suas redes sociais, nos grupos de whatsapp, vamos divulgar e debater o projeto nacional de desenvolvimento!",0,0,0
28169,2021-03-19 00:35:48 utc,soraya thronicke,@recalleleitoral vcs não prestam.,0,0,0
27901,2022-03-07 00:40:59 utc,soraya thronicke,"@wallace_msilva @arthurmoledoval interprete o texto, leia antes de se manifestar.",0,0,0
11330,2022-05-31 15:35:17 utc,ciro gomes,o bolsonaro foi eleito porque as pessoas votaram pra protestar contra as contradições monstruosas sob o ponto de vista moral e econômico do pt e do lula. (...),1,0,0
21740,2022-06-08 16:48:20 utc,sofia manzano,"jornada de trabalho de 30h sem redução salarial. 
reforço do programa de merenda escolar com a produção da agricultura familiar. 
taxação da exportação de commodities do agronegócio. 
concurso público para os cargos da saúde e educação. 
taxação de grandes fortunas e propriedades",0,0,0
23817,2022-03-14 19:20:13 utc,vera lucia,@roxodanilo <u+2665><u+fe0f><u+2665><u+fe0f><u+2665><u+fe0f>,0,0,0
19733,2022-03-11 17:56:33 utc,felipe davila,"o brasileiro sofreu muito com a inflação nos anos 80 e 90.

apenas com o plano real - e as inúmeras reformas que o acompanharam - que o nosso dinheiro passou a ter valor novamente.

não tem outro jeito para sair da crise: precisamos encarar nossas reformas atrasadas.",0,0,0
24992,2020-03-21 23:16:04 utc,vera lucia,"rio de janeiro (rj).
#panelacodeaniversario #forabolsonaro",0,0,0
23691,2022-06-22 16:43:40,vera lucia,"a classe trabalhadora, os povos originários e a juventude não devem apoiar o novo governo, mas sim se organizar de forma independente e retomar as grandes mobilizações de 2021.",0,0,0
16371,2021-10-03 11:54:14 utc,leonardo pericles,"quando tirarmos o genocida essa turma d direita ""arrependida"" vai ser a favor d revogar a reforma d previdência, trabalhista e ec 95? tirar bolsonaro e manter a atual política econômica e o neoliberalismo é igual tomar cloroquina para tratar covid, ineficaz e fatal #forabolsonaro",0,0,0
7923,2021-09-22 14:14:54 utc,lulaoficial,@uczai @patriqueuiliam voltou!,0,0,0
6768,2022-07-28 15:19:06,lulaoficial,bolsonaro as vezes diz que não tem corrupção no governo dele. parece que ele não conhece a família que tem. nós vamos fazer um revogaço dos sigilos que ele criou.,0,0,0
12558,2021-07-08 12:54:50 utc,ciro gomes,"o debate dos problemas  nacionais está tão tenso e distorcido, e a percepção  dos fatos políticos tão contaminada, que uma declaração singela do senador omar aziz, retirada do contexto, é capaz de gerar uma nota tão grave - e sem foco - como a emitida pelo ministério da defesa.",0,0,0
22018,2022-03-22 02:10:14 utc,sofia manzano,"e no seu estado, como você vota?",0,0,0
14443,2020-07-19 22:15:56 utc,ciro gomes,"@jujuca1987 vamos juntos, @jujuca1987! <u+2764><u+fe0f> o apoio e a energia de todas e todos da #turmaboa fortalecem nossa luta! <u+0001f339><u+270a>",0,0,0
8764,2020-09-22 13:21:27 utc,lulaoficial,"é hoje, às 17h. acompanhe ao vivo! #equipelula",0,0,0
1202,2022-03-25 14:06:23 utc,jairbolsonaro,@minfraestrutura <u+0001f1e7><u+0001f1f7>,0,0,0
11820,2022-02-01 22:50:14 utc,ciro gomes,"quem é que ganha 3 milhões e 600 mil reais por 11 meses de trabalho aqui no brasil? agora, a grande pergunta, que continua sem resposta, é por que a consultoria americana resolveu pagar essa fortuna pro moro? #cirogames",0,0,0
5329,2022-11-28 10:40:13 utc,lulaoficial,"bom dia. hoje tem brasil! <u+0001f1e7><u+0001f1f7> acompanho o jogo em brasília, onde hoje tenho reunião com @geraldoalckmin para seguirmos trabalhando na transição e preparação do novo governo. uma ótima semana para todos.",0,0,0
27639,2022-08-29 02:26:38 utc,soraya thronicke,@douggabrielrp <u+2764><u+2764><u+2764><u+2764><u+0001f609> #equipesoraya44,0,0,0
20012,2021-10-21 01:56:34 utc,felipe davila,"em uma votação histórica, a câmara rejeitou o substitutivo da pec que enfraqueceria o ministério público e o combate à corrupção.

a bancada do @partidonovo30  brigou do início ao fim. desde a ccj com a atuação do @gilson__marques   até a mobilização no plenário. 

parabéns!",1,0,0
9140,2020-04-15 22:09:51,lulaoficial,é preciso também cobrar a dívida das grandes empresas. vocês tão vendo que o louro josé da havan já vai pegar a lei do bolsonaro pra mandar o povo embora e pagar só 30% do salário?! eu queria saber quanto esse cara deve pra receita...,0,1,0
8655,2020-11-08 19:00:24 utc,lulaoficial,"bora, companheira! recife é 13!",0,0,0
19810,2022-02-23 19:53:54 utc,felipe davila,"em alagoas pagam inteira:
<u+0001f9f9> garis
<u+0001f477> pedreiros
<u+0001f4f1> motoristas de aplicativos

em alagoas pagam meia-entrada:
<u+0001f4bc> advogados

no brasil, o estado acentua desigualdades.",0,0,0
4041,2019-04-04 14:37:04 utc,jairbolsonaro,"@sf_moro seja bem vindo, ministro! <u+0001f44d><u+0001f3fb>",0,0,0
14152,2020-08-20 13:16:56 utc,ciro gomes,"atenção! converso daqui a pouco, às 10h30, com @datenaoficial na @rbandeirantes. o nosso encontro das 12h mudou de horário. avise pra todo mundo e acompanhe a entrevista!",0,0,0
22949,2021-01-15 21:22:08 utc,sofia manzano,@rodrigomaia @davialcolumbre tem que iniciar o impeachment agora. #impeachmentbolsonarourgente,0,0,0
21445,2022-08-03 22:02:22 utc,sofia manzano,"banco central independente escancara seu papel de banco do mercado financeiro. 
elevar a taxa de juros não é medida de combate à inflação, serve para intensificar a transferência de recursos públicos para o mercado financeiro via dívida pública. 
além de ser recessiva.",0,0,0
10762,2022-08-28 00:11:11 utc,ciro gomes,<u+2705> e revitalizar a indústria brasileira para diminuir a nossa dependência de produtos importados;,0,0,0
29724,2019-04-30 02:56:42 utc,soraya thronicke,deus acima de tudo no comando deste governo.,0,0,0
7381,2022-04-19 21:21:21 utc,lulaoficial,"não acredito que surja a terceira via. acho que vai ser uma eleição da polarização, mas não temos que temer isso. tivemos um jogo polarizado entre o flamengo e o são paulo domingo, entre o liverpool e o manchester city, na inglaterra. a polarização sempre existiu.",0,0,0
20671,2022-11-03 21:28:37,sofia manzano,@brasil247 essa criminosa fugitiva não vai ficar impune. anistia não para todos eles.,0,0,0
22614,2021-03-29 18:24:10 utc,sofia manzano,precisamos acabar com a política militar.,0,0,0
7252,2022-05-07 15:31:30 utc,lulaoficial,"se os trabalhadores não têm dinheiro para comprar, os empresários não tem para quem vender. isso leva ao que assistimos hoje: o fechamento de fábricas em são paulo, na bahia, na zona franca de manaus e outras regiões, e multinacionais deixando o brasil. #vamosjuntospelobrasil",0,0,0
20912,2022-09-29 15:41:53,sofia manzano,"voto útil é votar 21, pois não podemos nos contentar com as alternativas reformistas, que propõem a derrota do governo bolsonaro por meio de um grande pacto de conciliação nacional entre os movimentos populares e os golpistas, entre a classe trabalhadora e seus exploradores.",0,1,0
20847,2022-10-03 14:57:40,sofia manzano,"retroceder a porca institucionalidade brasileira em séculos;perseguir a população negra, pobre, lgbt, quilombola, tradicional; acabar com a ciência, o pensamento crítico e o mínimo de liberdade democrática que ainda temos. faremos o balanço crítico na hora certa 
agora é lula 13",0,0,0
5865,2022-10-13 14:22:34 utc,lulaoficial,"a merenda escolar não tem reajuste. a parte que cabe ao governo federal é de r$ 0,36 por criança. o que dá para comer com r$ 0,36? é essa falta de humanidade que nós temos que combater.",0,0,0
17343,2022-06-07 12:59:47 utc,simone tebet,"eu e o deputado federal @baleia_rossi pedimos ao presidente do mdb-rs, @fabiobrancors, e ao ex-governador germano @rigotto para avançar nas discussões com o psdb e o ex-governador @eduardoleite_, com vistas à formação de uma aliança estadual e nacional. estamos confiantes!",0,0,0
17908,2020-04-20 12:57:20 utc,simone tebet,"@adevaldosilvas1 assessoria: é mentira que a senadora teria apoiado boicote à mp do contrato verde amarelo. a notícia de o antagonista foi desvirtuada. na nota, a senadora havia dito esperar que as questões sejam resolvidas para votar e aprovar a mp"".",0,0,0
3877,2019-05-20 11:12:51 utc,jairbolsonaro,@iedjabezerra oi! <u+0001f44d><u+0001f3fb><u+0001f1e7><u+0001f1f7>,0,0,0
19676,2022-03-23 19:12:52,felipe davila,"o estado tem contribuído para acentuar a desigualdade, funcionando como um ""robin hood às avessas"".

explico:

<u+0001f4b0> o estado tira dos mais pobres pelos impostos
<u+0001f4b8> com esses impostos, paga salários exorbitantes a um grupo

isso precisa mudar!",0,1,0
13700,2020-10-21 20:49:10 utc,ciro gomes,"@delmartharocha vamos nessa, turma boa! acompanhar a live da nossa futura prefeita do rio de janeiro, @delmartharocha <u+0001f339><u+270a>",0,0,0
27248,2022-10-14 01:24:24 utc,soraya thronicke,"@izavpmm @majorolimpio boa noite, pessoal já está na hora de parar! agradeço a todos vocês pelo carinho!!!",0,0,0
16105,2022-09-19 01:21:23 utc,leonardo pericles,@gabimrch posso ser legal por aqui também <u+0001f609>,0,0,0
20240,2021-06-08 19:40:36 utc,felipe davila,"@josie_melo @dannielduque @clp_brasil valeu, @josie_melo! o @dannielduque é fera.",0,0,0
22329,2021-12-19 12:35:02 utc,sofia manzano,"@pcp_pt josé dias coelho, presente!",0,0,0
27204,2022-10-18 01:15:19 utc,soraya thronicke,@sqlove_ @capitaocontar <u+0001f60d><u+0001f60d><u+0001f60d>,0,0,0
14753,2020-06-15 23:23:16,ciro gomes,o bolsonaro está em pânico e quer criar uma crise política e fazer o golpe. mas a condição objetiva para fazer o golpe internamente não existe e a condição internacional também não é dada. #ciroeivo,1,0,0
23987,2021-12-19 15:37:53,vera lucia,"chamamos a classe trabalhadora e a juventude a não votar em kast e, além disso, combater essa candidatura. é fundamental que enfrentemos as propostas reacionárias de kast e o grande empresariado com mobilizações e também com o voto contra kast no segundo.",0,0,0
20407,2021-03-29 14:31:59 utc,felipe davila,"o chavismo criou coletivos defensores da revolução e, depois, institucionalizou milícias. no brasil, o que tentam fazer com a pm não é diferente. e piora: a presidente da ccj joga lenha na fogueira e não tem condição mental e moral de estar lá.",1,0,0
8251,2021-06-24 01:20:18 utc,lulaoficial,"hoje o stf decidiu que o moro foi parcial.

580 dias. tive dois momentos difíceis na prisão. a morte do meu irmão vavá e do meu neto arthur. 

quando eu tava preso na ditadura, minha mãe morreu e pude me despedir dela. 

mas não deixaram me despedir do meu irmão.",1,0,0
28220,2021-01-23 20:10:22 utc,soraya thronicke,"@josenildo000420 @fiocruz já vi que vc não me acompanha, querido. outros precisam desse conselho, eu não. ajude-nos cobrando-os, okay??",0,0,0
21982,2022-03-29 13:40:08 utc,sofia manzano,"esses dias me perguntaram: se eu for eleita presidente da república, quem eu indicarei para o stf. 
a resposta:",0,0,0
13939,2020-09-09 01:40:52,ciro gomes,"o nosso povo está passando a situação mais grave da história. esse socorro, que é o auxílio emergencial, vai cair pra r$ 300 reais para o brasileiro viver o mês todinho, pagando aluguel, conta do celular, comida, remédio... essa gente tem uma pedra no lugar do coração!",0,1,0
8248,2021-06-24 02:34:57 utc,lulaoficial,2 - sou filho de uma família religiosa. minha mãe não teria tido força de criar oito filhos sozinha se não fosse a fé dela. não tinha feijão na panela e ela falava: amanhã vai ter. a minha família não tinha como dar certo se não fosse a fé que minha mãe tinha.,0,0,0
29442,2019-06-17 01:48:07 utc,soraya thronicke,não vamos nos cansar de cobrar...,0,0,0
23422,2022-09-24 23:19:11 utc,vera lucia,"felipe d'avila acredita que mais capitalismo vai resolver as mazelas sociais criadas pelo capitalismo! soraya e a ideia fantasiosa que investimos demais em educação! só se escuta absurdos nesse debate! todos defendemos os interesses dos capitalistas.

#debatenosbt",0,0,0
11061,2022-07-21 17:47:22 utc,ciro gomes,"o economista @andreroncaglia, com sua sensibilidade, foi ao cerne da questão.",0,0,0
21061,2022-09-19 11:20:40 utc,sofia manzano,@brandaozin21 @serraeduardopcb,0,0,0
816,2022-06-07 02:02:17 utc,jairbolsonaro,@monark - kkkkkkkk.,0,0,0
11527,2022-04-26 14:14:29 utc,ciro gomes,"isso vira um lucro exorbitante e pasmem, não pagam imposto sobre os lucros e dividendos!",0,0,0
5844,2022-10-14 14:57:17 utc,lulaoficial,"bolsonaro não governa o brasil. negligenciou a saúde, não comprou a vacina contra a covid quando pode. quando tivemos a h1n1 em 2010, em apenas 3 meses vacinamos 88 milhões de pessoas.",0,0,0
2138,2020-11-25 22:34:15 utc,jairbolsonaro,@govbr @embrapa <u+0001f91d><u+0001f1e7><u+0001f1f7>,0,0,0
15418,2018-10-01 02:36:36,ciro gomes,as constituições nasceram para frear a prepotência dos poderosos. elas precisam ser respeitadas e estão a serviço do povo! #cironarecord #ciro12 #ovotonarecord,0,0,0
13346,2020-12-08 17:36:33 utc,ciro gomes,@mazitapnd <u+0001f60c><u+0001f339>,0,0,0
6148,2022-09-27 15:27:19 utc,lulaoficial,"como é possível manter uma criança numa escola de tempo integral se não tem uma quadra, um campo? isso é uma coisa que precisamos pensar, porque se o estado não intervém, isso não vai avançar.",0,0,0
19119,2022-09-24 21:51:51 utc,felipe davila,"precisamos acabar com essa república de privilégios que só drena o bolso do pagador de impostos do brasil.

#debatenosbt",0,1,0
13086,2021-02-18 19:14:46 utc,ciro gomes,"@goura_nataraj @eduardomoreira turma boa, vamos acompanhar essa ótima conversa! <u+270a>",0,0,0
9194,2020-03-26 00:40:08 utc,lulaoficial,"o bolsonaro não está preparado para tocar esse país. um presidente não é obrigado a saber de tudo, mas quando você não sabe, você consulta a sociedade, os especialistas, os governadores. coisa que em nenhum momento ele fez.",0,0,0
24755,2020-10-06 19:28:30,vera lucia,"hoje vai ser pautado o pl529! doria quer destruir serviços públicos que atendem os trabalhadores e o povo pobre enquanto mantém 17,3 bi em isenções fiscais para as grandes empresas. isenção que cresceu mais de 800% nos últimos 20 anos!
chega de sp pros bilionários! #pl529nao",0,0,0
4303,2019-01-22 21:52:11 utc,jairbolsonaro,"há pouco participamos de jantar com grandes líderes empresariais e chefes de estado a convite do presidente do fórum econômico mundial, professor schwab. uma enorme satisfação partilhar este momento e dividir experiências!",0,0,0
13275,2020-12-30 16:04:01,ciro gomes,"governo completamente perdido! o ministério da saúde não tem plano nem competência para comprar sequer as seringas necessárias para vacinar nosso povo. enquanto isto, toneladas de cloroquina foram compradas sem comprovação científica e com preço seis vezes maior que o valor real.",1,0,0
28008,2021-09-19 16:50:45 utc,soraya thronicke,quanta maldade! mas a cachorrinha conseguiu sobreviver! <u+0001f64f><u+0001f3fc>,0,0,0
16845,2022-09-28 00:37:01 utc,simone tebet,"quando fui prefeita de três lagoas, doei uma grande área para se construir a maior fábrica de fertilizantes da américa latina, para que pudéssemos dobrar a produção, assim o agricultor teria menos custo para plantar, barateando o preço no mercado. +",0,0,0
16248,2022-03-11 15:45:10 utc,leonardo pericles,"em 2021 a petrobrás teve lucro de r$ 106 bilhões e distribuiu p/ seus ""acionistas""mais de r$ 101 bilhões. o problema central é que os lucros e a gestão da petrobrás são cada dia mais privatizados. ela está a serviço dos grandes monopólios capitalistas nacionais e estrangeiros.",1,0,0
29305,2019-07-13 19:12:32 utc,soraya thronicke,@rafiihere o ótimo é inimigo do bom... acompanhe as explicações que os deputados estão dando.,0,0,0
24750,2020-10-07 15:41:45 utc,vera lucia,"a luta do funcionalismo está atrapalhando os planos de doria, que quer extinguir mais de 10 empresas públicas como a farmácia popular. os trabalhadores sabem muito bem que, na crise, o que precisamos é mais direitos e investimento na ciência e serviços públicos. #nãoaopl529!",0,0,0
6180,2022-09-26 11:45:07 utc,lulaoficial,"@ticostacruz um abraço, @ticostacruz. vamos juntos!",0,0,0
24772,2020-10-04 14:00:27 utc,vera lucia,@panunes_ obrigada pelo apoio!,0,0,0
17777,2021-02-22 14:51:27 utc,simone tebet,@josucunha7 muito obrigada pela lembrança do meu aniversário. fico muito feliz com as manifestações de carinho.,0,0,0
22816,2021-02-22 02:29:25 utc,sofia manzano,"essa foi uma partida que valia a pena assistir, até pela trilha sonora. só craques.",0,0,0
6615,2022-08-17 15:47:06 utc,lulaoficial,"não podemos deixar micro e pequenos empresários fecharem seus negócios por dívidas que contraíram durante a pandemia. o bndes precisa ajudar os pequenos. o futuro pode até esperar algo novo, mas não podemos deixar que vocês morram, vamos levar à sério a renegociação de dívidas.",0,0,0
3100,2020-02-29 19:52:00 utc,jairbolsonaro,"@rogeriosmarinho obrigado pelo empenho, ministro!",0,0,0
4203,2019-02-20 11:58:53 utc,jairbolsonaro,"força-tarefa brasileira levará ajuda humanitária aos venezuelanos. reunião com o stf, congresso e ministros, criou logística até a fronteira, em roraima. alimentos e medicamentos serão disponibilizados para recolhimento a cargo do presidente encarregado @jguaido .",0,0,0
1563,2021-11-08 18:33:02 utc,jairbolsonaro,"@fabiofaria @govbr <u+0001f91d>, ministro!",0,0,0
11723,2022-03-08 22:54:31 utc,ciro gomes,"defensora pública, @carolbrazam, na #cirogames: o poder público não está preparado para a mulher independente, pq nós não temos creches, escolas de tempo integral. então como que essa mulher vai ser independente? como que ela vai estudar? o estado não propicia a ela condições",0,0,0
16555,2020-03-09 00:02:50 utc,leonardo pericles,@up80_oficial a luta avança em todo brasil!,0,0,0
24829,2020-10-01 22:46:38,vera lucia,"assim como me exclui dos  debates e da propaganda eleitoral de tv.  perseguição, cerceamento e veto a qualquer candidato são inadmissíveis e todos que defendem os direitos democráticos deveriam se posicionar.
#naoiraonoscalar
#queremosaveranosdebates",0,0,0
12966,2021-03-17 02:22:14 utc,ciro gomes,"meus irmãos brasileiros, com a notícia de quase 3 mil mortos em um único dia e a sentença de morte de mais outros tantos, compartilho algumas coisas baseadas na melhor ciência, nas melhores experiências internacionais e nas evidências que nossa trágica realidade nos impõe. <u+0001f447>",0,0,0
13715,2020-10-20 22:23:30 utc,ciro gomes,@universo_12 @laurinha_f2010 feliz aniversário para a nossa querida @laurinha_f2010! <u+0001f44f><u+0001f44f><u+0001f382><u+0001f339><u+2764><u+fe0f>,0,0,0
14096,2020-08-28 12:44:52 utc,ciro gomes,@lulusantos eu vejo a vida melhor no futuro... <u+0001f3b5><u+0001f3b6>,0,0,0
28836,2019-10-02 20:05:15 utc,soraya thronicke,"@rafaeldelisa @jairbolsonaro @nelsontrad @ltrutis @rosemodestoms sim, está.",0,0,0
17741,2021-06-03 20:50:40 utc,simone tebet,"armas partidarizadas ou política armada são incompatíveis c/ democracia, eleições livres e periódicas. não punir pazuello abre precedente à insubordinação.necessário comunicado das ffaa à nação de que defendem a hierarquia, a disciplina, o respeito ao regulamento e à constituição",0,0,0
12804,2021-04-18 00:45:54 utc,ciro gomes,"esse projeto deve ter um prazo objetivamente anunciado com orçamentação, com divisão de tarefas do papel do estado e da iniciativa privada. #cironobrazilconference",0,0,0
20559,2022-12-06 19:02:01 utc,sofia manzano,"portugal x suíça 

achei linda a camisa de treino de portugal.",0,0,0
746,2022-06-16 14:18:52 utc,jairbolsonaro,"- recentemente, em agosto de 2021, esses produtos também tiveram a alíquota do ipi reduzida. @mineconomia",0,0,0
14153,2020-08-20 01:38:28 utc,ciro gomes,"@koffibadou_ @antonionetopdt para receber seu livro em outro país, envie um e-mail para casadosmundos@casadosmundos.com.br com o endereço completo. a editora informará o prazo de entrega e valor do frete. abraços!",0,0,0
16549,2020-03-23 15:48:31,leonardo pericles,"nem ignorar o vírus e nem a classe trabalhadora. a up em todo brasil está se mobilizando. paralisação de atividades em várias categorias, equipes de visita as famílias nas comunidades, campanha de doação de alimentos e álcool gel. derrotar o vírus e o governo! #forabolsonaro",0,0,0
30199,2018-06-12 00:45:53,soraya thronicke,"uma vergonha a mudança proposta na lei de licitações pelo deputado joão arruda do mdb. ela legaliza o prejuízo ao erário, pois somente considera sobrepreço ou superfaturamento aquele que decorrer de ação dolosa. é amanhã! estamos de olho nos senhores! #sorayasenadorams2018",0,0,0
9451,2019-09-06 01:56:23 utc,lulaoficial,estou aqui preso e os canalhas estão soltos por aí. #lulanacarta,1,0,0
7048,2022-06-14 12:51:55 utc,lulaoficial,"eu posso voltar a presidência em 2023 e pegar o brasil pior do que em 2003. então, gerar emprego é prioridade, o povo conseguir comprar o que comer é prioridade. vamos refazer coisas e fazer coisas novas. e vou conversar com os prefeitos e governadores para construirmos juntos.",0,1,0
29054,2019-08-25 14:03:49 utc,soraya thronicke,@belinhapoodlebr @politzoficial @conexaopolitica sigam a @belinhapoodlebr também!,0,0,0
16341,2022-01-18 19:10:22 utc,leonardo pericles,quem chegou hoje aqui no meu perfil hoje a partir da matéria da folha de são paulo?,0,0,0
17596,2021-08-21 11:30:00 utc,simone tebet,@petrus_geol <u+0001f601>,0,0,0
11530,2022-04-26 14:11:00 utc,ciro gomes,"o lula se compromete, publicamente, de manter a diretoria do banco central. chama todo mundo para radicalizar contra o bolsonaro, que tem que tirar o bolsonaro, tira ele e fica a mesma política? esse é o jogo! eu tô noutra!",0,0,0
27801,2022-06-23 22:37:06 utc,soraya thronicke,@themechanic43 vc compactua com a corrupção?,0,0,0
5747,2022-10-19 20:35:02 utc,lulaoficial,"o brasil voltou a ter fome, quando a gente tinha acabado com ela em 2012. as crianças voltaram da pandemia mais atrasada. precisamos de um pacto entre governos municipal, estadual e federal para recuperar o ensino dessas crianças. mas o governo atual não gosta de educação.",0,0,0
22593,2021-04-16 15:27:47 utc,sofia manzano,"""o ser da esfera de vida está baseado na natureza inorgânica de modo tão irrevogável quanto o ser social o está no conjunto do ser natural""
isso é tão óbvio, no entanto, tão estranho ao ser social alienado que deve ser enfatizado.",0,0,0
14693,2020-06-24 19:34:21 utc,ciro gomes,@eduardo45842520 @eduardomoreira boa! vamos juntos! <u+270a><u+0001f339><u+0001f1e7><u+0001f1f7> #equipecirogomes,0,0,0
23567,2022-08-31 17:19:24,vera lucia,"estatizar, sem indenização e sob o controle dos trabalhadores, as empresas que provocam desastres ambientais: mineradoras a exemplo da vale, ou empresas do agronegócio e da indústria extrativista.",0,0,0
9565,2019-06-13 23:42:03 utc,lulaoficial,o mia couto diz que quando a sociedade está com medo ela se aproxima do monstro. foi o que aconteceu com o bolsonaro. ele é resultado do pânico que os meios de comunicação criaram no brasil sobre a política. #lulanatvt,0,0,0
24680,2020-11-10 15:17:18 utc,vera lucia,esse #debateestadao é o mundo do faz de conta. covas fala de uma cidade das mil maravilhas que não existe. mamaefalei da exemplo do sistema de saúde do chile (?!) onde tem uma revolução contra situação de destruição dos serviços públicos pelo capitalismo neoliberal... vergonha!,0,0,0
6131,2022-09-28 11:54:36 utc,lulaoficial,obrigado pelo apoio. um abraço de lula <u+2764><u+fe0f>,0,0,0
7581,2022-02-18 18:19:00 utc,lulaoficial,vídeo: @ricardostuckert,0,0,0
29503,2019-06-07 18:10:00 utc,soraya thronicke,@penarezende vamos juntos! vamos todos juntos ajudar o nosso brasil! obrigada!,0,0,0
28032,2021-08-18 21:57:19 utc,soraya thronicke,"definitivamente,o pl 2963/19,que trata da possibilidade de venda de terras brasileiras a estrangeiros não é da minha autoria e nem mesmo relatoria.

pesquisem antes de atacar e não caiam em fakenews! vcs não são massa de manobra como alguns querem que sejam!",1,0,0
14769,2020-06-12 20:30:54 utc,ciro gomes,"precisamos construir um novo pensamento progressista no mundo e especialmente no brasil que precisa ser praticado com base em três pilares: ideia, exemplo e militância. #deverdaesperança",0,0,0
24272,2021-07-14 18:38:32,vera lucia,"@stockscollector graças a restauração capitalista, destruição das conquistas da revolução, (o embargo dos eua) e a crise, a situação piora em cuba e por isso apoiamos o povo contra ditadura capitalista. mas diferente de vc, nossa crítica não é seletiva, afinal a miséria no capitalismo é a regra.",0,1,0
19189,2022-09-05 10:04:46,felipe davila,o povo é mais sensato que os constituintes. os chilenos entenderam que a constituição apresentada ao povo levaria a democracia chilena para o precipício do populismo que vem destruindo a américa latina e ameaça tragar o brasil em outubro.,0,1,0
28493,2020-02-24 18:08:22 utc,soraya thronicke,@marcobolsonunes lamento lhe informar que os fatos narrados são verdadeiros. quem dera fosse fake!,0,0,0
13913,2020-09-12 13:15:08 utc,ciro gomes,@marceloadnet <u+0001f44f><u+0001f44f><u+0001f44f><u+0001f44f>,0,0,0
10802,2022-08-24 00:44:38 utc,ciro gomes,"abrindo mão da reeleição, vou cuidar só das reformas que o brasil precisa e sem nenhum toma-lá-dá-cá. #cironojn",0,0,0
10984,2022-07-30 15:16:50,ciro gomes,"diferente de bolsonaro e lula, eu me sentiria um irresponsável de pedir ao povo pra ser presidente sem me dedicar a entender os problemas, tentar achar soluções, formular estratégias, afirmar prazos, buscar orçamento e dizer de onde vem o dinheiro.",0,0,0
8209,2021-07-06 11:55:29,lulaoficial,"esse negócio de tentar privatizar os correios... se o governo não sabe administrar, pra que governo?! essas empresas que eles querem vender agora são estratégicas. foram construídas com muito suor do povo brasileiro. e dão ao governo o poder de induzir nosso desenvolvimento.",0,1,0
7596,2022-02-16 17:31:43 utc,lulaoficial,"eu espero que os empresários sérios que querem investir no setor elétrico brasileiro não embarquem nesse arranjo esquisito que os vendilhões da pátria do governo atual estão preparando para a eletrobrás, uma empresa estratégica para o brasil, meses antes da eleição.",1,0,0
3507,2019-10-01 11:00:51 utc,jairbolsonaro,"o turismo movimentou mais de r$ 20 bilhões em julho de 2019 e gerou mais de 25 mil empregos em relação ao mesmo período de 2018 (fonte: cnc). o brasil pode ir muito mais longe, desenvolvendo a noção da importância do envolvimento social com a preservação ambiental.",0,0,0
2287,2020-09-30 15:22:53 utc,jairbolsonaro,"1- o candidato à presidência dos eua, joe biden, disse ontem que poderia nos pagar u$ 20 bilhões para pararmos de ""destruir"" a amazônia ou nos imporia sérias restrições econômicas.",0,0,0
12750,2021-05-07 14:44:10 utc,ciro gomes,para que fique claro: o orçamento das universidades federais hoje é igual ao do ano de 2004. o grande problema é que hoje temos 18 universidades a mais e o dobro de estudantes que 18 anos atrás.,0,0,0
11355,2022-05-26 18:00:05 utc,ciro gomes,"ps: sou torcedor do nosso futebol nordestino, mas vocês sabem que meu coração bate mais forte pelo guarany de sobral (@guaranysc1938), né? <u+2764><u+fe0f><u+0001f923>",0,0,0
9232,2020-03-02 17:48:22 utc,lulaoficial,"eu ainda me emociono quando lembro das pessoas que ficaram gritando bom dia e boa noite durante aqueles 580 dias em curitiba, debaixo de chuva, debaixo de sol.",0,0,0
16444,2020-10-26 12:16:54 utc,leonardo pericles,"ventos de esquerda sopram com mais força na al! 
há um ano o chile vive gigantescas manifestações populares q foram determinantes p/ a realização e vitória do povo no plebiscito, haverá uma constituinte p/ enterrar a constituição da ditadura de pinochet. viva o povo chileno!",0,0,0
14495,2020-07-16 14:01:14 utc,ciro gomes,@akyllafernanda #turmaboa sempre surpreendendo <u+0001f60d><u+0001f60d>,0,0,0
22277,2022-01-02 20:16:19 utc,sofia manzano,"enquanto a democracia política é o objetivo real.... esse argumento é muito adequado para levar as massas a acreditar na justiça de sua causa, mas não pode garantir-lhes a certeza da vitória."" g.mayer em friedrich engels: uma biografia.",0,0,0
10868,2022-08-17 15:00:23 utc,ciro gomes,"já viram que hora é essa? <u+0001f440><u+0001f447>

ciro         ciro ciro ciro
ciro      ciro             ciro
ciro       ciro           ciro
ciro                     ciro
ciro                  ciro
ciro               ciro
ciro            ciro
ciro         ciro
ciro     ciro ciro ciro ciro",0,0,0
23783,2022-04-07 14:04:57 utc,vera lucia,"e o que vocês acham? quem promete mudar o país e acabar com fome fazendo acordo com os ricos, com a burguesia, a direita, centrão e tudo mais, realmente vai mudar alguma coisa? ou será só uma cara diferente pro velho capitalismo de sempre?",1,0,0
14763,2020-06-12 21:26:48 utc,ciro gomes,o livro projeto nacional: o dever da esperança já está disponível na @amazonbr e é minha contribuição a um debate absolutamente necessário sobre o brasil. #deverdaesperança,0,0,0
28609,2019-11-10 20:40:42 utc,soraya thronicke,"@josemedeirosmt isso é grave demais, zé!",0,0,0
26885,2022-11-27 23:53:20 utc,soraya thronicke,"@yorkthronicke @evslynhwgo a deusdete é demais, né?",0,0,0
10842,2022-08-19 12:22:36 utc,ciro gomes,"com a complacência geral, o anti-midas bolsonaro, que apodrece tudo que toca, deu novo sentido à respeitada sigla codevasf. leia-se agora: corrupção e devassidão sem freios.",1,0,0
14319,2020-07-29 00:00:38 utc,ciro gomes,"@btu_dj @lerlanger @prialopes_ logo mais, às 21h55. espero vocês! #ciroeerlanger",0,0,0
14987,2020-04-24 15:09:02 utc,ciro gomes,"nesta confrontação chocante entre moro e bolsonaro, o país ganha muito com a briga em si. só hoje já tivemos notícia de uma lista de artigos do código penal além de crime de responsabilidade: prevaricação, falsidade ideológica, tráfico de influência, (...)",1,0,0
27778,2022-07-21 03:52:54 utc,soraya thronicke,"pousando em mato grosso do sul como eu amo tudo isso!
sinto um orgulho imenso por ser filha desta terra!
meu coração fica pleno de alegria! #matogrossodosul 
#pantanal",0,0,0
3925,2019-05-06 09:36:12 utc,jairbolsonaro,a temporada de cruzeiros 2018/2019 na bahia chega ao fim. de acordo com a associação brasileira de cruzeiros marítimos (clia brasil) foi registrado um incremento de 7% com relação a temporada 2017/2018. a próxima deverá crescer 10%.,0,0,0
8215,2021-07-06 00:03:23 utc,lulaoficial,"aqueles que tentam dizer que tem uma polarização entre dois extremos são as pessoas que estão procurando uma terceira via. é terceira via, quarta via, quinta via... daqui a pouco vão fazer um sorteio na caixa econômica pra encontrar a tal da via…",0,0,0
6199,2022-09-24 22:04:35 utc,lulaoficial,"no nosso governo o brasil passou a ser o país mais respeitado da américa latina. hoje temos um presidente que ninguém convida para sair do brasil e ninguém quer vir aqui, porque ele é muito incompetente.",0,0,0
11844,2022-01-28 19:10:03 utc,ciro gomes,"é mais um capítulo  na escalada de gerar conflitos e impasses que tumultuem  ou tentem inviabilizar  o curso normal das eleições, já que ele se sente antecipadamente derrotado.",0,0,0
27064,2022-11-03 00:51:32 utc,soraya thronicke,@eu_larissd <u+0001f60d><u+0001f60d>,0,0,0
27627,2022-08-29 04:55:22 utc,soraya thronicke,@adrimel_alm vou revelando aos poucos calma! a campanha acaba de começar.,0,0,0
6367,2022-09-11 18:43:24 utc,lulaoficial,"outro importante impacto do bolsa família foi na saúde da população porque o foco do programa era o bem-estar das pessoas, principalmente de crianças e mulheres gestantes que tinham o sistema vacinal e tratamentos básicos em dia. #equipelula",0,0,0
23631,2022-08-25 17:24:01 utc,vera lucia,"@agencialupa @datafolha @simonetebetbr ajude a divulgar essa hashtag: #queroveranodebate
#queroveranojn",0,0,0
20311,2021-05-16 13:11:46,felipe davila,. @brunocovas era um jovem e promissor líder político. amava e respirava política. é uma triste perda no momento em que a valorização da política é algo vital para tirar o brasil das mãos dos usurpadores da virtude da politica. força para seus familiares.,0,0,0
9402,2019-11-09 18:19:15 utc,lulaoficial,a gente tem que saber quem mandou matar a nossa guerreira marielle.,0,0,0
19902,2022-01-27 20:25:07 utc,felipe davila,"88% de aprovação para @souadrianosilva e @regambin na prefeitura de joinville. 

é apenas a primeira prefeitura do @partidonovo30. 

muito potencial para crescer, mas já mostramos, na prática, como é possível fazer diferente.",0,0,0
9020,2020-06-01 16:25:28,lulaoficial,"e o pt sabe porque quer tirar o bolsonaro. a gente quer tirar o bolsonaro pra defender a vida. porque ele não gosta de mulher, não gosta de preto, não gosta de índio, não gosta do povo trabalhador. é por isso que estamos dizendo fora bolsonaro.",0,1,0
19114,2022-09-27 13:18:21 utc,felipe davila,"não podemos nos enganar.

lula será mais do mesmo. vai sabotar as reformas do estado, vai criar outros mensalões e esquemas, como hoje tem o orçamento secreto.

por isso que eu sou candidato a presidente da república: porque luto contra o populismo de direita e de esquerda.",1,0,0
6882,2022-07-09 16:24:58 utc,lulaoficial,"dona lindu, quando ia pro fogão e não tinha o que cozinhar para 8 filhos, falava: amanhã vai ter. e é com esse espírito que temos que acordar todo o dia. porque se a gente quiser, vamos fazer acontecer.",0,0,0
24299,2021-07-13 13:28:06 utc,vera lucia,esse debate é importante porque a classe trabalhadora precisa saber que estalinismo não é socialismo.,0,0,0
29608,2019-05-25 03:43:08 utc,soraya thronicke,@cristin65039146 exatamente. boa!!,0,0,0
23934,2022-01-31 14:17:28,vera lucia,"2) angola vive uma forte onda de protestos, contra a precariedade das condições de vida e elite corrupta do mpla. entender e ter solidariedade com a população e os lutadores de angola é fundamental. <u+0001f9f5>",1,0,0
12611,2021-06-19 19:32:45 utc,ciro gomes,"@felipelanhi meus sinceros sentimentos a você e sua família, @felipelanhi. o atraso das vacinas por esse governo genocida fez mais uma vítima. essa dor nunca será apagada da nossa história.",0,0,0
1198,2022-03-25 19:01:54 utc,jairbolsonaro,"@mincidadania @joaoromaneto @tarcisiogdf <u+0001f1e7><u+0001f1f7>, ministros!",0,0,0
14647,2020-07-02 14:58:50 utc,ciro gomes,"""nós temos um congresso formulador, um judiciário moderador e um executivo tumultuador. esse é o retrato da separação de poderes no brasil."" @flaviodino #ciromarthadinobrizola",0,0,0
12764,2021-05-04 12:55:45 utc,ciro gomes,"prefeito @brunocovas, muita força na travessia desse momento delicado do seu tratamento. rogo a deus que lhe proteja <u+0001f64f>",0,0,0
8371,2021-05-01 20:02:45 utc,lulaoficial,@luu_viegas <u+2665><u+fe0f>,0,0,0
1052,2022-05-02 14:07:03 utc,jairbolsonaro,"- distrito federal: dia (29), 272 moradias foram entregues a famílias de baixa renda da região administrativa de são sebastião, no df. o residencial crixá vii vai beneficiar cerca de 1,1 mil pessoas com a casa própria.",0,0,0
2720,2020-05-21 09:44:05 utc,jairbolsonaro,"3- 1.218 municípios já contam com o reforço de mais 3.314 médicos no atendimento a pacientes com covid-19. o aumento no número de profissionais é resultado de duas primeiras chamadas do edital nº 5/20, lançado emergencialmente como medida de enfrentamento à pandemia. @minsaude",0,0,0
13570,2020-11-01 17:36:28 utc,ciro gomes,@ivodonascimento boa! #viradamarciofrança,0,0,0
13714,2020-10-20 22:30:33 utc,ciro gomes,@pompeodemattos #é12! <u+0001f339><u+0001f1e7><u+0001f1f7>,0,0,0
16746,2022-10-29 02:25:51 utc,simone tebet,"ainda, como comandante de um país do tamanho e da importância do brasil, ele não passa de um franco-atirador.",0,0,0
24372,2021-06-23 21:06:49,vera lucia,"salles caiu. foi embora o pior ministro do m. a. um criminoso, que ""passou a boiada de ataques"" ao meio ambiente e aos povos indígenas em benefício dos setores do agronegócio. é preciso seguir na luta pra reverter os retrocessos e exigir prisão imediata de salles!#sallesnacadeia",1,0,0
6555,2022-08-23 21:49:01 utc,lulaoficial,"o pac foi uma coisa extraordinária, porque foi construído com empresários, governadores e prefeitos. e é um programa que eu pretendo retomar se ganharmos as eleições. assim como o minha casa minha vida, que quero retomar no dia 1° de janeiro.",0,0,0
7883,2021-10-08 15:37:44 utc,lulaoficial,"tenho conversado com todas as forças políticas. consertar esse país não é tarefa exclusiva de um único partido político. aí tem muita especulação. a imprensa já elegeu 18 vices pra mim, mais de dez ministros da economia. espero que uma hora alguém acerte... rs",0,0,0
11337,2022-05-31 14:00:14,ciro gomes,a tragédia que continua ceifando vidas em pernambuco é a nova chaga aberta desta doença das cidades brasileiras. a doença da miséria de milhões de brasileiros esquecidos e a doença da pobreza de nossas políticas públicas.,0,1,0
21138,2022-09-12 16:15:39 utc,sofia manzano,"toda solidariedade ao povo indígena anacé que luta pelo reconhecimento do seu território, em crateus ce.
o grande capital mais uma vez invade os territórios originários. 
o complexo industrial e portuário do pacem não pode estar acima do território indígena. 
#crateus #anace",0,0,0
12352,2021-09-21 23:17:29 utc,ciro gomes,"o brasil é o país que hoje mais desvaloriza sua moeda pela brutal desconfiança que o mundo e os agentes econômicos internos do país têm dos fundamentos da economia e do comportamento golpista, alucinado, irresponsável, politiqueiro, incompetente do bolsonaro. #cirogames",0,0,0
29739,2019-04-30 01:33:14 utc,soraya thronicke,@glnetto2014 também estou questionando... muitas perguntas ainda sem resposta.,0,0,0
24965,2020-04-15 19:36:32 utc,vera lucia,"promessa de 8 mil testes/dia para covid-19 em sp só vai ser cumprida em maio. o que  @joaodoria45  está testando é a  paciência e a vida dos paulistas. exigimos teste gratuitos em massa, para acabar com a subnotificação. #testeparatodosjá #pelofimdasubnotificação",0,0,0
22825,2021-02-20 00:15:32,sofia manzano,"sobre a petrobrás: é até divertido ver o desespero de @miriamleitao @veramagalhaes @merval_merval @valoreconomico com a demissão do presidente. bolsonaro só quer agradar o gado, mas a imprensa entreguista neoliberal fica descabelada. 

#opetroleoénosso",1,0,0
29823,2019-04-12 01:32:13 utc,soraya thronicke,@marcinhonf e os maldosos e invejosos lideram essa sacanagem.,0,0,0
23458,2022-09-12 20:49:38 utc,vera lucia,"a educação infantil é um direito da criança até seis anos de idade, garantido no artigo 7º da constituição federal, em seu inciso xxv. a lei de diretrizes e bases da educação (ldb) prevê o direito à creche, a ser garantida pelos estados e municípios.",0,0,0
13424,2020-11-26 21:35:09 utc,ciro gomes,@eldebatador @wcasagrandejr claro! toda minha gratidão e solidariedade aos nossos profissionais de saúde. são os mais sacrificados nesta pandemia. #abraceaenfermagem,0,0,0
5435,2022-11-03 16:16:09 utc,lulaoficial,um brasil da esperança pra sofia e para todas as crianças do nosso país. juntos nós iremos construir! #equipelula,0,0,0
12297,2021-10-03 17:25:54 utc,ciro gomes,"@brunabrelaz concordo com você, @brunabrelaz. somente poderemos mudar a realidade do nosso país com mais mobilização, união da sociedade brasileira e, principalmente, mais democracia. seguiremos juntos na luta contra bolsonaro!",0,0,0
23919,2022-02-01 15:11:20,vera lucia,"as ppp's para construir o metro de são paulo levam a prioridade total para o lucro, com grande desprezo a saúde. 

não devemos deixar a cidade de são paulo a mercê do lucro dessas multinacionais!
@_camilomartin explica",0,0,0
7674,2022-01-26 13:09:19 utc,lulaoficial,"esse mundo está precisando da verdade, de amor, de paz e tranquilidade e não essa loucura que a gente tá vivendo. é pensando nesse país que eu me proponho a debater. #lulanacbnvale",0,0,0
16443,2020-10-28 13:25:19 utc,leonardo pericles,"bolsonaro através do programa d parcerias e investimentos prevê entregar para o setor privado ""construção, a modernização e a operação de unidades básicas d saúde"". quer privatizar os postos d saúde e criar um caminho a mais p/ destruir o sus. defendamos a saúde pública, lutemos!",0,0,0
14836,2020-06-05 22:25:36 utc,ciro gomes,"(...) mas se decidir ir, vá com cuidado, se proteja da pandemia e dos infiltrados que bolsonaro está armando para colocar nas manifestações para gerar baderna e confusão. bolsonaro é um genocida e está incitando a milícia dele. #ciroeticonoinsta",1,0,0
21459,2022-07-30 02:25:58 utc,sofia manzano,@dracatheplant sim. muito importante também. logo falarei sobre nossas propostas para as crianças.,0,0,0
16786,2022-10-14 14:30:53,simone tebet,"o escândalo do orçamento secreto começa a ser desvendado. hoje, a polícia federal prendeu duas pessoas no maranhão, suspeitos de atuar em uma ampla rede criminosa envolvendo o sus. +",1,0,0
17656,2021-07-21 11:29:18 utc,simone tebet,@fabianorenno obrigada pelo carinho e confiança.,0,0,0
8538,2021-02-24 14:17:01,lulaoficial,"se os companheiros dos partidos de esquerda acharem que preciso ser candidato, eu serei. mas não vou brigar pra ser candidato... só não posso falar nunca mais porque no dia que eu falar isso tenho que me aposentar, pedir licença do pt e ir pra casa criar codorna. #lulano247",0,0,0
22362,2021-11-18 06:10:07 utc,sofia manzano,"@mariacarol_21 desculpa @mariacarol_21 ,mas eu estava pensando e as cidades que eu conheço do canadá são ontario, quebec, toronto e montreal <u+0001f60f>",0,0,0
16136,2022-09-02 05:06:22,leonardo pericles,"toda solidariedade a cristina kirchner, vice-presidenta da argentina q sofreu uma tentativa de assassinato essa noite. p/ deter essa escalada fascista, q não respeita leis e democracia, temos q seguir a reação do povo argentino. dia 07/09 temos que ocupar as ruas em todo brasil!",0,0,0
11362,2022-05-26 13:59:12 utc,ciro gomes,cerca de 70 de cada 100 brasileiros em são paulo votaram no bolsonaro protestando contra a terrível crise econômica que o lula e o pt produziram  que é a mais grave da história. e em cima dela a crise de generalização da roubalheira.,1,0,0
27933,2022-02-18 01:45:31 utc,soraya thronicke,"que possamos estar todos unidos em prol do que realmente importa, que é a vida acima de tudo.

vamos ajudar?",0,0,0
27525,2022-09-03 23:26:33 utc,soraya thronicke,@elizianegama <u+0001f44f><u+0001f3fc><u+0001f44f><u+0001f3fc><u+0001f44f><u+0001f3fc>,0,0,0
2123,2020-12-08 17:20:27 utc,jairbolsonaro,"- hoje, todo o brasil produz 320 mil toneladas/ano. o potencial, somente de itaipu, é de 400 mil ton/ano.",0,0,0
20300,2021-05-21 16:19:22 utc,felipe davila,@paulohartunges @clp_brasil é mais um entre tantos absurdos que temos visto no trato do governo com as contas públicas.,0,0,0
20294,2021-05-23 00:40:02 utc,felipe davila,@leobudget @kennedy_school @clp_brasil @soracy @estadao @harvard obrigado!,0,0,0
22937,2021-01-16 02:35:41 utc,sofia manzano,@carlazambelli38 #forabolsonaro,0,0,0
7088,2022-06-08 13:19:35 utc,lulaoficial,"o bolsonaro na pandemia não acreditou nos pesquisadores, na fiocruz, no butantan, no ministro da saúde dele, e poderia ter morrido muito menos gente se ele tivesse comprado antes a vacina. um ser humano normal teria feito diferente.",0,0,0
7559,2022-02-24 12:12:50 utc,lulaoficial,"mesmo que as pessoas queiram ser minhas inimigas, eu não quero ser inimigo delas. a pessoa ser minha adversária na política não quer dizer que seja meu inimigo, que a gente não possa ter relações de respeito e amizade.",0,0,0
23493,2022-09-06 16:51:04 utc,vera lucia,@jornaloglobo espero que não tenha sido para ir andar de jetski.,0,0,0
29994,2019-03-13 21:03:53 utc,soraya thronicke,"que deus abençoe e conforte as famílias das vítimas da tragédia da escola raul brasil (suzano, sp). quanta dor, senhor. misericórdia! <u+0001f64f><u+0001f3fc><u+0001f64f><u+0001f3fc><u+0001f64f><u+0001f3fc>",0,0,0
23356,2022-10-29 00:09:37 utc,vera lucia,"fique por aqui para irmos comentando o último debate juntas.

#eleições2022 #debatenaglobo",0,0,0
5028,2023-01-19 22:30:13,lulaoficial,o descaso com a ciência do governo federal nos últimos anos custou muito caro ao povo brasileiro. estamos trabalhando para retomar investimentos e valorização da ciência e tecnologia. importante para o futuro do brasil.,0,1,0
5242,2022-12-18 11:12:40 utc,lulaoficial,"o brasil está precisando de ar novo, que a gente possa respirar mais democracia, mais direitos, emprego, educação, saúde. esse é o retrato desse novo país que vai nascer a partir do dia 1º de janeiro de 2023. faltam 14 dias para a nossa posse. nos vemos em brasília! bom dia.",0,0,0
17958,2019-12-12 01:01:33 utc,simone tebet,"a aprovação, pelo senado, do pacote anticrime do ministro moro vai permitir  que o judiciário e a segurança pública combatam com mais eficiência a violência e o crime organizado.",0,0,0
29428,2019-06-19 12:29:44 utc,soraya thronicke,"estamos ao vivo na tv senado, com o ministro sérgio moro, que vai esclarecer possíveis dúvidas acerca da sua atuação no processo da operação lava jato. @jairbolsonaro @sf_moro",0,0,0
11401,2022-05-17 23:14:18 utc,ciro gomes,"é por conta dos juros, das multas, das correções monetárias. se a gente não reagir, a gente vira pato na mão desse abuso criminoso! #cirogames",0,0,0
24793,2020-10-02 03:18:31 utc,vera lucia,"vivi isso a vida inteira mas não deixa de causar indignação ver covas e orlando silva discutirem políticas para mulher negra e eu, ter sido vetada e não poder falar sobre nós, mulheres, negras, operárias a apresentar uma proposta realista por fora desta hipocrisia.
#debatenaband",0,0,0
2195,2020-11-08 11:19:55 utc,jairbolsonaro,@minfraestrutura @tarcisiogdf @itau <u+0001f91d>,0,0,0
20234,2021-06-09 02:10:05 utc,felipe davila,"@joaoluizpedrosa também achei incrível conversar contigo. valeu por topar! em breve, tá no ar.",0,0,0
28409,2020-04-27 11:45:10 utc,soraya thronicke,"@jaspionopressor o pres. não vendeu ministérios.mas dividiu a gestão do executivo c/ partidos sim.ok, ñ vejo problema, faz parte.fato:só o dem teve 4 ministérios c todos os cargos, hoje tem dois.mdb tem espaço tb,diminuiu mas tem!líder do gov, líder do senado, o ministério q era de osmar terra.",0,0,0
24979,2020-03-29 19:08:16 utc,vera lucia,"o governador de são paulo, @joaodoria45, tem que rever tal medida. a suspensão do serviço às vítimas de estupro no hospital pérola byington pode causar danos irreversíveis para a saúde e a vida de muitas mulheres.",0,0,0
28309,2020-06-18 00:49:05 utc,soraya thronicke,@n_carvalheira que triste!,0,0,0
5749,2022-10-19 19:13:37 utc,lulaoficial,"o cidadão que comete racismo deve ser punido, o cidadão que é racista está transmitindo ódio, se achando superior e não podemos admitir isso.",0,0,0
27084,2022-11-03 00:07:25 utc,soraya thronicke,"@simonexact seria cômico se não fosse trágico, pessoal! só por deus mesmo!",0,0,0
658,2022-07-07 11:50:53 utc,jairbolsonaro,"26) eleição do brasil para o conselho de segurança da onu;

27) abertura do 1º escritório regional da organização mundial do turismo nas américas;

28) extinção da unasul e criação do prosul;

29) conclusão das negociações dos acordos comerciais com a união européia e com o efta;",0,0,0
21576,2022-07-14 17:39:45 utc,sofia manzano,@nandoujc @ujcbr parabéns ujc. só vitórias!,0,0,0
28647,2019-11-03 15:12:52 utc,soraya thronicke,"@meiflop @n_carvalheira não é fixo, pq há preços que variam, como o de passagens, às vezes viajo menos, outros meses +. há gastos esporádicos tb. detalhes você consegue no portal da transparência do senado, alimento bem o meu.  não dá pra passar tudo aqui. tenho acúmulo de verbas não gastas inclusive.",0,0,0
19488,2022-07-08 12:07:15 utc,felipe davila,"o assassinato de shinzo abe é mais um triste capítulo dos tempos difíceis que estamos vivendo.

a barbárie jamais pode prevalecer sobre os três pilares que sustentam a democracia: civilidade, respeito e tolerância.

minhas condolências a todo o povo japonês.",0,0,0
20754,2022-10-22 23:08:25,sofia manzano,"já são mais de mil denúncias de assédio eleitoral das empresas para com seus empregados.
isso é mais um crime dos empresários brasileiros. o que fazer?
vamos conversar com os trabalhadores, mostrar tudo o que está em jogo e não falo só das liberdades democráticas.
sabe o que?<u+0001f447><u+0001f3fc>",1,0,0
24925,2020-08-01 18:51:01 utc,vera lucia,#obrigadoatila,0,0,0
1141,2022-04-10 11:24:34 utc,jairbolsonaro,"- fechado há 9 anos, o novo museu do ipiranga, em são paulo, entra em fase final de obras (r$160 milhões em investimentos públicos e privados).

compartilhe a verdade!",0,0,0
7317,2022-04-29 01:02:30 utc,lulaoficial,"eu sou cristão, eu acredito em deus. e o deus que eu acredito não pode ser o mesmo que essa gente mentirosa acredita. como cristão, não consigo deitar à noite tranquilo sabendo que tem alguém dormindo na rua. que tem gente sem conseguir comprar remédio.",0,0,0
13043,2021-02-27 15:23:42,ciro gomes,"bolsonaro prometeu gasolina por menos de r$ 3,00. agora, mesmo a petrobras batendo lucro recorde de r$ 59,9 bilhões, nosso povo está pagando quase r$ 6,00 no litro da gasolina!",0,0,0
28013,2021-09-02 17:29:24 utc,soraya thronicke,"com a ausência injustificada, ou melhor, com a fuga do depoente marconny, estamos ouvindo agora francisco araújo, ex-secretário de saúde do df. acompanhe conosco, o <u+0001f1e7><u+0001f1f7> quer saber tb o que ocorreu no restante do país.",0,0,0
2637,2020-06-06 17:37:12 utc,jairbolsonaro,@minsaude @govbr <u+0001f44d><u+0001f3fb>,0,0,0
9181,2020-04-01 18:36:40 utc,lulaoficial,"todos os líderes do mundo já entenderam a gravidade da situação, menos o bolsonaro. ou esse cidadão renuncia ou se faz o impeachment dele com base nos crimes de responsabilidade que ele já cometeu.",0,0,0
3937,2019-05-05 00:42:03 utc,jairbolsonaro,"por meio da @advocaciageral, o governo orientou os órgãos federais a fazer reintegração de posse de imóveis públicos ocupados ou invadidos por manifestantes sem aguardar demoradas decisões, agilizando os serviços dos pagadores de impostos. tudo dentro da lei.",0,0,0
423,2022-08-25 21:54:57 utc,jairbolsonaro,"- por conta de atraso em cerimônia no stj, na qual estamos presentes, a live de hoje será iniciada às 19:30h. até lá! <u+0001f44d>.",0,0,0
20237,2021-06-09 00:22:37 utc,felipe davila,@ticostacruz construir pontes é necessário nesses tempos que vivemos. obrigado por participar dessa construção!,0,0,0
23957,2022-01-12 01:38:57 utc,vera lucia,"@o_iceberg @marcelwando é necessário inspirar neles a desconfiança frente as instituições imperialistas, mas isso não se faz pedindo que eles confiem em seus opressores atuais, que são tão capitalistas quanto.",1,0,0
23662,2022-08-22 12:56:16 utc,vera lucia,"também apoiamos a implementação de tecnologias de captação e manejo de água de chuva para produção de alimentos, que vai garantir a produção sustentável e agroecológica de alimentos e abastecimento das comunidades locais.",0,0,0
24062,2021-09-28 14:31:37,vera lucia,"cpi da covid: estarrecedor o depoimento da advogada bruna morato sobre a prática da prevent sênior na pandemia de práticas criminosas contra a vida dos pacientes e chantagem com os médicos. prisão, indenização as famílias, aos médicos demitidos e incorporação de toda rede ao sus!",0,0,0
23062,2020-11-18 11:57:55 utc,sofia manzano,vamos seguir na luta. pela legalização do aborto.,0,0,0
24303,2021-07-12 19:00:01 utc,vera lucia,"@el_xiru tem que ter calma pra caracterizar esses protestos. a informação em cuba é filtrada, pelo regime e pela oposição pró-eua. mas s protestos não se massificam se não tem uma base real nas necessidades das pessoas, e o histórico do regime não justifica uma defesa acrítica.",1,0,0
11095,2022-07-08 12:12:55 utc,ciro gomes,o assassinato do ex-primeiro ministro japonês shinzo abe traz luto e alerta para o mundo. é mais um sinal da doença que ameaça contaminar todas as sociedades.,0,0,0
22221,2022-01-31 04:35:15 utc,sofia manzano,"olha só: eu não sei o que está acontecendo no mundo de vocês. eu estava numa conversa séria sobre a revolução socialista. demorou. então,  me conta aí.",0,0,0
7691,2022-01-19 14:13:00 utc,lulaoficial,"o brasil precisa se dar conta que é plenamente possível melhorar a vida do povo brasileiro. é possível estudar, trabalhar, fazer três refeições por dia. é possível acreditar que podemos comer o churrasquinho e quem não come carne, que possa comer o que desejar. #lulaaovivo",0,0,0
9246,2020-02-08 23:25:06,lulaoficial,"nosso maior desafio é assumir o compromisso histórico de lembrar pra que que a gente criou o pt. nós temos obrigação de estar na luta pelo povo desempregado, pelo povo que está passando fome.",0,1,0
22820,2021-02-20 12:52:19 utc,sofia manzano,"@xhnews congratulatons. may this century be the century of socialism, towards communism.",0,0,0
17567,2021-09-16 00:58:51 utc,simone tebet,@trentin_leo1 <u+0001f64c><u+0001f64c><u+0001f64c>,0,0,0
7176,2022-05-24 12:17:59,lulaoficial,"bolsonaro não percebe que governar o país exige responsabilidade, que é uma coisa séria. há quanto tempo ele não conversa com prefeitos, governadores? bolsonaro vive no mundo das mentiras que ele cria.",0,0,0
21361,2022-08-17 22:35:50 utc,sofia manzano,"@aeciopaula olá aécio, se não começarmos a mudar agora, nunca teremos as condições normais. 
ter dois turnos nas eleições permite isso. 
o seu voto é fundamental para que possamos implementar as 30h. 
#vota21",0,0,0
27149,2022-10-22 00:23:13 utc,soraya thronicke,@carolinatargino eu nunca disse isso! de onde vc tirou isso??? deves estar enganada! <u+0001f60d><u+0001f60d><u+0001f60d>,0,0,0
12737,2021-05-11 13:33:21,ciro gomes,"há meses, clamo, aqui, contra a ação sistemática de bolsonaro e seus milicianos para acabar com as universidades públicas brasileiras. na semana passada, endossei o alerta para o colapso financeiro de grandes universidades, cujo símbolo mais dramático é a ufrj...",0,0,0
28837,2019-10-02 15:31:58 utc,soraya thronicke,"iniciando agora a sessão extraordinária para continuação da votação da reforma da previdência. 

ainda hoje teremos sessão do congresso nacional, senado e câmara reunidos para deliberar sobre os vetos presidenciais.

@jairbolsonaro",0,0,0
7932,2021-09-21 11:49:43 utc,lulaoficial,o pobre vai no supermercado pra comprar o que comer e paga mais imposto proporcionalmente que o dono de banco. o brasil não pode mais ser um país concentrador de renda. a gente tem que fazer o dinheiro circular. todo mundo entra nessa roda gigante e todo mundo ganha.,0,0,0
8184,2021-07-13 12:31:17 utc,lulaoficial,4 - os americanos precisam parar com esse rancor. o bloqueio é uma forma de matar seres humanos que não estão em guerra. do que os eua tem medo? eu sei o que é um país tentando interferir no outro.,0,0,0
17032,2022-08-27 14:11:58 utc,simone tebet,"@ascanioseleme obrigada pelas palavras, @ascanioseleme. o brasil merece um governo comprometido com as pessoas. uma alternativa justa, não olhando para o passado ou para o presente, mas para o futuro que queremos do nosso país. juntos vamos mudar o brasil de verdade! <u+270a><u+0001f49c>",0,0,0
2869,2020-04-20 14:50:25 utc,jairbolsonaro,@ernestofaraujo <u+0001f1e7><u+0001f1f7>,0,0,0
7756,2021-12-10 22:51:51 utc,lulaoficial,"agradeço de coração a cada argentino que foi solidário a mim. a mesma perseguição que fui vítima, a companheira @cfkargentina é vítima aqui na argentina. agradeço ao companheiro @alferdez, que mesmo candidato teve coragem de me visitar na prisão e defender minha liberdade.",0,0,0
20825,2022-10-12 02:41:36 utc,sofia manzano,@dudabolche @ujcbr vamos?,0,0,0
8521,2021-03-10 14:43:51 utc,lulaoficial,"eu tinha tanta consciência da certeza que esse dia chegaria. e ele chegou. 

quando decidi marcar essa entrevista, muita gente se preocupou com meu humor. 

se tem um cidadão com razão de estar magoado com as chibatadas que recebeu sou eu. mas não estou.",0,0,0
17456,2022-02-22 14:24:30 utc,simone tebet,@akita31315393 @mariexpresso @mdb_nacional @mdbmulher @mdbnosenado obrigada pelo carinho. <u+0001f618><u+0001f64c><u+0001f64c>,0,0,0
24532,2021-03-03 22:29:51 utc,vera lucia,isso é genocídio!,0,0,0
19894,2022-02-01 14:33:35 utc,felipe davila,"o congresso e o stf voltam aos trabalhos nesta quarta-feira. resta saber se as demandas da população vão permanecer de férias.

as reformas estruturais precisam entrar na agenda. 

o brasil está em crise! não podemos nos dar ao luxo de parar mais um ano só por conta das eleições!",1,0,0
24267,2021-07-14 18:54:27,vera lucia,@luizgustavoba15 @_makavelijones triste é ver a naturalização dos métodos stalinista de ataque a democracia operária no interior do movimento comunista que no passado massacrou gerações de comunistas revolucionários. mas mostra mais ainda a necessidade de se luta contra essa estratégia contrarrevolucionaria.,0,0,0
21046,2022-09-19 23:28:35 utc,sofia manzano,"<u+0001f4cd>quebra dos monopólios das redes privadas nacionais e internacionais e garantir os direitos e salários dos trabalhadores de aplicativos.
#vote21 
#sofiamanzano21",0,0,0
29232,2019-07-20 12:38:45 utc,soraya thronicke,@gil_brites @mdregional_br @mincidades eu e uma outra série de senadores somos contra. só não posso te garantir se somos maioria para vencer esse páreo.,0,0,0
21491,2022-07-27 11:11:55 utc,sofia manzano,"@teixeiracds @luasantis @luizcas38983188 @vozprogressista @lulaoficial @leopericlesup @verapstu eu estou nesses encontros que você se refere. dá uma olhada no meu instagram. hoje mesmo, estive na portaria da vale, em itabira. 
além disso, #querosofianodebate",0,0,0
23080,2020-11-15 23:08:50 utc,sofia manzano,@bolsonarosp gosto muito quando vocês lembram do stalin.,0,0,0
19164,2022-09-08 12:59:49 utc,felipe davila,"quando me perguntavam quem eu cogitaria para ocupar um eventual cargo na cultura no meu governo, eu sempre mencionava o nome do emanoel araújo como o perfil ideal.

perdemos um grande brasileiro que lutou genuinamente pela arte e cultura no brasil. (4/5)",0,0,0
19046,2022-10-27 21:10:52,felipe davila,"certamente, os economistas discordariam de jogar o dinheiro do brasileiro pelo ralo dessa forma. e sobre a petrobras concordariam? 

durante os governos de lula e dilma, a petrobras endividou-se e torrou dezenas de bilhões de dólares em projetos industriais superfaturados. (8/10)",0,0,0
21564,2022-07-18 13:56:06,sofia manzano,"pra quem acha que os estados unidos não apoiará uma nova tentativa de golpe no brasil, é importante lembrar quem era o vice-presidente dos eua quando ocorreu o golpe de 2016.
como dizia che: ""não se pode confiar no imperialismo, nem um tantinho assim, nada!""",1,0,0
22895,2021-01-20 16:37:11 utc,sofia manzano,"como eu sou quase velhinha, nem sei o que é cultura geek, mas se é do meu @pcbpartidao tenho certeza que é pela revolução. todo apoio camaradas.",0,0,0
13499,2020-11-12 11:21:16 utc,ciro gomes,@wagnerrlima tamo junto! <u+0001f339><u+0001f1e7><u+0001f1f7>,0,0,0
9495,2019-08-23 02:27:47 utc,lulaoficial,o moro tem insônia porque ele sabe que mentiu. e agora está fazendo papel de palhaço... #lulanatv247,0,0,0
22296,2021-12-20 03:58:20 utc,sofia manzano,@requiaooficial não são muitos os que pensam o brasil sem a autocracia dominante. mas eu não perco as esperanças. boa noite.,0,0,0
26859,2022-11-29 11:11:19 utc,soraya thronicke,@bunazarmb meu marido é calvo e eu adoro!!,0,0,0
23850,2022-03-13 18:27:01 utc,vera lucia,"@urbaninchains @zemaskwak não saem porque é direito deles de viver em seu próprio país.

quem desrespeitou esse direito foi putin.

""povo"" não existe. é um jargão para tratar a massa como ignorante. os ucranianos sabem que é sua soberania que está em jogo e resistem.",0,0,0
13565,2020-11-04 21:10:06 utc,ciro gomes,@julianabrizola @thomazsplr nossa futura prefeita de porto alegre <u+0001f339>,0,0,0
6413,2022-09-05 22:37:57 utc,lulaoficial,o brasil tem uma dívida com o povo que nós vamos pagar. não há outra razão para eu me candidatar mais uma vez se não for para resgatar a dignidade do povo.,0,1,0
23225,2020-03-31 18:18:31 utc,sofia manzano,@dcm_online demente,0,0,0
27958,2021-12-02 16:41:30 utc,soraya thronicke,rejeitar a #pec23 neste momento em que parte da população brasileira está passando fome não era uma opção. trabalhamos muito em um texto viável para o brasil e para garantir o #auxíliobrasil.,0,1,0
13136,2021-02-04 20:11:45 utc,ciro gomes,"queiroz, o faz-tudo da família bolsonaro, assumiu o esquema de corrupção das rachadinhas, mas disse que flávio bolsonaro não tinha conhecimento. quem recebe 48 depósitos de r$2 mil em um mês, tem escola das filhas e planos de saúde pagos e não se preocupa de onde vem o dinheiro?",1,0,0
6847,2022-07-15 10:58:58 utc,lulaoficial,"não esperem de mim uma postura raivosa. eu tenho consciência do que represento para o brasil e das necessidades do povo brasileiro. e é com essa cabeça, com esse coração muito aberto, de um homem apaixonado, que quero ajudar a reconstruir o país. boa sexta-feira pra vocês!",0,1,0
11223,2022-06-21 11:25:33 utc,ciro gomes,"a meta de criar 5 milhões de empregos em 2 anos é uma proposta muito bem estudada. aqui o centro é a retomada da construção civil. e pra quem não sabe, hoje existem milhares de obras paradas no brasil basicamente pela interrupção nos investimentos do governo federal! #cironacbn",0,0,0
27447,2022-09-09 15:59:29 utc,soraya thronicke,"os investimentos em tecnologia tem sido cortados, ano após ano. pra onde vai esse dinheiro?
#votesoraya44 #sorayapresidente #soraya44 #vote44 #uniãobrasil #grupoliberal",0,0,0
13322,2020-12-14 22:37:18 utc,ciro gomes,"obstrução da justiça:

- aparelhamento da polícia federal;
- interferência no conselho de controle de atividades financeiras (coaf);
- uso da abin para orientar a defesa de flávio bolsonaro.

tudo isso para acobertar os crimes de corrupção dele e da sua família de bandidos!",1,0,0
1402,2022-01-29 23:24:37 utc,jairbolsonaro,"- rio de janeiro: seis hospitais federais na cidade vão receber um reforço no atendimento realizado para a população. mais de 1,7 mil profissionais de saúde serão contratados para atuarem nas unidades que compõem o sus. @govbr @govbrazil",0,0,0
3846,2019-05-27 00:16:55 utc,jairbolsonaro,@beserrote rondônia! <u+0001f44d>,0,0,0
3892,2019-05-17 00:10:09 utc,jairbolsonaro,boa noite! valeu! <u+0001f44d><u+0001f3fb>,0,0,0
13227,2021-01-12 18:08:24 utc,ciro gomes,@antonionetopdt já estou seguindo <u+0001f339>,0,0,0
20900,2022-09-30 00:35:28 utc,sofia manzano,"é hora de intensificar a campanha nas redes e nas ruas!

é hora de subir a tag #vote21

sofia manzano presidenta!

#equipesofia",0,0,0
27678,2022-08-24 21:49:02 utc,soraya thronicke,@driyka99 @deppimentel nossa deputada!!! dayane é o nome dela!!,0,0,0
8277,2021-06-12 16:19:16,lulaoficial,"o povo brasileiro vai derrotar o bolsonaro. e se ele sair correndo e não quiser entregar a faixa, é o povo brasileiro quem vai entregar.",0,0,0
24219,2021-07-27 21:32:50 utc,vera lucia,"bolsonaro aprofundou sua simbiose com o centrão. agora tem, na casa civil, ciro nogueira. diante dos escândalos de corrupção, desemprego e genocídio, que derrubam sua popularidade, faz ameaças golpistas e se abraça ao centrão para tentar se manter de pé.",1,0,0
5910,2022-10-10 11:04:51 utc,lulaoficial,"acho uma grosseria e uma irresponsabilidade sem precedente os ataques do bolsonaro aos nordestinos. o que foi erguido nesse país sem sangue nordestino? eu tenho muito orgulho de ter nascido em garanhuns, em pernambuco. não é possível que um presidente fale tamanha besteira.",0,0,0
9356,2019-11-20 16:18:40 utc,lulaoficial,"o movimento sindical está em um momento que precisa repensar seu papel. o trabalhador hoje está brigando pela sua cidadania, por direitos conquistados há 50 anos.",0,0,0
27227,2022-10-18 01:00:12 utc,soraya thronicke,@luvhealey @sorayababes @capitaocontar ahhhh!! que demais! gratidão! gratidão! <u+0001f64f><u+0001f3fc><u+0001f64f><u+0001f3fc><u+0001f64f><u+0001f3fc>,0,0,0
1314,2022-02-26 19:55:10 utc,jairbolsonaro,"- nem um conflito armado, indesejado por todos nós, é capaz de despertar nessas pessoas o devido senso de responsabilidade e o compromisso com a verdade necessários para que nosso povo atravesse esse momento difícil com serenidade e consciência da situação real de nosso país.",0,0,0
11030,2022-07-26 23:57:03,ciro gomes,"e a luta contra o fascismo é uma luta que se dá na cabeça das pessoas. como é que nós vamos enfrentar o fascismo omitindo das pessoas um debate, esclarecendo as causas da tragédia social e econômica no brasil, indicando as soluções e estabelecendo a cumplicidade entre nosso povo?",0,0,0
29854,2019-04-07 01:10:55 utc,soraya thronicke,"@jorgepires_am @senadorkajuru pois é, jorge, chega de mulheres contra os homens. foram vocês que nos elegeram, tenho certeza disso. vamos mudar esse discurso de ódio contra os homens. chega de maniqueísmo.",0,0,0
6889,2022-07-07 23:46:54,lulaoficial,"ele está desesperado. são milhares de fake news enviadas para as pessoas todos os dias. é uma máquina poderosa de contar mentira. derrotar bolsonaro é uma questão de honra do povo brasileiro, dos que querem democracia e verdade. #lulainrio",0,1,0
24943,2020-05-15 16:16:57 utc,vera lucia,"em 24h:
- 844 mortes por covid-19 no país. quase 14 mil no total;
- cai o segundo ministro da saúde:
- bolsonaro edita medida provisória para se safar da lei.

não é um governo, é uma gangue genocida. fora bolsonaro e mourão, já! #forabolsonaro #foramourão",1,0,0
3597,2019-08-28 00:48:55 utc,jairbolsonaro,"@sf_moro <u+0001f44d><u+0001f3fc><u+0001f1e7><u+0001f1f7>vamos, moro!",0,0,0
23540,2022-09-02 18:26:55 utc,vera lucia,"a concentração de terras nas mãos da burguesia tem origem histórica, remonta ao período colonial, com o latifúndio e o trabalho escravo de homens e mulheres negros raptados da áfrica como base de sustentação de um modelo de concentração de capital na mão da elite branca. [2]",1,0,0
3833,2019-05-30 01:17:15 utc,jairbolsonaro,"brasil segue avançando! aprovada na câmara a mp 871, que combate fraudes no inss. economia estimada de r$ 10 bilhões por ano com a aplicação da medida. matéria irá para votação no senado nesta quinta, 30.",0,0,0
21390,2022-08-11 14:31:33 utc,sofia manzano,#pcbpelasliberdadesdemocráticas,0,0,0
14902,2020-05-26 15:46:54 utc,ciro gomes,"1 - é ou não é verdade que ele está sujando o nome das forças armadas ao defender a pior bandidagem corrupta, ligada às milícias, que representa bolsonaro?",1,0,0
21018,2022-09-23 02:09:16 utc,sofia manzano,"polícia militar, aparato militar para a repressão de civis não existe em nenhum país minimamente democrático, isso é um resquício da ditadura. a interferência dos militares em assuntos civis é outro resquício da ditadura. 
#sofianorevolushow",0,0,0
29101,2019-08-16 02:10:19 utc,soraya thronicke,@crashvk assista ao meu vídeo daquele dia. fui a única pessoa que disse que não confiava na câmara e nem em rodrigo maia.,0,0,0
14790,2020-06-08 16:44:46 utc,ciro gomes,vamos conversar ao vivo às 19h!,0,0,0
29563,2019-06-02 08:20:09 utc,soraya thronicke,"@marlene76711513 @carlazambelli17 parabéns, marlene! felicidades!",0,0,0
15950,2022-12-05 19:06:02 utc,leonardo pericles,"@brunafrey precisamos de vc, camarada, <u+270a><u+0001f3ff>",0,0,0
5778,2022-10-18 15:03:09 utc,lulaoficial,"antes do meu governo, o agro vivia em dívida, era caro puxar luz para o campo e o brasil não exportava nem produzia tanto. foi depois do meu governo, com apoio em crédito, luz para todos, abertura de mercados e universidades pelo país que o sertanejo virou até universitário.",0,0,0
3669,2019-07-25 21:46:37 utc,jairbolsonaro,- recentemente tomei conhecimento sobre a liberação para captação de r$ 530 mil via ancine para produção de um filme sobre minha campanha nas eleições. por coerência sugeri que voltassem atrás nessa questão. não concordamos com o uso de dinheiro público também para estes fins.,0,0,0
24161,2021-08-11 17:30:46,vera lucia,"enquanto o presidente desfila com tanques na frente do congresso os parlamentares retiram mais  direitos dos trabalhadores. 

no capitalismo é assim: se ficar o bicho pega se correr o bicho come.

#mp1045nao",0,1,0
9105,2020-04-30 14:39:37 utc,lulaoficial,"e é preciso dizer que o governo não está fazendo favor de dar 600 reais pro povo. e não adianta falar que não tem dinheiro. da mesma forma que eles já torraram 50 bilhões de dólares das reservas internacionais, eles podem alargar nossa base monetária pra enfrentar essa crise.",0,0,0
13880,2020-09-16 23:04:17 utc,ciro gomes,"@fernandomendorj @ciraocarioca vamos assistir, turma boa!",0,0,0
11372,2022-05-25 18:00:22 utc,ciro gomes,"estão acabando com nosso aparato industrial na perigosa ilusão de que vamos pagar o nosso consumo moderno, de microeletrônica, de sofisticação de informática etc., com milho, soja, minério de ferro bruto e petróleo sem processamento. chega. 

avante a indústria brasileira!",0,0,0
3054,2020-03-15 23:22:21 utc,jairbolsonaro,* camboriú,0,0,0
13105,2021-02-11 21:26:13 utc,ciro gomes,@ciclonexplosivo @chico_dangelo vai ter parabéns sim <u+0001f339>,0,0,0
5275,2022-12-12 17:52:31 utc,lulaoficial,"nestas semanas em que o gabinete de transição vem escrutinando a realidade atual do país, tomamos conhecimento do deliberado processo de desmonte das políticas públicas e dos instrumentos de desenvolvimento. o legado perverso recai principalmente sobre o povo mais necessitado.",0,1,0
10619,2022-09-10 16:53:38 utc,ciro gomes,1<u+fe0f><u+20e3> financiar a compra de smartphones em 36 prestações sem juros;,0,0,0
13433,2020-11-23 21:15:56,ciro gomes,"governo de incompetentes, chefiado por um bandido! o que um almirante entende de energia elétrica e seus complexos processos de geração, transmissão e distribuição? e ainda com agências corrompidas, controladas pelo suborno de multinacionais impunes! #sosamapá +",0,0,0
12800,2021-04-20 20:59:47 utc,ciro gomes,@thabataganga @pdt12digital @julianabrizola @antonionetopdt já estou seguindo o @pdt12digital <u+0001f339><u+0001f919>,0,0,0
28601,2019-11-10 21:23:28 utc,soraya thronicke,"nosso problema hj não é a esquerda,inimiga já conhecida.

nosso problema está em algumas pessoas de partidos da base, q estão trabalhando contra o gov. partidos q têm privilégios,espaço e prestígio!

e as redes batendo em gente errada.

acordem!",1,0,0
838,2022-06-04 10:08:12 utc,jairbolsonaro,"2.1-sancionada a redução do imposto de renda retido na fonte para pagamentos de leasing de aeronaves. 

2.2-a medida impacta a cadeia produtiva do turismo, garantindo a permanência de milhares de empregos.",0,0,0
22099,2022-02-22 22:04:56 utc,sofia manzano,"as fascistas estão desesperadas. nossos direitos reprodutivos virão, com certeza, assim como na colômbia, argentina, cuba, uruguai e guiana. só aqui na sulamérica.
a legalização do aborto é questão de saúde pública. 
vamos avançar nessa luta agora. 
#8m2022 #cfcam #abortolegal",0,0,0
8384,2021-04-22 22:49:03 utc,lulaoficial,"2 - como dissemos desde a primeira manifestação escrita, em 2016, moro usou o cargo de juiz para praticar lawfare e promover uma verdadeira cruzada contra o lula  para acusa-lo e condená-lo sem prova de culpa com o objetivo de retirá-lo das eleições de 2018 e da vida política.",1,0,0
21100,2022-09-16 00:11:46 utc,sofia manzano,"camarada @serraeduardopcb aparece com 3% das intenções de voto dos eleitores do rio de janeiro. 
o povo fluminense tem no pcb uma alternativa real para o governo do estado!
#eleicoes2022 
#riodejaneiro
#vote21",0,0,0
13138,2021-02-04 20:11:44 utc,ciro gomes,"flávio bolsonaro foi denunciado pelo ministério público do rio de janeiro por 1.803 crimes de peculato, 263 atos de lavagem de dinheiro, 12 funcionários fantasmas, comando de organização criminosa e mais de 6 milhões de reais desviados dos cofres públicos!",1,0,0
28248,2020-11-07 18:47:52 utc,soraya thronicke,"quem é nada precisa de alguém p aparecer, e eu ñ serei esse palco. mexeram com a pessoa errada, acusaram quem nada deve, chega a ser risível a burrice. prepararem a trouxinha de volta p o xilindró.",0,0,0
20796,2022-10-16 23:12:21 utc,sofia manzano,"bolsonaro cortou os recursos das universidades e institutos federais. 
bolsonaro não criou uma universidade, mas quer acabar com todas as que existem, mesmo as que o lula criou. 
bolsonaro é contrário à ciência, à educação.",0,0,0
19718,2022-03-15 15:47:21 utc,felipe davila,"o <u+0001f1e7><u+0001f1f7> está na 12ª posição no ranking do ""capitalismo de compadres"", que mede o quanto os ""amigos do rei"" conseguem usar sua influência política para ganhar mais.

campeões nacionais?
empresas ""x""?
empreiteiras da lava-jato?

isso tudo é capitalismo de compadres.<u+23e9>",1,0,0
7426,2022-04-05 14:23:52,lulaoficial,"os ricos fazem a guerra nos países pobres e o resultado da guerra é o empobrecimento de cada país. as pessoas, quando querem sobreviver, querem ir pro país mais rico de qualquer jeito.",1,0,0
19278,2022-08-29 00:51:57 utc,felipe davila,nenhum país do mundo consegue manter 35% de reserva legal como o brasil.  ou colhe uma tonelada de cacau e aind mantém 80%. #felipenaband,0,0,0
29292,2019-07-16 01:32:36 utc,soraya thronicke,"@biakicis parabéns, bia! adorei!",0,0,0
29555,2019-06-02 21:01:15 utc,soraya thronicke,@primagalhaesss @desesquerdizada @jairbolsonaro obrigada pela coerência e inteligência.,0,0,0
17624,2021-08-18 16:04:17 utc,simone tebet,@mariexpresso obrigada. não podemos nos calar diante de tantos atos equivocados,0,0,0
29692,2019-05-02 00:27:40 utc,soraya thronicke,"misericórdia, senhor!",0,0,0
7729,2021-12-22 19:55:39 utc,lulaoficial,"temos uma situação grave no país. temos a crise de pandemia, uma crise moral, uma crise ética e o psicopata que está governando esse país que não se importa com as 600 mil vidas perdidas pela covid. continua dizendo que as pessoas não tem que vacinar.",1,0,0
17196,2022-07-25 22:33:48 utc,simone tebet,"estamos diante de um orçamento secreto que consome cerca de 16 bilhões por ano. só esse orçamento é suficiente para garantir um aumento de 20% dessa conta do auxílio brasil. é possível. dinheiro tem, precisa de planejamento, organização e dar transparência aos gastos públicos.",0,0,0
27709,2022-08-22 15:18:58 utc,soraya thronicke,@carpespitrez seu apoio é muito importante nessa caminhada !!,0,0,0
6828,2022-07-20 23:15:19 utc,lulaoficial,"o povo quer trabalhar, ter uma casinha. em serra talhada, existem 900 casas que o banco do brasil ficou de arrumar uma construtora e até agora estão paradas. nós vamos ganhar as eleições e construir essas casas para o povo.",0,0,0
1176,2022-03-30 21:26:38 utc,jairbolsonaro,@mdregional_br <u+0001f1e7><u+0001f1f7>,0,0,0
25030,2020-02-20 10:41:09 utc,vera lucia,"o falso comunista e governador do maranhão,  flávio dino (pcdob), tenta desalojar famílias de comunidade tradicional do cajueiro para entregar área à transnacional chinesa. o @pstu protocolou ação judicial para que área territorial se torne de utilidade pública. seguir a luta!",1,0,0
12495,2021-08-12 23:49:26 utc,ciro gomes,"temos quinze longos meses para amadurecer um debate generoso sobre o que está acontecendo no brasil e as soluções que vamos construir juntos. você não está obrigado a uma escolher lula nem bolsonaro. dê um tempo, acompanhe os debates e propostas! #uniaopelobrasil #2022emdebate",0,0,0
13915,2020-09-12 12:50:33 utc,ciro gomes,@antonionetopdt viva o pdt! viva o trabalhismo! <u+0001f1e7><u+0001f1f7><u+270a><u+0001f339>,0,0,0
8899,2020-07-17 21:38:15 utc,lulaoficial,"hoje refleti muito sobre a morte dele. nossa última entrevista foi há apenas duas semanas e ele estava bem, era um homem que se cuidava. fica o alerta de que o coronavírus não escolhe raça, gênero, nem classe social. é um vírus que mata e que ainda não temos cura.",0,0,0
10441,2022-09-30 02:09:03,ciro gomes,"bolsonaro foi eleito com 70% dos votos em diversas regiões do país e não foi porque tinha alguma obra ou proposta pra oferecer. foi a consequência da pior crise econômica da história e da corrupção generalizada, que não dava pra esconder  16 bilhões de reais foram devolvidos.",0,0,0
5373,2022-11-17 09:17:09 utc,lulaoficial,"não vejo o brasil dar certo sem envolvermos a sociedade nas decisões. por isso vamos retomar conferências nacionais. para que o povo decida que política pública entende que seja correta. vamos fazer uma conferência da juventude, para que ela diga o que quer. #cop27",0,1,0
15969,2022-11-11 20:38:32 utc,leonardo pericles,"defendemos uma sociedade socialista, onde todos os trabalhadores e trabalhadoras tenham acesso aos seus direitos. 

ingresse na unidade popular e lute pelo socialismo!",0,1,0
15898,2017-08-19 13:01:38,ciro gomes,"corro o risco de ser mal compreendido, mas jamais deixarei de denunciar, como faço há décadas, os bandidos que assaltam o poder brasileiro.",0,0,0
12304,2021-10-03 14:37:52 utc,ciro gomes,"@ticostacruz precisamos reconciliar o brasil, interromper essa brigalhada que está nos levando ao fundo do poço. é hora de substituir essa disputa de ódios e paixões pelo debate de ideias. nossa luta é contra bolsonaro e todo o atraso que ele representa. estamos juntos, @ticostacruz!",0,0,0
16408,2021-03-21 14:11:11 utc,leonardo pericles,"neste dia internacional d luta contra a discriminação racial,a maioria dos + de 290 mil q sucumbiram d covid, foram nós negros.não p/ sermos negros,mas por sermos a maioria dos desempregados, p/ termos menos acesso a saúde.o racismo mata!
#vidasnegrasimportam
#forabolsonaro
#21m",0,0,0
21308,2022-08-22 15:03:09 utc,sofia manzano,"quem está acompanhando #sofianopânico 

vamos usar essa hashtag durante o programa!

#vote21 
#sofiamanzano21",0,0,0
9207,2020-03-10 19:21:40 utc,lulaoficial,nós não fizemos no brasil uma revolução. não fizemos sequer distribuição de riqueza. o que fizemos foi fazer com que o pobre tivesse direito a um pedaço do bolo. pudesse fazer três refeições. ter um diploma universitário. um emprego. luz para sair da escuridão do candieiro.,0,0,0
522,2022-07-30 10:37:54 utc,jairbolsonaro,"- a empresa já havia registrado em 2021 o maior volume da história, movimentando 64 bilhões de tku. o resultado foi impulsionado pelo fluxo de mt, onde cresceu 3,7%, transportando 20 milhões de ton úteis.

- empregos, menos custos, crescimento do país e logística de transporte.",0,0,0
6739,2022-07-30 16:52:59,lulaoficial,"nossa resposta será nas urnas. bolsonaro já foi eleito 6 vezes pela urna eletrônica. ele não tem medo da urna, tem medo do povo. todas as denúncias que aparecem contra ele, ele transforma em sigilo de 100 anos. a primeira coisa que irei fazer é um revogaço contra esses sigilos.",0,0,0
20857,2022-10-01 15:12:58 utc,sofia manzano,"todos os vídeos e materiais produzidos pela brasil com manzano (@vamospelobrasil).
pra você baixar e compartilhar nos seus grupos e enviar para seus contatos nessa reta final!
#vote21",0,0,0
2969,2020-03-26 00:20:11 utc,jairbolsonaro,"do total, 400 mil serão destinados ao @minsaude  e os demais à secretaria estadual de saúde do rio de janeiro. os kits serão importados dos eua.",0,0,0
16701,2022-12-01 12:17:43 utc,simone tebet,@poemsturn bom diaaaaaaaa<u+0001f923><u+0001f923><u+0001f923>,0,0,0
5410,2022-11-10 20:49:27 utc,lulaoficial,@paulovieirareal vai ter docinhos na sua festa?,0,0,0
9955,2018-09-11 20:26:20,lulaoficial,"vocês já devem saber que os tribunais proibiram minha candidatura a presidente da república. na verdade, proibiram o povo brasileiro de votar livremente para mudar a triste realidade do país.",0,1,0
22844,2021-02-08 13:21:53 utc,sofia manzano,"""fingir que tais forças condicionadoras não existem é nada mais que o pior tipo de mistificação ideológica."" mészáros.",0,0,0
14127,2020-08-25 16:00:37 utc,ciro gomes,@roger_oliveira7 bora! <u+270a>,0,0,0
14542,2020-07-14 20:23:22 utc,ciro gomes,@nacprogressista <u+0001f339><u+270a>,0,0,0
11195,2022-06-25 10:57:00 utc,ciro gomes,"sustenta civilizações exitosas aquela nação que conseguiu desenvolver um alto nível de poupança nacional. ou seja, o que financia desenvolvimento é o que capital que se constrói em casa. #forumbraziluk2022",0,0,0
9120,2020-04-23 12:20:47,lulaoficial,"o bolsonaro no discurso ele fala em preservar empregos, mas na prática manda medidas provisórias pra prejudicar os trabalhadores e retirar direitos.",1,1,1
23585,2022-08-29 02:32:48 utc,vera lucia,"@chavosodausp @leopericlesup @bandtv são hipócritas já que este setor da imprensa ainda diz que é contra as ameaças golpistas de bolsonaro enquanto tolhe a divulgação das candidaturas. é a velha lógica racista e elitista. não vão silenciar as mulheres, negras, indígenas, operárias, revolucionárias e socialistas!",1,1,1
13422,2020-11-26 23:43:37,ciro gomes,"o ministério do trabalho completaria 90 anos hoje. resistiu à ditadura, mas teve seu fim com bolsonaro. desde que assumiu a presidência, ele tem governado contra os trabalhadores. nossa luta é para garantir que os brasileiros não tenham mais nenhum direito retirado!",1,1,1
10988,2022-07-30 15:07:46 utc,ciro gomes,esse modelo econômico transformou o brasil em um país assustador para o mundo do trabalho e da classe média porque ele impõe ao povo  consumidores e produtores  a mais selvagem e criminosa taxa de juros de todo o mundo capitalista há mais de 25 anos.,1,1,1
22353,2021-12-10 19:13:17 utc,sofia manzano,as armadilhas consumistas que amarram os trabalhadores aos interesses do capital. crédito scores.,1,1,1
16451,2020-10-02 03:43:24,leonardo pericles,"lafayette andrada, as ocupações não foram o problema, foram a solução p/ o povo mais pobre ter moradia em bh. isso pq não há política habitacional. e não há essa política, pq a prefeitura serve a grandes empresários parasitas como você! mas o povo vai mudar bh!
#aureacomleo",1,1,1
25383,2015-01-27 18:00:04,vera lucia,confira os ataques do governo dilma contra os direitos dos trabalhadores. vamos à luta pela revogação das medidas... http://t.co/irjdgpus3u,1,1,1
16500,2020-07-07 12:50:46 utc,leonardo pericles,"se não bastasse os genocidas bolsonaro e zema atacando o povo. novo decreto da prefeitura de bh aumenta o intervalo dos ônibus em horário d pico d 30 min p/ 60 min. assim, kalil, q não anda d ônibus, decreta q trabalhadoras(es) peguem ônibus cheio. que combate ao covid-19 é esse?",1,1,1
12954,2021-03-17 15:33:39 utc,ciro gomes,"o brasil está enfrentando o maior colapso sanitário e hospitalar da história, alerta a fiocruz. consequência do negacionismo e da irresponsabilidade de bolsonaro, que ora foi omisso quando nosso povo mais precisou, ora tomou decisões que agravaram esta crise no país. genocida!",1,1,1
9524,2019-08-16 21:12:09,lulaoficial,"essa gente não pode fazer com o brasil o que estão fazendo. quero saber quantos bilhões eles tiraram da boca do povo brasileiro destruindo a indústria naval e a da construção civil. eles podiam ter prendido os empresários, sem quebrar as empresas. #lulanatvebahia",1,1,1
23768,2022-04-11 21:45:55,vera lucia,"nós queremos tudo que nós temos direito e para todos os trabalhadores, mulheres, negros e lgbts. queremos acabar com o capitalismo que nos humilha, nos explora e nos oprime! vamos tomar a frente sim, mas não para adiminstrar o capitalismo, mas pra fazer revolução!",1,1,1
13174,2021-01-25 22:02:52 utc,ciro gomes,"no brasil de bolsonaro, o povo é abandonado e volta a passar fome. um governo que está aí para enriquecer os ricos, e a população pobre e de classe média que se arrebente!
#voltaauxilioemergencial 
#impeachmentsalvavidas",1,1,1
372,2022-09-06 00:47:08 utc,jairbolsonaro,"- esse mundo afastou os brasileiros e seus valores das decisões políticas do país, permitiu florescer em nosso solo um dos maiores esquemas de corrupção do planeta e fez com que alcançássemos níveis de violência semelhantes a nações em guerra civil. estes não são sintomas de paz!",1,1,1
24973,2020-04-03 18:28:37 utc,vera lucia,"a mp 936, editada por @jairbolsonaro, não garante estabilidade no emprego, achata a renda média das famílias e não proíbe demissões. o governo presenteia os empresários e impõe seu projeto de semiescravidão aos trabalhadores, em meio à pandemia. basta! #forabolsonaro #foramourão",1,1,1
24477,2021-03-22 23:02:38 utc,vera lucia,"3 mortes na zona leste de sp por falta de oxigênio. essa é a realidade do nosso povo: fome em casa e morte na rua! bolsonaro, doria e covas, defensores dos capitalistas, são os responsáveis! 
chega de genocídio! construir uma greve geral!
lockdown com emprego e renda! vacina, já!",1,1,1
29340,2019-07-02 01:43:12 utc,soraya thronicke,"a onu tem que cobrar a esquerda de fhc a pt por ter torturado e escravizado o povo brasileiro por décadas. esquerdopatas relativizam direitos humanos quando interessa. by the way, #rhuanvive!",1,1,1
4350,2019-01-05 14:42:52 utc,jairbolsonaro,"eles procuram e criam todos os motivos possíveis para estarem sendo rejeitados pela maioria da população, só não citam o verdadeiro: o pt quebrou o brasil de tanto roubar, deixou a violência tomar proporções de guerra, é uma verdadeira quadrilha e ninguém aguenta mais isso!",1,1,1
5392,2022-11-16 15:40:47 utc,lulaoficial,"estou hoje aqui para dizer que o brasil está pronto para se juntar novamente aos esforços para a construção de um planeta mais saudável. de um mundo mais justo, capaz de acolher com dignidade a totalidade de seus habitantes  e não apenas uma minoria privilegiada. #cop27",1,1,1
24885,2020-09-15 00:54:38,vera lucia,"bolsonaro  decidiu efetivar o ministro interino da saúde 
@eduardopazuello: o militar que iniciou sua passagem pelo ministério tentando maquiar dados da covid 19, liberou a cloroquina e tem nas suas costas o peso de mais de 132 mil mortes. a classe trabalhadora não merece isso.",1,1,1
12938,2021-03-19 22:57:24 utc,ciro gomes,"que diferença a política faz! hoje os eua comemoram 100 milhões de pessoas vacinadas contra covid em apenas 58 dias do governo de joe biden. os americanos estão aplicando mais de 2 milhões de doses por dia. já no brasil, não tem organização, não tem planejamento nem vacina...",0,0,0
20703,2022-10-29 01:28:28,sofia manzano,"no governo bolsonaro quem invade a terra é o agronegócio. 
quem invade terra indígena é madeireiro, garimpeiro e destruidor do meio ambiente. 
#debatenaglobo",1,0,0
4234,2019-02-13 10:06:46 utc,jairbolsonaro,"para maior transparência e melhor empregabilidade do dinheiro público, informamos que todos os patrocínios da petrobras estão sob revisão, objetivando enfoque principal dos recursos para a educação infantil e manutenção do empregado à orquesta petrobras.",0,0,0
2907,2020-04-03 01:46:47 utc,jairbolsonaro,@fiaviogarage - <u+0001f44d><u+0001f1e7><u+0001f1f7>,0,0,0
23587,2022-08-29 02:19:30 utc,vera lucia,"tebet do pmdb falando que a corrupção não começou neste governo. ela deve ter esquecido que seu partido esteve em todos os governos desde a redemocratização. lula queria que estivessem juntos na eleição atual, repetindo o erro da aliança com a direita.

#debatenaband",0,0,0
11556,2022-04-21 12:00:59 utc,ciro gomes,"se vivo fosse, tiradentes estaria ao lado dos que lutam por um novo modelo econômico, por uma nova governança política, e contra os sepulcros caiados que pensam apenas em si mesmos.",0,0,0
13553,2020-11-06 22:20:42 utc,ciro gomes,"obrigado, minha amiga @julianabrizola! tua luta nos inspira, é uma honra poder caminhar ao teu lado. porto alegre tem um tesouro!",0,0,0
28635,2019-11-07 18:14:14 utc,soraya thronicke,@otaoista @senadorarose @sen_alessandro @maragabrilli @simonetebetms @leiladovolei @zenaidern @mailzagomes @senadoraselma um dia de cada vez! a pec já estava em andamento antes de eu chegar. como eu poderia votar contra? você votaria contra? aos poucos vamos aprimorando a legislação. fácil falar.,0,0,0
6914,2022-07-04 11:15:21 utc,lulaoficial,ative o <u+0001f514> para notificações. #equipelula,0,0,0
14937,2020-05-15 12:38:00 utc,ciro gomes,"no dia 19/05, às 18h30, estaremos juntos com todos no brasil para o ato online #janelaspelademocracia. <u+270a><u+0001f339><u+0001f1e7><u+0001f1f7>

#forabolsonaro #impeachmentjá!",0,0,0
13044,2021-02-27 15:23:42,ciro gomes,"bolsonaro enganou os brasileiros nas eleições e todos estão percebendo. é um grande mentiroso, covarde e incompetente! relembre as mentiras que bolsonaro contou ao brasil: <u+0001f9f6>

#impeachmentbolsonarourgente",0,1,0
7340,2022-04-26 15:43:44 utc,lulaoficial,"não adianta dizer que a juventude é o futuro da nação e depois dizer que não tem idade para decidir. se são o futuro da nação, eles tem que participar, votar.",0,0,0
23965,2022-01-11 22:05:31 utc,vera lucia,"sobre a situação do cazaquistão:
o elemento decisivo para os protestos foi o aumento do preço do combustível, porém a revolta se inscreve em um contexto mais amplo.

segue o fio <u+0001f9f5>",0,0,0
14579,2020-07-11 21:54:35 utc,ciro gomes,@ppiantavini vamos juntos construir uma saída esperançosa para o brasil! <u+0001f339><u+270a> #equipecirogomes,0,0,0
28711,2019-10-21 14:13:40 utc,soraya thronicke,@rsallesmma <u+0001f44f><u+0001f3fc><u+0001f44f><u+0001f3fc><u+0001f44f><u+0001f3fc> bravo!!!,0,0,0
7773,2021-12-02 23:06:54 utc,lulaoficial,"no meu governo tudo falavam ah, mas o lula tem sorte. foi sorte 

porra, então nós precisamos de um presidente que tenha sorte! 

- lula no podpah",0,0,0
10574,2022-09-15 12:36:36,ciro gomes,"a memória afetiva do governo lula veio por conta da expansão do crédito, que levou a uma explosão de consumo. só que o povo brasileiro não percebeu que as letrinhas miúdas do crediário mandaram a conta do juro mais alto do mundo, que foi praticado pela política econômica do pt.",0,0,0
21934,2022-04-05 22:30:10 utc,sofia manzano,muito bom esse reage do @cordilheiracult,0,0,0
29085,2019-08-18 22:41:24 utc,soraya thronicke,@abnarakoteski @twitter estou com um pl a respeito disso.,0,0,0
556,2022-07-27 00:55:09 utc,jairbolsonaro,"- todos esses problemas foram reduzidos de forma histórica, e os avanços seriam ainda maiores não fossem os obstáculos alheios às nossas vontades que surgiram pelo caminho e que atingiram o mundo inteiro, como o maior desastre sanitário do século xxi e a guerra no leste europeu.",0,0,0
12060,2021-12-15 00:14:53 utc,ciro gomes,"não vejo nenhum futuro, nenhuma esperança sem que a gente renove as bases do debate público brasileiro. jessé souza, na #cirogames",0,0,0
12512,2021-08-06 21:01:32 utc,ciro gomes,camilo tem feito uma das melhores administrações do brasil. ceará segue avançando firme e com equilíbrio.,0,0,0
16129,2022-09-09 20:26:00 utc,leonardo pericles,"a violência é um dos sinais do avanço do fascismo. mais um assassinato que envolve ódio político e que o assassino é um admirador de bolsonaro. por isso, é essencial que sigamos ocupando as ruas para que casos como esse não se tornem rotina no país. nossa solidariedade!",0,0,0
4367,2019-01-02 13:47:00 utc,jairbolsonaro,"presidente duque, brasil camina junto a colombia. muchas gracias por la consideración!",0,0,0
3135,2020-02-18 16:50:50 utc,jairbolsonaro,"o ministro das relações exteriores, @ernestofaraujo , recebeu o vice-chanceler do japão keisuke suzuki. a terceira economia mundial quer parceria baseada em valores comuns, estratégia e incremento econômico-comercial. <u+0001f1e7><u+0001f1f7><u+0001f91d><u+0001f1ef><u+0001f1f5>!",0,0,0
2167,2020-11-13 22:08:18 utc,jairbolsonaro,"- devem, por isso, se manter apartidárias, baseadas na hierarquia e na disciplina, sob a autoridade suprema do presidente da república.",0,0,0
24335,2021-07-04 12:13:09 utc,vera lucia,um pouquinho mais de ontem!!!! aproveita e segue a gente....<u+270a><u+0001f3ff><u+270a><u+0001f3ff><u+270a><u+0001f3ff>,0,0,0
3264,2019-12-31 19:39:43 utc,jairbolsonaro,"9- as riquezas minerais não estão onde queremos, mas onde a natureza as colocou: no norte do brasil onde, ""curiosamente"", governos anteriores demarcaram enormes áreas indígenas.",0,0,0
6428,2022-09-03 01:51:56,lulaoficial,"o povo quer tranquilidade, um presidente que fale de amor e não de armas. vocês devem votar em quem vocês sabem que vai cuidar do povo. esse genocida não merece estar na presidência. boa noite!",0,1,0
6853,2022-07-13 21:16:58 utc,lulaoficial,não quero tirar um rico para colocar um pobre no lugar. o que eu quero é que o pobre tenha a mesma oportunidade que o rico e que as mulheres recebem o mesmo salário dos homens e que não seja tratadas como objetos de cama e mesa.,0,0,0
24447,2021-04-21 22:23:14,vera lucia,"sp ultrapassa as 90 mil mortes. muitos morreram sem acesso a leitos de uti. ainda hoje, mais de 85% dos leitos seguem ocupados. apesar disso, doria permite uma reabertura econômica. detalhe, cortou 820 milhões da saúde em 2021. o governo daqui é genocida, assim como bolsonaro!",0,1,0
2126,2020-12-01 18:06:38 utc,jairbolsonaro,"a2. do total arrecadado com a venda dos bens perdidos para a união, 40% é destinado às forças policiais responsáveis pelas apreensões. o outro montante é destinado ao fundo nacional antidrogas (funad) para investimentos em ações e projetos na área de segurança pública. @govbr",0,0,0
4202,2019-02-20 12:23:48 utc,jairbolsonaro,"a violência é um dos grandes problemas que temos. a maior preocupação de um pai, de uma mãe, é que os filhos voltem para casa em paz. com este projeto nós queremos acabar com aquela sensação de que o crime compensa no brasil #projetoanticrime",0,0,0
9518,2019-08-16 22:05:50 utc,lulaoficial,aquele dono da havan parece o louro josé com aquela roupinha dele. qualquer dia a ana maria braga pega ele e coloca em cima da mesa. eu fico me perguntando onde estão os grandes empresários comprometidos com esse país? #lulanatvebahia,0,0,0
14896,2020-05-26 15:46:58 utc,ciro gomes,"7 - é ou não verdade que essa provocação gerou a chegada de chineses e russos na venezuela com equipamentos militares, ameaçando a integridade de nosso território e a nossa soberania nacional?",0,0,0
23059,2020-11-18 23:23:02 utc,sofia manzano,@carloshortmann vamos fazer sim.,0,0,0
5456,2022-10-31 00:04:49 utc,lulaoficial,"o brasil não pode mais conviver com esse imenso fosso sem fundo, esse muro de concreto e desigualdade que separa o brasil em partes desiguais que não se reconhecem. este país precisa se reconhecer. precisa se reencontrar consigo mesmo.",0,0,0
8812,2020-09-07 18:49:12,lulaoficial,nos últimos meses uma tristeza infinita vem apertando meu coração. o brasil está vivendo um dos piores períodos de sua história. estamos entregues a um governo que não dá valor à vida e banaliza a morte.,0,1,0
14170,2020-08-13 14:29:45 utc,ciro gomes,@vana_fn @manoeldiaspdt <u+270a><u+0001f339><u+2764><u+fe0f>,0,0,0
11789,2022-02-10 12:00:59 utc,ciro gomes,"de setembro pra cá, trouxemos convidados especiais, promovemos um debate plural e criamos novos quadros  como o #reactdocirão, que já é um sucesso! e vem muita coisa boa por aí, não percam  toda terça, 19h30, tem #cirogames aqui nas redes!",0,0,0
1735,2021-07-27 22:51:24 utc,jairbolsonaro,"- os aeroportos serão concedidos em 3 blocos, são eles:

 . bloco rj-mg, reunindo os aeroportos santos dumont/rj, jacarepaguá/rj, uberlândia/mg, montes claros/mg e uberaba/mg. @aviacaodobrasil",0,0,0
22450,2021-07-21 22:21:52,sofia manzano,nem todos estão  na mesma crise. só os trabalhadores mesmo.,0,1,0
12118,2021-11-27 12:05:02,ciro gomes,"o mundo ameaçado por uma nova onda mortal da pandemia e o governo bolsonaro e seus satélites seguindo o mesmo ritual de descaso, imprudência, imprevidência, incompetência e desprezo à vida. incurável não é a covid, mas sim bolsonaro!",0,0,0
22475,2021-06-18 00:26:46,sofia manzano,"eu não estou disposta a baixar meu nível ao nível das barbaridades dos ""empresários carlos wizad' .
é muito lixo tóxico",0,0,0
30073,2019-03-01 14:52:58 utc,soraya thronicke,sim! as crianças devem cantar o hino nacional e hastear a bandeira nas escolas. isso é patriotismo. nossa bandeira jamais será vermelha.,0,1,0
10972,2022-08-02 22:46:26,ciro gomes,"precisamos debater! esse negócio de picanha e cerveja, comunismo e fascismo, isso não coloca comida no prato de ninguém, não gera emprego nem resolve os problemas da saúde e da educação do nosso povo!",0,0,0
14213,2020-08-06 14:50:14 utc,ciro gomes,@nacprogressista demais! essa #turmaboa é incrível <u+0001f44f><u+0001f44f><u+0001f339>,0,0,0
16885,2022-09-23 22:52:58 utc,simone tebet,"@chicaobulhoes obrigada pelo apoio, @chicaobulhoes. com amor e coragem vamos mudar o brasil de verdade!",0,0,0
29104,2019-08-16 00:53:47 utc,soraya thronicke,"para votar contra o abuso de autoridade, cheguei a ir contra interesses da advocacia, minha profissão, que podia esperar outro pl, diante da gravidade do caso. otimista, acreditei que a câmara conseguiria reverter a burrada do senado. ledo engano... #vetatudobolsonaro",0,0,0
4236,2019-02-12 21:30:28,jairbolsonaro,"por favor globonews, sejamos honestos: o stf suspendeu os processos que sou réu por ter respondido a uma ofensa, pois esta previsto em lei em caso de assumir a presidência, voltando a pauta quando deixar o cargo, não porque sou eu! não sejam desonestos com seus telespectadores!",0,0,0
8216,2021-07-05 21:44:23 utc,lulaoficial,a cpi da covid está prestando um serviço extraordinário à sociedade brasileira. eles estão finalmente desnudando o monstro que foi plantado no brasil.,1,0,0
24687,2020-11-06 14:31:59 utc,vera lucia,"o governo federal afirma que pode demorar pelo menos 15 dias pra regularizar a situação. isso no meio da pandemia, com muita gente nos hospitais, necessidade de lavar as mãos etc. anos de desigualdades regionais se aprofundando. força amapaenses!",0,0,0
1026,2022-05-04 17:52:18 utc,jairbolsonaro,"*lei da liberdade econômica: conjunto de medidas adotadas pelo governo federal para facilitar a vida de empreendedores no país.

*auxílio emergencial: r$ 355 bilhões distribuídos diretamente a mais de 68 milhões de cidadãos, garantindo dignidade a milhões de pessoas.",0,0,0
24058,2021-09-29 20:36:20 utc,vera lucia,#02outforabolsonaro,0,0,0
28916,2019-09-20 03:39:06 utc,soraya thronicke,"@biakicis parabéns, bia! sucesso!",0,0,0
6732,2022-08-01 01:16:38 utc,lulaoficial,eu quero garantir que toda criança vá dormir com um copo de leite e que acorde e tenha um bom café da manhã pra tomar antes de ir para a escola. é isso que acham radical? boa noite.,0,0,0
21268,2022-08-24 02:51:35 utc,sofia manzano,"compartilhe e marque seus amigos e amigas que ainda não conhecem nossa proposta de redução da jornada de trabalho para 30h semanais!
vamos fazer esta bandeira chegar a milhões de brasileiros!
#vote21 
#sofiamanzano21",0,0,0
28142,2021-03-27 23:21:30 utc,soraya thronicke,"a coisa mais heróica e patriótica que cada um de nós, brasileiros, pode fazer agora é encarar a verdade e agir com responsabilidade.",0,0,0
16534,2020-05-05 21:33:52 utc,leonardo pericles,quem mandou matar marielle?,0,0,0
7654,2022-01-31 13:04:02 utc,lulaoficial,quero parabenizar o @psocialista e o primeiro-ministro @antoniocostapm pela grande vitória nas eleições em portugal. toda a sorte para o primeiro-ministro na continuidade do trabalho que tem feito na nossa nação irmã portuguesa.,0,0,0
10553,2022-09-20 01:13:26,ciro gomes,"meu irmão, minha irmã, quem ganha ou não é você que decide. o sistema está empurrando pro povo escolher entre o coisa ruim e o coisa pior, querem tomar até a sua liberdade de escolher em quem votar. me dê uma oportunidade e aí eu faço história, eu mudo de verdade o nosso brasil!",0,1,0
16615,2019-07-23 00:23:48 utc,leonardo pericles,@midianinja fantástico!,0,0,0
9552,2019-06-24 16:22:30 utc,lulaoficial,"tentam confundir dizendo que meu caso só pode ser julgado depois de uma investigação sobre as mensagens entre moro e os procuradores. mas entramos com a ação em novembro, muito antes dessas revelações. apresentamos provas suficientes de que o juiz é suspeito e não foi imparcial.",1,0,0
8395,2021-04-22 14:12:29,lulaoficial,6 - é o resultado de uma política de destruição que envergonha os brasileiros e ameaça o planeta; um legado trágico que haveremos de superar pela via da democracia.,0,1,0
1885,2021-05-06 22:56:40 utc,jairbolsonaro,". superávit histórico / bolsa sobe / queda do dólar
. motociclistas se reúnem em homenagem ao dia das mães no domingo;
. salário mínimo sobe na venezuela ($4), para quem tem emprego;
. governo argentino toma poder dos ricos aumentando impostos (acompanhamento);",0,0,0
4153,2019-03-06 20:58:26 utc,jairbolsonaro,@jacquel30265778 sempre! <u+0001f337><u+0001f44d><u+0001f3fb><u+0001f1e7><u+0001f1f7>,0,0,0
16340,2022-01-18 20:43:07 utc,leonardo pericles,"@hoxhaista muito bom te ter aqui, camarada!",0,0,0
5406,2022-11-13 11:20:46 utc,lulaoficial,"boa sorte aos estudantes que hoje fazem a prova do enem. vocês se prepararam e darão o seu melhor na prova. queremos nos próximos quatro anos ampliar as oportunidades para os jovens estudarem, pesquisarem e trabalharem para construir nosso futuro. bom domingo para todos.",0,0,0
26918,2022-11-25 14:47:53 utc,soraya thronicke,@deppimentel @gensantoscruz <u+0001f44f><u+0001f44f><u+0001f44f>,0,0,0
6184,2022-09-26 00:01:30 utc,lulaoficial,"@depretas obrigado pela confiança, @depretas. um abraço <u+2764><u+fe0f>",0,0,0
7055,2022-06-13 10:39:35 utc,lulaoficial,"cada cidade que visitarmos, vamos fazer reuniões para escutar diversos setores da sociedade e discutir melhorias para o brasil. não seria possível fazer o que fizemos quando estivemos no governo se não fosse o aprendizado que tivemos com o povo. bom dia e boa semana.",0,0,0
12960,2021-03-17 02:22:16 utc,ciro gomes,"13. evitar o contato com outras pessoas é muito difícil e muito sofrido. as pessoas precisam trabalhar, estudar, conviver com parentes e amigos, se divertir, ir à praia, ao shopping, conviver!",0,0,0
20118,2021-08-16 20:02:32 utc,felipe davila,"o tumulto no aeroporto de cabul, afeganistão, demonstra o desespero da população com a tomada de poder do taleban. cinco pessoas morreram, diversas se penduraram em aviões, na esperança de fugir. após anos de intervenção militar, o sofrimento continua.

#afeganistão #taliban",0,0,0
2536,2020-07-08 16:29:44 utc,jairbolsonaro,"@zelenskyyua thank you for your kind words and solidarity, president @zelenskyyua. brazil and ukraine are united by strong ties of friendship. i look forward to continue working with you for the well-being of our peoples.",0,0,0
27814,2022-06-09 12:31:17 utc,soraya thronicke,sobre empatia,0,0,0
5834,2022-10-14 18:13:20 utc,lulaoficial,"não aceitem provocações. se alguém vier brigar com vocês, não aceitem. nossa resistência será pacífica, será a paciência. e nossa vitória será no dia 30 de outubro.",0,0,0
25011,2020-03-19 00:27:01 utc,vera lucia,goiânia (go). #forabolsonaros #acaboubolsonaro #janelascontrabolsonaro,0,0,0
7239,2022-05-07 15:43:47 utc,lulaoficial,"em vez de promessas, apresento o imenso legado de nossos governos. fizemos muito, mas é preciso, e é possível, fazer muito mais. precisamos colocar novamente o brasil entre as maiores economias do mundo. #vamosjuntospelobrasil",0,0,0
957,2022-05-17 08:47:51 utc,jairbolsonaro,"brasil tem celebrado acordos históricos, esperados por décadas, além de abrir e reconquistar mercados para nossa economia;

. 229 acordos internacionais assinados desde 2019;

. abertos mais de 200 mercados para produtos agropecuários brasileiros em 51 países desde 2019;",0,0,0
20974,2022-09-26 18:51:15 utc,sofia manzano,arte do camarada @vicentearte,0,0,0
17554,2021-10-01 11:05:05 utc,simone tebet,"solidariedade, respeito e admiração ao senador contarato que, ao defender sua dignidade ofendida, optou por fazê-lo em nome de todos, contra o cinismo e a barbárie de alguns, a quem faltam princípios mínimos de humanidade e que teimam na involução do processo civilizatório.",0,0,0
11002,2022-07-28 00:10:46,ciro gomes,"se eu me eleger presidente da república, terei libertado o povo brasileiro de 30 anos de um modelo econômico trágico e de 30 anos de um modelo de governança política que também só produz tragédias.",0,1,0
24840,2020-09-29 16:28:16 utc,vera lucia,@a_mika_nakamura vamos participar!,0,0,0
10442,2022-09-30 01:57:13,ciro gomes,"ficar falseando um período do tempo e não prestar contas do que realmente aconteceu gerou a tragédia do bolsonaro. se fosse verdade essa montanha de coisas boas que lula fica anunciando, por que bolsonaro foi eleito depois dos governos do pt? #debatenaglobo",0,0,0
20283,2021-05-23 22:48:52 utc,felipe davila,"o grau de solidez das democracias está ligado à liberdade da imprensa. cercear o trabalho de repórteres é atentar contra a democracia. todo meu respeito ao @pedromeletti, da @cnnbrasil, e a todos os jornalistas que trabalham para registrar o surrealismo em que vivemos.",0,0,0
29467,2019-06-14 16:53:08 utc,soraya thronicke,@sjoaocorreia está escrito que sou inimiga dos trabalhadores!! que absurdo.,0,0,0
29941,2019-03-17 19:23:06 utc,soraya thronicke,@bfr_dinho_rj @silvioluiz que absurdo!,0,0,0
15941,2022-12-13 16:24:04,leonardo pericles,"sobre a ação dos fascistas no df durante a diplomação de lula, fica a lição fundamental q a luta contra o fascismo não se encerra nas eleições.
esperamos q o governo lula atenda aos interesses do povo. mas não vamos esperar sentados. vamos à luta por direitos e contra o fascismo!",0,0,0
19674,2022-03-24 13:19:26 utc,felipe davila,@ideias_radicais afundar ainda mais nossa economia.,0,0,0
23021,2020-12-06 23:33:53 utc,sofia manzano,é uma pena que os petistas nacionais não falam da bahia.,0,0,0
13149,2021-01-30 14:29:12 utc,ciro gomes,0,0,0,0
29829,2019-04-12 00:57:01 utc,soraya thronicke,"em grupos de whats estão dizendo que votei no arquivando da cpidalavatoga. mais uma vez pessoas inescrupulosas tentam nos denegrir, e há quem  acredite. pior: pessoas que me conhecem não checam.nem sou membro da ccj! tem gente nossa torcendo pra dar tudo errado. é chocante.",0,0,0
24180,2021-08-05 16:34:10 utc,vera lucia,"estou extremamente feliz!

a batalha contra a criminalização dos lutadores, ainda não acabou, mas tirar o companheiro da prisão é uma conquista muito importante!

#liberdadeparagalo",0,0,0
12491,2021-08-16 03:38:39 utc,ciro gomes,"estou apresentando meu currículo aos brasileiros. tenho uma longa vida pública decente. sou honrado, nunca fui acusado por qualquer corrupção, nem para ser absolvido. nada mais é do que minha obrigação, mas eu posso oferecer isso ao povo brasileiro. #cironaband",0,0,0
5644,2022-10-24 00:22:37 utc,lulaoficial,nem todo o mundo quer trabalhar com carteira assinada. às vezes a pessoa quer ter mais liberdade de horário. o que precisamos garantir é que mesmo essas pessoas tenham um sistema de seguridade social para ter algum tipo de proteção em um momento ruim. #lulanodlshow,0,0,0
9011,2020-06-09 15:09:58 utc,lulaoficial,e ontem aquela cena patética pra justificar o inexplicável.,0,0,0
29738,2019-04-30 01:33:59 utc,soraya thronicke,@ritcarla as pequenas empresas agora têm quem se preocupe com elas.,0,0,0
12897,2021-03-27 15:24:37,ciro gomes,são muitas as respostas que bolsonaro deve ao brasil! deixe seu questionamento sobre este desgoverno e ajude a divulgar. vamos pressionar pela verdade! #respondabolsonaro,0,0,0
24574,2021-02-07 18:56:01 utc,vera lucia,"@thalitabq pra gente ver até onde vai o desespero pelo lucro desses grandes conglomerados... permitir esse nível de sofrimento dos participantes, expor tantos péssimos exemplos. topam tudo por dinheiro",1,0,0
22401,2021-08-01 20:58:53 utc,sofia manzano,@zoeymeira aff. cruis credo.,0,0,0
4280,2019-01-26 10:43:18 utc,jairbolsonaro,"...e acompanhar as ações de socorro, de assistência, de reestabelecimento de serviços essenciais afetados, de recuperação de ecossistemas e de reconstrução.
para o alcance de seus objetivos, o comitê poderá convidar para as reuniões...",0,0,0
8645,2020-11-11 14:57:01 utc,lulaoficial,o bolsonaro chama a sociedade brasileira de marica como se ele fosse o grande macho nesse país. não é possível que a gente subordine a ciência à ignorância desse presidente...,0,1,0
18936,2022-12-14 12:45:32 utc,felipe davila,"os governos temer e bolsonaro sanearam o bndes. desaparelharam o banco, acabaram com juros subsidiados para os campeões nacionais e recuperaram a capacidade do bndes emprestar recursos com critérios técnicos, como deve ser todo banco.",0,0,0
14503,2020-07-15 21:48:00 utc,ciro gomes,@thiago73798105 @guilherme_amado @revistaepoca vamos juntos! <u+270a><u+0001f339>,0,0,0
7410,2022-04-10 16:06:18 utc,lulaoficial,"a solidariedade é uma palavra muito fácil de ser falada, mas difícil de ser executada. o brasil precisa de um governo que se solidarize com seu povo. bom domingo!",0,1,0
17511,2021-11-25 15:27:49 utc,simone tebet,@eunolimite @choquei assessoria: está não é a voz da senadora simone tebet. montagem maldosa e mal feita,0,0,0
23453,2022-09-13 15:11:23 utc,vera lucia,"e aí, o que você acha disso?",0,0,0
24549,2021-02-25 13:06:43 utc,vera lucia,"o auxílio emergencial é urgente e obrigação do governo. colocar a retirada de verba da saúde e da educação é chantagem! não vamos aceitar!

#forabolsonaro #forabolsonaroemourao
#auxiliosimdesmontenao",0,0,0
19522,2022-07-01 18:57:50 utc,felipe davila,"o plano real foi uma enorme conquista para o <u+0001f1e7><u+0001f1f7>. 

segurar a hiperinflação - que chegou a 3.000% ao ano em 94 - não era uma tarefa fácil. o real mudou a trajetória da economia do país e trouxe ordem à nossa moeda.

parabéns à equipe econômica que realizou essa façanha.",0,0,0
16499,2020-07-08 17:49:16 utc,leonardo pericles,@iaurames leo e os estudantes kkkkk,0,0,0
19311,2022-08-25 23:55:49 utc,felipe davila,"mensalão e orçamento secreto são inaceitáveis. comparar os dois é dizer que o brasileiro tem que escolher entre o menos pior. não! o brasileiro merece o melhor! nem mensalão, nem petrolão, nem orçamento secreto, nem rachadinha... nada disso é tolerável.",1,0,0
5692,2022-10-21 23:31:16 utc,lulaoficial,"nós sabemos como fazer as coisas, já cuidamos povo uma vez e vamos fazer de novo. a razão pela qual estou voltando é para cuidar do povo trabalhador, que tem preferência na nossa política social.",0,1,0
22536,2021-05-11 17:09:45,sofia manzano,"@josiasa30279889 @vihhh como dizia kalecki: os trabalhadores gastam o que ganham, os capitalistas ganham o que gastam.",0,0,0
1573,2021-11-05 22:26:15 utc,jairbolsonaro,"- neste momento de profunda dor e tristeza peço a deus que console o coração de seus fãs e, em especial, de seus amigos e familiares, bem como das demais vítimas do acidente. que a dor da saudade dê lugar à certeza de que a morte não é o fim. e que deus conforte a todos.",0,0,0
6100,2022-09-28 20:03:20 utc,lulaoficial,"o brasil precisa de esperança! vamos juntos, @paolla. obrigado pelo apoio. um abraço.",0,0,0
28923,2019-09-19 00:54:05 utc,soraya thronicke,@loka1234567893 @rsallesmma @jairbolsonaro no site da câmara você consegue saber.,0,0,0
9377,2019-11-17 22:12:10 utc,lulaoficial,quero agradecer a todos os artistas que estão aqui. ninguém pode impedir nossa luta pra que nossos filhos vivam em um país melhor.,0,0,0
3299,2019-12-11 22:10:13 utc,jairbolsonaro,"as partes do avião e os objetos estavam a aproximadamente 280 milhas náuticas (518 km) de ushuaia, na argentina. o navio da marinha do brasil permanece na área de busca em ações coordenadas com autoridades chilenas e duas lanchas do navio continuam a recolher destroços.",0,0,0
23190,2020-06-11 22:56:57 utc,sofia manzano,o capital não pode ficar sem o trabalho para sobreviver.,0,0,0
13124,2021-02-05 18:20:45 utc,ciro gomes,"ideia, exemplo e militância <u+0001f339><u+270a>",0,0,0
19601,2022-04-08 17:19:23 utc,felipe davila,@lulaoficial é impressionante como o tempo muda as coisas.,0,0,0
1308,2022-02-28 10:11:53 utc,jairbolsonaro,"- não procede a informação que eu teria falado com o presidente putin no dia de ontem.
- conversei com ele apenas por ocasião da minha visita à rússia em 16 de fevereiro.
- a imprensa se supera nas fakenews a cada dia passado!",1,0,0
11794,2022-02-09 00:10:48 utc,ciro gomes,veja aqui os detalhes e números desse descalabro. e me digam depois o que acham. #reactdocirão,0,0,0
23009,2020-12-16 23:15:59 utc,sofia manzano,@pauloteixeira13 e uma boa parte da população que o apoia. infelizmente.,0,0,0
28313,2020-06-17 23:54:14,soraya thronicke,"este inquérito das fakenews que tramita no stf é uma aberração jurídica.

é inconcebível a instauração por quem vai julgar e executar!

é uma ruptura com a ciência jurídica,com o papel do magistrado, com a democracia.

o @senadofederal tem o dever de agir!

@davialcolumbre",0,0,0
30226,2022-11-26 11:05:05 utc,padre kelmon,"que deus abençoe e cuide da nossa querida helena. vamos ajudá-la a vencer esta batalha, para que ela possa viver o melhor que deus provê nesta vida.",0,0,0
22228,2022-01-30 21:56:01,sofia manzano,"a barbárie também está presente nas atividades. o povo, os trabalhadores, a população, não se lambuza quando come.",0,1,0
1491,2021-12-18 09:30:25 utc,jairbolsonaro,@govbrazil @mdregional_br @rogeriosmarinho @casacivilbr @anagovbr @ciro_nogueira @sgpresidencia @mmeioambiente @joaquimleitemma <u+0001f1e7><u+0001f1f7>,0,0,0
21811,2022-05-19 20:14:36 utc,sofia manzano,@tiiltei @opoderpopular obrigada,0,0,0
8800,2020-09-07 18:49:16,lulaoficial,"ao tirar 40 milhões de brasileiros da miséria, nós fizemos uma revolução neste país. uma revolução pacífica, sem tiros nem prisões.",0,0,0
1850,2021-05-20 10:25:17 utc,jairbolsonaro,"1.3- o brasil é o quarto país do mundo que mais vacina pessoas contra o covid, ficando apenas atrás de nações que possuem a matéria prima (ifa para produção). 

. até o momento são mais de 90 milhões de doses distribuídas para todos os estados do brasil. @secomvc",0,0,0
11246,2022-06-15 19:39:31 utc,ciro gomes,"em 2012, era áurea do pt, a renda média mensal dos mais pobres era de r$ 75 mensais. o pt que tanto gastou o termo herança maldita, falando mal de fhc, será que aceitaria que chamássemos isso também de herança maldita?",0,0,0
28189,2021-03-11 00:14:05 utc,soraya thronicke,"eu aguento muita coisa na vida, quem me conhece sabe disso... já estou com o couro grosso como dizem por aí... 

só que contar mortos jamais esteve no meu mais surreal script!",0,0,0
24694,2020-11-03 17:06:15 utc,vera lucia,"não existe estupro culposo! inaceitável a decisão da ""justiça"" que inocentou o empresário andré camargo aranha. o juiz aceitou a argumentação de ""estupro culposo"". minha gente, isso é repugnante e expõe a normalização da cultura de estupro.
#justicapormariferrer",1,0,0
23328,2022-11-25 21:49:38,vera lucia,"incendiar a estátua de borba gato é muito pouco diante do quanto de reparações precisamos arrancar do estado capitalista, da classe dominante brasileira e internacional. quem deveria ser processado é o estado paulista e brasileiro por ainda erguer monumentos desses crápulas.",0,0,0
5401,2022-11-15 22:00:28 utc,lulaoficial,"indo dormir. aqui no egito são 5 horas de diferença. amanhã estarei na #cop27, no encontro carta da amazônia, 6h do brasil. e farei um pronunciamento 12h15 do horário brasileiro, na área da onu. o brasil está de volta ao mundo para debater a questão climática. boa noite.",0,0,0
21711,2022-06-17 14:34:19,sofia manzano,"os aumentos dos preços dos combustíveis são a estratégia do bolsonaro para acabar com a #petrobras
a ideia é jogar o povo contra a empresa para vendê-la na xepa e acabar com qq possibilidade de retomar a soberania do petróleo. 
seguimos na luta pela #petrobras totalmente estatal",0,1,0
7338,2022-04-26 17:07:06 utc,lulaoficial,"o brasil precisa ter uma chance. eu vivi os melhores momentos do país, vi esse país sendo referência para muitas coisas no mundo. muitas coisas foram destruídas e vamos ter que reconstruir. e não existe como mudar esse país se não for pela via da política.",0,0,0
13551,2020-11-06 22:28:49 utc,ciro gomes,dá bilhão de motivos para seguir na luta pelo brasil! abraços ao nosso futuro prefeito de curitiba!,0,0,0
3468,2019-10-13 11:51:01 utc,jairbolsonaro,"5- queda de 0,04% na inflação em setembro. é o menor resultado desde 1998.

6- de julho para agosto, indústria cresce em 11 dos 15 locais pesquisados. os avanços: am 7,8%, pa 6,8%, sp 2,6%, ce 2,4%, pr 2,1%, rj 1,3%, mt 1,1%, mg 1,0%, pr 0,3%, nordeste 0,2% e go 0,2%. fonte: pim.",0,0,0
21203,2022-09-05 16:40:11 utc,sofia manzano,"<u+2714><u+fe0f>implementação das aulas de libras e libras tatéis como disciplinas obrigatórias nas escolas.
(+)",0,0,0
2512,2020-07-24 02:52:59 utc,jairbolsonaro,"2- dia do policial rodoviário federal: cerca de r$110 milhões de apreensão de cocaína em um dia, operações antidrogas resultam cerca de 3x mais efetividade que em 2019 e concurso para agentes de segurança pública federal.

. @minfraestrutura @mapa_brasil @prfbrasil",0,0,0
24041,2021-10-10 16:10:18 utc,vera lucia,"guillermo lasso: presidente do equador, o ex-diretor do banco de guayaquil chegou a recorrer a 14 empresas em paraísos. em 2017, se desfez de 10, negando envolvimento com as outras 4 citadas. 6/13 -&gt;",0,0,0
10473,2022-09-26 13:51:34 utc,ciro gomes,"e, se for o caso, de optarem por aqueles que mais se aproxime de suas ideias. querem privá-las do direito de expressar seus sonhos e de testar a força de suas posições, enriquecendo o debate e fortalecendo a pluralidade de ideias. #ciromanifestoànação",0,0,0
16229,2022-04-08 14:57:52 utc,leonardo pericles,"@iarasouzarj @brunoreikdal @up80br somos trabalhadores de muitas áreas, desde entregadores de app, diaristas, até professores, advgados, jornalistas. tb temos companheiros que estão desempregados, como os 15 milhões de brasileiros.",0,0,0
1476,2021-12-27 08:47:38 utc,jairbolsonaro,"- as fortes chuvas voltaram ao sul da bahia.
- continuam na região todos os meios do @govbr na desobstrução de rodovias, distribuição de alimentos, resgate, antecipação do fundo de garantia, etc.
- na região estão os @mincidadania @joaoromaneto e @mdregional_br @rogeriosmarinho",0,0,0
11407,2022-05-17 13:01:32 utc,ciro gomes,"infelizmente não contaremos, hoje, com a presença instigante de gregório duvivier na #cirogames. esperamos tê-lo em breve. enquanto isto, debateremos suas ideias em reacts. @eduardomoreira vai garantir o grande espetáculo. é hoje, às 19h30, em todos os nossos canais oficiais!",0,0,0
10367,2018-08-02 15:38:10,lulaoficial,"(...)"" quero informá-los que estou firme e cada dia mais preocupado com a situação do povo brasileiro.
permaneço com firmeza pois tenho consciência tranquila da minha inocência, enquanto os que me prenderam com bases em mentiras ficam cada vez mais raivosos"" (...)",0,0,0
17672,2021-07-13 16:04:14,simone tebet,"cpi, emanuela se nega a responder. não adianta o silêncio, quando os fatos gritam aos nossos ouvidos. compra da covaxin, vacina que pode ter eficácia de soro fisiológico, mais que criminosa, é pecaminosa.",0,0,0
27104,2022-11-02 23:22:41 utc,soraya thronicke,@atwellfilms @youtube simm!! duas vezes!!! <u+0001f64f><u+0001f3fc>,0,0,0
17192,2022-07-25 23:10:44 utc,simone tebet,"na primeira coletiva que fiz como pré-candidata, a primeira medida que disse é que nosso ministério será paritário. não entrarão mulheres e negros pelo simples fato de serem. teremos condicionantes, é preciso ter competência, espírito público e vontade de servir o brasil.",0,0,0
2106,2020-12-23 17:57:02 utc,jairbolsonaro,"- 414.556 novos postos de trabalho formais criados em novembro.

- dados do caged neste mês é o melhor da série histórica.

- é a economia reagindo.",0,0,0
7776,2021-12-02 22:58:54 utc,lulaoficial,"sei o que é a fome. eu fui comer pão pela primeira vez aos 7 anos de idade. na fábrica eu comia correndo pra ninguém reparar que eu não tinha mistura. 

- lula no podpah",0,0,0
6480,2022-08-31 12:17:11 utc,lulaoficial,éramos um país que gerou 20 milhões de empregos com carteira assinada e hoje temos empregos precarizados. a minha volta é um desejo de uma parcela muito grande da sociedade. e acho que o povo vê na minha candidatura a esperança de um brasil feliz.,0,0,0
6103,2022-09-28 15:59:32 utc,lulaoficial,"no tocantins, o time do lula é @paulomouraopt e professora germana para o governo. e no senado é @vileladopt! #brasildaesperança #equipelula",0,0,0
5638,2022-10-24 00:49:28 utc,lulaoficial,"o racismo tem que acabar, o preconceito contra pobres. o que queremos evocar é o humanismo, a solidariedade, a compaixão. #lulanodlshow",0,0,0
2650,2020-06-05 00:02:36 utc,jairbolsonaro,com @filgmartin,0,0,0
28467,2020-03-29 17:53:33 utc,soraya thronicke,"daqui a pouco o presidente do bndes, estará ao vivo no youtube apresentando as novas medidas emergenciais do governo para diminuir os impactos causados pela pandemia do coronavírus na economia brasileira. vou disponibilizar o link da live nas minhas redes sociais. acompanhem!",0,0,0
28057,2021-08-08 14:48:48 utc,soraya thronicke,"muitos políticos bradam que têm orgulho do sus, mas com certeza não o utilizam.

em termos gerais, lindo no papel, mas não na prática. seria maravilhoso sim, se tivéssemos gestão eficiente e honesta.

o que fazer?

precisamos encontrar uma solução.",0,0,0
7056,2022-06-13 01:17:55 utc,lulaoficial,"eu nasci no movimento sindical e aprendi que não podemos abdicar de nossas lutas. minha causa é melhorar a vida do povo. fazer o brasileiro voltar a comer, voltar a trabalhar, voltar a sorrir. boa noite!",0,1,0
19239,2022-08-29 02:50:40 utc,felipe davila,"chega de escolher o menos pior. escolha o melhor para o brasil, para os seus filhos e netos. #felipenaband #debatenaband",0,0,0
7579,2022-02-20 12:38:08 utc,lulaoficial,@gleicidamasceno <u+0001f917>,0,0,0
14942,2020-05-14 15:15:41,ciro gomes,"(...)o debate é o modelo de apoio à massa de trabalhadores desempregados ou na informalidade? problema esse que foi agravado pelas reformas trabalhista e previdenciária que, agora, os empurra, humilhados em filas imorais, nas agencias da caixa econômica. muito longe disto (...)",0,0,0
20181,2021-06-25 18:30:25 utc,felipe davila,"nos eua, democratas e republicanos moderados se uniram nas eleições de 2020 para derrotar donald trump e eleger biden presidente. há duas semanas, uma coligação plural de partidos de direita e de esquerda se uniu para destronar o poderoso chefão de israel, bibi netanyahu. (4/5)",0,0,0
16820,2022-09-28 23:44:17 utc,simone tebet,"dia 2 de outubro, temos um encontro marcado com a democracia. o eleitor vai definir o destino do país para os próximos 4 anos. é possível fazer diferente, mas é preciso reconstruir o brasil. +",0,0,0
8797,2020-09-07 18:49:18 utc,lulaoficial,"para reconstruirmos o brasil pós pandemia, precisamos de um novo contrato social entre todos os brasileiros. um contrato social que garanta a todos o direito de viver em paz e harmonia.",0,0,0
14315,2020-07-29 00:02:50 utc,ciro gomes,@projectnacional @lerlanger vamos juntos na luta! <u+270a><u+0001f339> #ciroeerlanger,0,0,0
696,2022-06-29 01:55:01 utc,jairbolsonaro,@luiz_las_casas - deu sorte kkkk. que deus abençoe essa união. forte abraço! <u+0001f44d>.,0,0,0
22876,2021-01-26 01:32:31 utc,sofia manzano,@flaviodino o ma vai ser o próximo estado a entrar em colapso?,0,0,0
23812,2022-03-22 13:29:14 utc,vera lucia,"o dinheiro que falta para educação enche o bolso do pastor. é escandaloso o áudio do ministro da educação priorizando verbas para o pastor amigo, a pedido do bolsonaro. é trágico, mas  ilustrativo do apadrinhamento da verba  pública neste governo.  #forabolsonaro",1,0,0
16177,2022-07-26 21:49:01 utc,leonardo pericles,boa!,0,0,0
8573,2021-01-23 19:02:58 utc,lulaoficial,"mi hermano evo, espero que estés bien y ya recuperado de esta enfermedad. tengo fe en que nuestra gente superará el covid19 y tantas injusticias. un gran abrazo desde brasil.",0,0,0
10363,2018-08-02 15:45:18,lulaoficial,"(...) ""pois não me conformo com o sofrimento dos mais pobres e a injustiça que está se abatendo sobre os trabalhadores do nosso país. prometo que assim que a justiça for restabelecida e eu estiver livre novamente (...)""",0,1,0
4061,2019-03-31 10:19:02 utc,jairbolsonaro,"após revelação do @minfraestrutura de pedidos prontos de mais de 8.000 novos radares eletrônicos na rodovias federais do país, determinei de imediato o cancelamento de suas instalações. sabemos que a grande maioria destes têm o único intuito de retomo financeiro ao estado.",0,0,0
27026,2022-11-05 18:28:19 utc,soraya thronicke,@atwellfilms @twittaluiza o quê? que coisa mais insana! não ligue para essa gentalha!,0,0,0
16463,2020-08-27 03:11:23 utc,leonardo pericles,"@valeriapiresup @up80_oficial obrigada companheira!
avançamos juntos <u+2764>",0,0,0
2067,2021-01-26 11:19:06 utc,jairbolsonaro,@govbr @secomvc @minsaude <u+0001f91d>,0,0,0
23017,2020-12-15 00:39:57 utc,sofia manzano,@patriciapillar eu também defendo o fim da polícia militar.,0,0,0
3994,2019-04-15 20:38:13 utc,jairbolsonaro,"em nome dos brasileiros, manifesto profundo pesar pelo terrível incêndio que assola um dos maiores símbolos da cultura e da espiritualidade cristã e ocidental, a catedral de notre-dame, em paris. neste momento sombrio, as nossas orações estão com o povo francês.",0,0,0
3214,2020-01-24 01:18:57 utc,jairbolsonaro,"- também determinei ao ministro da cgu que dê transparência às notas fiscais de compras do governo, permitindo que a sociedade exerça o controle efetivo dos gastos públicos.",0,0,0
19660,2022-03-28 19:02:36 utc,felipe davila,"a descontinuidade de políticas públicas é tão nefasta quanto a corrupção.

neste governo, foram abandonadas medidas como: 
- base comum curricular
- o inep
- a reforma do ensino médio

restou apenas o gordo caixa do fnde, que o centrão está louco para capturar.",0,0,0
24872,2020-09-22 13:59:01 utc,vera lucia,"coleção de mentiras e cinismo! assim pode ser definida o discurso de bolsonaro na assembleia geral da onu. ""preocupação na proteção do meio ambiente?"" ""referência em direitos humanos?"" precisamos nos organizar pra tirar esse governo mentiroso e genocida! #forabolsonaroemourao",1,0,0
7987,2021-08-26 14:58:17 utc,lulaoficial,"2 - não podemos aceitar provocação do bolsonaro. ele anda desesperado, tentando desacreditar as instituições. não temos que dar muita importância pra ele. bolsonaro vai caindo em descrédito a cada manifestação que faz. nossa preocupação precisa ser a situação do povo brasileiro.",0,0,0
6240,2022-09-22 15:48:20 utc,lulaoficial,"o trabalhador não precisava mais apresentar documento, era a presidência que era responsável por comunicar o cidadão. nenhum trabalhador demorava mais de 20 dias para receber a sua aposentadoria.",0,0,0
7184,2022-05-18 12:52:33 utc,lulaoficial,"sem uma eletrobrás pública, o brasil perde boa parte da sua soberania e segurança energética. as contas de luz devem ficar ainda mais caras. só que quem não sabe governar tenta vender empresas estratégicas, ainda mais correndo para vender em liquidação. #luzparapoucos",0,0,0
8779,2020-09-15 16:08:37 utc,lulaoficial,o pt vai estar junto com outros partidos em muitas cidades. agora mesmo acabamos de confirmar que o @pcdob_oficial vai estar com a @dasilvabenedita no rio de janeiro e nós vamos apoiar o candidato do @flaviodino no maranhão. vamos com @rubenspereirajr em são luís.,0,0,0
21868,2022-05-01 20:33:50 utc,sofia manzano,"hoje tivemos a grata tarefa de representar o #pcb no ato de comemoração e luta do dia dos(as) trabalhadores (as) em são paulo. 
apenas nossa luta garante nossa vida e levará à vitória. 
viva os(as)trabalhadores (as)!
#poderpopular
rumo ao #comunismo!",0,1,0
11351,2022-05-27 00:46:58,ciro gomes,"porque se nós aceitarmos esses números, a maioria do povo tá indicando que quer manter o modelo que o lula administrou, que é o mesmo modelo econômico que está aí, produzindo inadimplência, desemprego, desalento, e o 2º pior salário-mínimo em poder de compra dos últimos 16 anos.",0,0,0
6025,2022-10-03 21:25:42,lulaoficial,nesse instante nós temos consciência que 60% do povo brasileiro rejeitou esse governo. pela primeira vez quem está no cargo de presidente perde no 1º turno. e vai perder muito mais feio no segundo.,0,0,0
23863,2022-03-10 14:27:38,vera lucia,lamentável que mais um trabalhador perca a vida no exercício das suas funções. minha solidariedade aos amigos e familiares. a privatização mata! que os responsáveis sejam punidos.,0,0,0
428,2022-08-25 14:18:11 utc,jairbolsonaro,"-deveria ser mais urgente fazer o que podem para salvar o pouco que resta do que já destruíram ao invés de falar de um país que tem +60% de sua vegetação nativa e +80% de seu bioma preservados, além da matriz energética mais limpa do g20. estamos e seguiremos fazendo nossa parte.",0,0,0
16257,2022-02-25 19:24:21,leonardo pericles,"somos contra essa guerra imperialista, entre rússia e ucrânia, que tem por trás os interesses dos eua, ue e os dois países envolvidos. os interesses da classe trabalhadora não estão sendo levados em consideração. segue o fio <u+0001f447><u+0001f3ff>",0,0,0
28117,2021-04-08 22:54:00 utc,soraya thronicke,*tentam,0,0,0
14569,2020-07-13 23:19:54 utc,ciro gomes,"o brasil está mergulhado na pior crise econômica da sua história sem precedentes e o que mais me comove é que eles não têm um plano para que a gente possa dar uma sugestão, botar defeito ou elogiar. #ciroandrerandolfe",0,0,0
12127,2021-11-23 23:43:04 utc,ciro gomes,"""o brasil nunca deixou de ser um lugar vivo culturalmente, mas o negócio que é feito com a cultura não é um negócio que vende o verdadeiro brasil, vende um brasil americanizado."" pedro cardoso na #cirogames",0,0,0
10500,2022-09-24 23:03:22,ciro gomes,"e hoje, graças a tragédia que bolsonaro representa, vemos lula se dando ao luxo de não vir sequer dar satisfação ao povo do porquê ele terminou seu mandato com 5 pessoas acumulando a fortuna dos 100 milhões de brasileiros mais pobres. isso é o que eu quero mudar. #debatenosbt",0,1,0
12651,2021-06-03 14:47:36 utc,ciro gomes,feliz aniversário ao querido amigo e grande governador @camilosantanace! todos os dias reforça seu exemplo de trabalho sério e compromisso com nosso povo. siga firme em sua luta para salvar vidas. eu e os cearenses estamos com você!,0,0,0
26955,2022-11-13 00:14:16 utc,soraya thronicke,@sorayadefense @secretevely @diazthalipa obrigada!!,0,0,0
20347,2021-05-04 21:45:36 utc,felipe davila,"sinal de retrocesso de uma reforma essencial para a modernização do país e para o aumento da competitividade, da produtividade e da segurança jurídica no país. atrasar ainda mais a reforma tributária é mais um sinal de que somos mesmo uma nação à deriva.",0,0,0
19929,2022-01-11 16:36:45 utc,felipe davila,"a inflação corrói a renda do brasileiro, especialmente dos mais pobres. também revela dois problemas graves no nosso país:

- o governo gasta demais e se endivida acima da média dos países emergentes

-o <u+0001f1e7><u+0001f1f7> é fechado demais para o comércio mundial",0,0,0
27192,2022-10-18 02:15:49 utc,soraya thronicke,@imnotaleksander @atwellfilms <u+0001f60d><u+0001f60d><u+0001f60d>,0,0,0
8679,2020-10-26 11:43:28 utc,lulaoficial,"saúdo a coragem e o exemplo do chile, que ontem derrotou na força do voto a constituição ditatorial de pinochet. a américa latina resiste e começa a escrever uma nova página de sua história. parabéns, povo chileno!",0,0,0
11376,2022-05-25 18:00:19 utc,ciro gomes,"para termos uma indústria forte é preciso ter uma economia saudável que incentive  a produção, proteja o emprego e diga não à especulação e aos especuladores. que invista na pesquisa e atualização tecnológica.",0,0,0
29921,2019-03-27 02:32:39 utc,soraya thronicke,"@davialcolumbre obrigada pelo seu carinho, presidente. encantadas!",0,0,0
1889,2021-05-06 16:06:26 utc,jairbolsonaro,"a2. estão sendo alcançados vários municípios em al, ba, ce, es, a, mg, ms, mt, pá, pb, pe, pi, pr, rn, rs, sc, ro e sp, conforme as portarias gm/ms 839 e 851, publicadas no diário oficial da união (dou). @secomvc",0,0,0
8984,2020-06-22 22:02:12 utc,lulaoficial,"o mesmo governo que não viu nenhum problema no banco central distribuir r$ 1.2 trilhão para resolver o problema da liquidez do sistema financeiro, agora diz que não tem como pagar duas parcelas de 600 reais do auxílio emergencial, que custa apenas r$ 50 bilhões por mês.",0,0,0
5378,2022-11-16 16:00:47 utc,lulaoficial,"se pudermos resumir em uma palavra a contribuição do brasil neste momento, que essa palavra seja aquela que sustentou o povo brasileiro nos tempos mais difíceis: esperança. a esperança combinada com uma ação imediata e decisiva, pelo futuro do planeta e da humanidade. #cop27",0,0,0
10874,2022-08-16 03:12:46,ciro gomes,"não dá pra me chamar de ladrão, porque não sou; não dá pra me chamar de incompetente, porque tenho uma história, então inventaram essa de destemperado. mas na verdade sou um homem livre, não sou um carreirista, nunca fiz da política meio de vida, estou aqui para servir ao brasil.",1,0,0
7656,2022-01-29 16:11:20 utc,lulaoficial,"estão destruindo esse país, só não enxerga quem não quer. quase 630 mil mortos, as mortes voltando a crescer e tem gente dizendo que não tem que tomar vacina. se não quer tomar vacina, tudo bem, mas não sai de casa.",1,0,0
6207,2022-09-24 15:01:06 utc,lulaoficial,"o presidente, que só sabe fazer motociata e fake news, hoje deve estar muito nervoso. porque a cada pesquisa que sai ele cai um ponto. ele tem uma enxaqueca que deve se chamar lula, porque não me tira da cabeça. mas quem vai tirar ele não é o lula, é o povo brasileiro.",0,1,0
11914,2022-01-21 19:49:45 utc,ciro gomes,"o presidente do partido @carloslupipdt na #convençãopdt:

com sua rebeldia, ciro traz a esperança de que as coisas podem ser diferentes. que um outro caminho é possível. que vamos sair dessa que é a maior crise social, política, econômica e moral da nossa história.",0,0,0
781,2022-06-10 21:46:46 utc,jairbolsonaro,"- o pilar fundamental de uma democracia são eleições limpas e transparentes. se estamos trabalhando por mais transparência no pleito eleitoral, estamos fortalecendo ainda mais a nossa democracia.",0,0,0
7300,2022-05-03 11:10:43 utc,lulaoficial,"bom dia! quando eu falo que vamos reconstruir o brasil, é pensando que o povo precisa voltar a trabalhar, a comer, viver dignamente. mas também penso que temos que recuperar a civilidade no brasil, conviver democraticamente na adversidade. e é isso que nós vamos fazer.",0,1,0
27217,2022-10-18 01:06:30 utc,soraya thronicke,@agirlwhocries @capitaocontar seguindo de volta! gratidão!,0,0,0
24999,2020-03-20 20:55:41 utc,vera lucia,"devemos combater o coronavírus dando suporte à pesquisa e fortalecendo o setor de ciência e tecnologia. contudo, a portaria 34 da #capes vai na contramão, ao permitir cortes de até 50% nas bolsas de pós graduação. @jairbolsonaro é inimigo da ciência e da vida. #forabolsonaro",0,0,0
4129,2019-03-15 20:28:38 utc,jairbolsonaro,"foi realizado hoje, 15/03, o leilão de 12 aeroportos das regiões nordeste, sudeste e centro-oeste. valor inicial proposto era de r$ 218,7 milhões. conseguimos arrecadar r$ 2,37 bilhões, valor 10 vezes maior, que será pago à vista. é o brasil voltando a crescer! grande vitória! <u+0001f1e7><u+0001f1f7>",0,0,0
29449,2019-06-16 00:45:33 utc,soraya thronicke,@livreuff @jairbolsonaro seguindo!,0,0,0
4001,2019-04-14 12:19:58 utc,jairbolsonaro,"@capitaoderrite @aprovadospf2018 um forte abraço, capitão!",0,0,0
13713,2020-10-20 23:26:28 utc,ciro gomes,@vana_fn @sartoprefeito12 <u+2764><u+fe0f>,0,0,0
3956,2019-05-01 00:36:35 utc,jairbolsonaro,"a medida prevê, entre outras ações, o fim de licenças e alvarás e de restrição de horário para atividades econômicas de baixo risco, a digitalização de documentos tributários e a garantia da definição de preços pelo mercado, sem interferência do estado.",0,0,0
8856,2020-08-09 14:49:24,lulaoficial,é um domingo triste de dia dos pais. são 100 mil vidas perdidas. a bomba de hiroshima matou 90 mil. e a bomba da ignorância que o bolsonaro soltou matou mais.,0,0,0
20296,2021-05-23 00:39:44 utc,felipe davila,@santoromaceio @kennedy_school @clp_brasil @soracy @estadao @harvard muitíssimo obrigado!,0,0,0
23336,2022-10-31 17:10:15,vera lucia,os trabalhadores devem se organizar para defender suas liberdades democráticas e se preparar para se necessário ir para as ruas rechaçar esse tipo de questionamento ao resultado das urnas.,0,0,0
17144,2022-08-03 22:05:32 utc,simone tebet,sua postura e apoio ao aumento da participação feminina demonstra respeito e entendimento sobre o momento político atual. obrigada!,0,0,0
24175,2021-08-06 00:19:49 utc,vera lucia,"estava até agora a pouco na 11° dp esperando libertarem galo. até agora nada... permanecem lá a sua esposa, sua mãe, alguns ativistas e a imprensa alternativa. somente uma razão para galo não ser libertado até agora: política. porque juridicamente é ilegal e imoral!",0,0,0
2611,2020-06-14 14:28:10 utc,jairbolsonaro,"e- 25mil vagas na @capes_oficial para cursos virtuais e gratuitos, principalmente os da área de exatas.

f- implantação de aplicativo de gestão hospitalar nos hospitais universitários. organização para eficiência.  @mec_comunicacao @abrahamweint",0,0,0
21760,2022-06-03 15:35:58 utc,sofia manzano,"jornada de 30 horas semanais, sem redução salarial, gera milhões de empregos, renda e bem-estar para a classe trabalhadora. 
esta é a pauta da nossa luta. 
#jornada30horas",0,0,0
10857,2022-08-18 14:58:45 utc,ciro gomes,"entre 2010 e 2020, o brasil cresceu zero pela primeira vez em 120 anos. a população está empobrecendo de forma generalizada, sendo que, nesse mesmo período, o país patrocinou a mais perversa concentração de renda do mundo.",0,0,0
11098,2022-07-08 10:30:03 utc,ciro gomes,"três fatos aparentemente desconectados  a bomba caseira no comício de lula no rio, o saco de fezes e ovos no pára-brisa do juiz borelli, em brasília, e o tiro em uma janela da redação da folha, em sp  precisam ser investigados e repudiados.",0,0,0
10338,2018-08-04 16:27:39,lulaoficial,"eles sabem que nós jamais deixaríamos o povo brasileiro voltar a pedir esmola nos semáforos deste país, @dilmabr #lulacandidatosim",0,1,0
6277,2022-09-19 01:06:50 utc,lulaoficial,"eu tenho certeza que nós vamos chegar lá e tenho certeza que vocês sentirão orgulho do nosso novo governo, porque vamos fazer mais e melhor. a palavra governar vai desaparecer da minha boca e eu vou ganhar as eleições para cuidar do povo. uma boa noite pra vocês e até amanhã!",0,0,0
3789,2019-06-16 21:55:39 utc,jairbolsonaro,"- para estimular a competitividade e inovação tecnológica, o governo estuda, via secretaria do ministério da economia, a possibilidade de reduzir de 16% para 4% os impostos sobre importação de produtos de tecnologia da informação, como computadores e celulares.",0,0,0
21922,2022-04-07 21:45:13 utc,sofia manzano,@kawtt7 siga as redes do pcb,0,0,0
29296,2019-07-16 00:07:45 utc,soraya thronicke,@apoiototalaojb @politzoficial seguindo! <u+0001f600>,0,0,0
17745,2021-06-02 12:50:34 utc,simone tebet,"@delmiramathias @edugiraooficial assessoria: como a bancada feminina não tem assento na cpi, as senadoras fazem um rodízio entre elas para participar das reuniões. ontem, a senadora simone tebet acompanhou, mas não teve direito a fala. isso não significa que não tenha atuado.",0,0,0
24760,2020-10-05 22:05:43 utc,vera lucia,"todo apoio aos professores em luta contra a volta às aulas, em defesa da vida!",0,0,0
4085,2019-03-25 22:55:42 utc,jairbolsonaro,@o_antagonista fakenews fortíssima! enquanto existir liberdade de imprensa para que outros jornalistas opinem assim o farei!,0,0,0
5736,2022-10-20 16:47:39 utc,lulaoficial,essa semana e a próxima são decisivas. precisamos procurar as pessoas que não foram votar no 1° turno para irem votar no 2°. só é necessário levar um documento com foto.,0,0,0
4298,2019-01-23 19:53:47 utc,jairbolsonaro,"mr. guaidó, president of the venezuelan national assembly, assumed the functions of president in charge of venezuela according to the constitution of that country, as endorsed by the supreme court of justice.",0,0,0
7830,2021-10-31 16:12:11 utc,lulaoficial,entrevista para a @trtworld.,0,0,0
5073,2023-01-15 15:24:23,lulaoficial,"quero conhecer mais os trabalhadores que estão todos os dias com a gente no palácio do planalto e reergueram esse que é um patrimônio do povo brasileiro. só posso agradecer, do fundo do coração, pelo empenho que tiveram.",1,0,0
1619,2021-10-14 14:22:21 utc,jairbolsonaro,"@joaoromaneto <u+0001f91d><u+0001f1e7><u+0001f1f7>, ministro.",0,0,0
13967,2020-09-05 14:33:12 utc,ciro gomes,só numa república de bananas isso pode ser aceito. militares estão usando o título para trair a pátria brasileira!,1,0,0
7772,2021-12-02 23:08:02 utc,lulaoficial,"bota um metalúrgico lá pra ver se não resolve!

- lula no podpah",0,0,0
7505,2022-03-16 17:11:54 utc,lulaoficial,"o bolsa família foi pensado para dar uma oportunidade de vida melhor para as pessoas. para dar condições básicas de alimentação, higiene, estudo. e a partir daí crescer. é esse tipo de olhar para o futuro que o brasil precisa.",0,0,0
11207,2022-06-24 11:01:35 utc,ciro gomes,"2. a nota, que mais uma vez explicita o grau de politização do atual comando das forças armadas, tenta distorcer a crítica que fiz ao notório descontrole que impera, em áreas da amazônia, onde uma holding do crime age impunemente.",0,0,0
27293,2022-10-14 00:50:38 utc,soraya thronicke,@scarlttzuigiber @majorolimpio um beijoooo! um beijo enormeeee!!  é um cheiro!!! <u+0001f60d>,0,0,0
20136,2021-08-02 13:45:37 utc,felipe davila,a mentira vai se tornando realidade e ameaça criar um retrocesso no sistema eleitoral que não só aumentará a chance de fraude como custará aos cofres públicos mais de r$ 2 bilhões para reintroduzir o voto impresso. (4/9),0,0,0
9037,2020-05-21 21:35:01 utc,lulaoficial,em 2010 o brasil era o país mais feliz do mundo. o povo comia pelo menos 3 refeições. o pobre tava entrando na universidade. empregada doméstica tinha carteira assinada. esse é o fato.,0,0,0
2602,2020-06-17 01:31:39 utc,jairbolsonaro,"- só pode haver democracia onde o povo é respeitado, onde os governados escolhem quem irá governá-los e onde as liberdades fundamentais são protegidas. é o povo que legitima as instituições, e não o contrário. isso sim é democracia.",0,1,0
12165,2021-11-12 13:41:45 utc,ciro gomes,venderam para acionistas privados aquilo que é um patrimônio sensível no mundo inteiro. #cironodatena,0,0,0
9258,2020-01-31 15:37:49,lulaoficial,seis caras no mundo tem o mesmo dinheiro de metade da humanidade. como é que pode?! é nossa obrigação distribuir a riqueza produzida. não é possível a gente ver o cara dormindo na rua e achar que é normal. temos direito de ficar indignados.,0,0,0
24104,2021-09-09 12:11:23,vera lucia,as manifestações dos caminhoneiros a serviço do agronegócio tem as bençãos de bolsonaro. a questão é: o que o congresso nacional e o stf estão esperando para fazer esse esse governo pagar pelos seus crimes?,1,0,0
13048,2021-02-27 13:27:12 utc,ciro gomes,quem pode ser contra o uso de máscaras se elas ajudam a proteger contra o coronavírus e podem salvar vidas?,0,0,0
29191,2019-07-24 03:40:47 utc,soraya thronicke,"@ggreenwald que denúncia? 

vc não denunciou nada! denúncia se faz na delegacia, com registro de bo, ou no ministério público! 

nada seu é formal! peça para seu advogado te explicar que o que não está nos autos não está no mundo! 

mas o jornalista que te pegou na deepweb já formalizou...",0,0,0
27981,2021-10-20 15:24:14 utc,soraya thronicke,"@visibelli @crisvector na verdade aquilo representa apenas 10% dos documentos que recebemos para analisar do mato grosso do sul, caso fossem impressos. assessoria.",0,0,0
17006,2022-08-29 02:50:16 utc,simone tebet,"com a ajuda valorosa da minha vice, @maragabrilli, todos juntos, com coragem e amor, vamos reconstruir o brasil de verdade! #debatenaband #simonenaband <u+270a>",0,0,0
13139,2021-02-04 20:11:44,ciro gomes,"tudo o que bolsonaro quer é distrair a opinião pública sobre os crimes dele e da sua família de bandidos. ele criou falso dilema sobre salvar vidas ou empregos, mas sua única preocupação é em salvar seus filhos da cadeia! relembre os crimes da quadrilha bolsonaro e compartilhe!",0,0,0
30238,2022-09-25 13:44:52 utc,padre kelmon,"pessoal, estão criando vários perfis fakes da minha pessoa. esse aqui é o oficial da campanha. por favor compartilhem esse e denunciem os outros. vamos juntos pelo brasil!<u+0001f1e7><u+0001f1f7>",0,0,0
1493,2021-12-17 21:21:00 utc,jairbolsonaro,@casacivilbr @govbr sai na globolixo?,1,0,0
8029,2021-08-20 17:20:08 utc,lulaoficial,5 - e daí polarização é entre o fascismo e a democracia. e acho que a gente tem que polarizar mesmo. quem quiser escolher o fascismo vai escolher.,0,0,0
14486,2020-07-16 14:53:00 utc,ciro gomes,@cartazdevaia @andersonrosavaz @julianabrizola obrigado pela sugestão! tamo junto <u+0001f339><u+270a><u+0001f1e7><u+0001f1f7>,0,0,0
4011,2019-04-12 00:49:47 utc,jairbolsonaro,"o decreto por mim assinado, que converte multas ambientais em medidas para recuperação do meio ambiente, permitirá agilizar a cobrança, além de prezar pela sustentabilidade. mais uma missão cumprida em 100 dias de governo!",0,0,0
25146,2015-08-24 22:12:47,vera lucia,"marcha nacional| colocar os trabalhadores em campo contra o governo dilma (pt) e seu ajuste fiscal, contra... http://t.co/5nnhfef9hq",0,0,0
13306,2020-12-18 13:09:25 utc,ciro gomes,bandidos! a advogada de flávio bolsonaro confirma o recebimento de relatórios da abin para orientar na defesa do caso queiroz. bolsonaro continua usando o estado para fins pessoais e fala em jacaré para tirar o foco sobre este crime. não vamos cair nessa. compartilhem! denunciem!,1,0,0
29957,2019-03-15 01:06:18 utc,soraya thronicke,@melissa91856000 também acho. o presidente está sendo um pai e as pessoas não enxergam.,0,0,0
20048,2021-09-30 09:59:08 utc,felipe davila,"o ranking do @clp_brasil retrata os estados que conseguiram melhorar políticas públicas, apesar da pandemia. não perca!",0,0,0
3404,2019-10-26 23:00:13 utc,jairbolsonaro,qualquer outro teria menos independência e disposição para levar adiante uma proposta de mais liberdade econômica para o brasil. nós tivemos e estamos avançando. os números mostram que caminhamos para um ambiente fértil de emprego e prosperidade. adiante! boa noite a todos! <u+0001f1e7><u+0001f1f7><u+0001f44d><u+0001f3fc>,0,0,0
22129,2022-02-18 04:07:38 utc,sofia manzano,o brasil precisa mudar. a classe trabalhadora vai comandar.,0,1,0
7573,2022-02-22 14:27:15 utc,lulaoficial,"não existe nenhuma razão técnica ou político-econômica para a petrobrás tomar a decisão de internacionalizar o preço dos combustíveis, a não ser para atender os interesses dos acionistas, principalmente aqueles que ficam lá em nova york.",0,0,0
12766,2021-05-03 14:55:39 utc,ciro gomes,"turma, hoje vou conversar com alexandre frota @77_frota. acompanhe ao vivo a partir das 17h nas redes sociais do deputado, ou às 23h na rede brasil @oficialrbtv.

compartilhe nossa hashtag:
#<u+20e3>cironaredebrasil",0,0,0
22690,2021-03-20 13:11:19,sofia manzano,"é um governo de bandidos. depois de cometer o crime, quer usar os privilégios para não ser julgado.",0,0,0
23945,2022-01-25 12:33:05 utc,vera lucia,"covid pode matar até na terra plana, minha gente.",0,0,0
5630,2022-10-24 01:20:04 utc,lulaoficial,"a periferia brasileira hoje produz uma imensidão de cultura. eu lembro do início da carreira do mano brown. eles nunca tiveram chance no rádio, na televisão, e vendiam pra caramba sem nenhum apoio. na periferia tem produção cultural acontecendo em todos os lugares. #lulanodlshow",0,0,0
29666,2019-05-10 04:22:16 utc,soraya thronicke,"@jorgeed94933669 @pslnosenado projetos podem caminhar concomitantemente, pois há condições pra isso.",0,0,0
17769,2021-03-18 20:48:00 utc,simone tebet,"1. meu último encontro com o major olímpio foi num aeroporto. gostaria que ele perdesse o voo de agora. que ele estivesse chegando, não partindo. ele, e 285 mil brasileiros,  que também se foram, numa despedida sem abraços, nem acenos de mão.",0,0,0
11132,2022-07-06 14:35:32 utc,ciro gomes,"minha pré-candidatura é sim pra valer. não estou nessa porque é fácil, tenho experiência o suficiente pra saber o quão difícil é. mas também tenho muita humildade pra apostar na inteligência da nossa gente. então não tem nada que me tire dessa disputa a não ser o povo brasileiro.",0,1,0
909,2022-05-25 01:30:50 utc,jairbolsonaro,"- para se ter ideia do grau de violência dos bandidos, parte dos alvos da operação foram responsáveis pelo assassinato de 13 agentes de segurança pública somente em 2022. ""especialistas"" omitem essas informações com o intuito de demonizar aqueles que arriscam suas vidas por nós.",1,0,0
4340,2019-01-09 00:22:32 utc,jairbolsonaro,"bolsa bate novo recorde e dólar se aproxima da marca de r$ 3,70; um dos menores em muitos meses. estamos resgatando a confiabilidade do investidor no brasil.",0,0,0
19196,2022-09-04 10:05:01 utc,felipe davila,"o verdadeiro desastre das políticas populistas veio à tona em 2015.

foi a explosão da dívida pública, o crescimento do desemprego, a disparada da inflação, a queda da atividade econômica e dos investimentos ao nível mais baixo da história do país.

não podemos voltar ao passado.",0,0,0
16469,2020-08-19 12:30:12 utc,leonardo pericles,"vejam o saldo do despejo/massacre promovido pelo gov. desumano romeu zema:
entre a quarta(12) e esta segunda (17), o número de contágios pelo novo coronavírus em campo do meio quase dobrou, passando de 14 para 27. boletim epidemiológico da secretaria de saúde de mg. #zemacovarde",0,0,0
19927,2022-01-14 19:22:24 utc,felipe davila,"líder do centrão agora tem a palavra final sobre o orçamento. 

é o problema de terceirizar a economia a um posto ipiranga: no fim do dia, a política real se impõe.

as reformas acontecem quando os líderes têm convicção nas suas ideias. quando não têm, é só discurso pra campanha.",1,0,0
1612,2021-10-19 14:22:41 utc,jairbolsonaro,@ivanduque bienvenido presidente! <u+0001f1e7><u+0001f1f7><u+0001f91d><u+0001f1e8><u+0001f1f4>,0,0,0
21219,2022-09-02 13:08:03,sofia manzano,"nossas propostas devem ser levadas a todos os trabalhadores, à juventude e ao povo pobre das periferias!
é o momento de ganharmos corações e mentes!
#vote21
#sofiamanzano21",0,0,0
19756,2022-03-09 14:29:57,felipe davila,@dgrcosta é triste ver a população russa pagando o preço das ações de um tirano.,0,0,0
19195,2022-09-04 13:44:07 utc,felipe davila,"se a gente quer um brasil melhor, nós precisamos votar diferente. 

repetir o voto é repetir os erros do passado.",0,0,0
2728,2020-05-20 13:50:47 utc,jairbolsonaro,"7- o governo federal destaca a iniciativa + manutenção de respiradores, rede 
voluntária formada pelo senai e por grandes indústrias. saiba onde estão os 
39 pontos que recebem esses equipamentos para conserto no site do portal da 
indústria.",0,0,0
21941,2022-04-03 01:48:27 utc,sofia manzano,@lumndes conheço muito poconé.,0,0,0
8794,2020-09-07 18:49:19,lulaoficial,"por isso quero reafirmar algumas certezas pessoais:

não apoio, não aceito e não subscrevo qualquer solução que não tenha a participação efetiva dos trabalhadores.

não contem comigo para qualquer acordo em que o povo seja mero coadjuvante.",0,1,0
15252,2019-04-24 17:27:53 utc,ciro gomes,"3) conclusão: se não houver mobilização nas ruas e um apelo popular sobre cada deputado da situação, o prejuízo pode ser fatal!
a única categoria que tem conseguido algum respeito do governo é a dos caminhoneiros. por que? porque está lutando!",0,0,0
10481,2022-09-26 13:44:13 utc,ciro gomes,"reduziram o debate a um choque vazio e oportunista entre um suposto bem e um suposto mal, enquanto produzem a campanha mais sem propostas e sem projeto da nossa história recente. #ciromanifestoànação",0,0,0
24208,2021-07-30 21:35:16 utc,vera lucia,@altinopstu #liberdadeparagalo,0,0,0
15124,2019-11-06 14:03:17 utc,ciro gomes,@jacknutri2 <u+2764><u+fe0f><u+2764><u+fe0f>,0,0,0
3499,2019-10-05 18:45:52 utc,jairbolsonaro,dá para entender o motivo do desespero de alguns. seguimos!,0,0,0
1753,2021-07-14 19:04:49 utc,jairbolsonaro,"- que deus nos abençoe e continue ilumando a nossa nação. um forte abraço! 

- brasil acima de tudo; deus acima de todos! <u+0001f1e7><u+0001f1f7>",0,0,0
28767,2019-10-15 13:41:11 utc,soraya thronicke,"@hugo_valente @jairbolsonaro depois de anos e anos votando errado, a população vê uma luz no fim do túnel. assumamos que a culpa disso tudo é nossa. estamos agora correndo atrás do prejuízo.",0,0,0
558,2022-07-27 00:55:09 utc,jairbolsonaro,"- talvez essas pessoas não lembram, mas quando ingressei em nossas gloriosas forças armadas, firmei um compromisso diante da bandeira verde e amarela, jurando defender a nossa pátria amada com o sacrifício de minha própria vida. esse juramento não tem prazo de validade!",0,0,0
23751,2022-04-26 20:48:35,vera lucia,"@thabataganga valeu, companheira!

nossa firmeza mete muito medo, mesmo! 

essa adoração ao lula e aos governos do pt apenas beneficia a lógica que elegeu o bolsonaro.

isso não avança nós debates reais sobre as necessidades do povo pobre no brasil!.",0,0,0
14780,2020-06-09 12:28:57 utc,ciro gomes,@cirocorintiano agradecemos por informar! #equipecirogomes,0,0,0
11473,2022-05-04 09:17:17 utc,ciro gomes,"a serra do curral é pulmão, história e paisagem da linda belo horizonte. junto-me aos que defendem este patrimônio ecológico e cultural e breve estarei em bh, em uma das minhas caravanas, para um ato em defesa deste santuário.",0,0,0
28366,2020-05-13 20:57:09 utc,soraya thronicke,@loq01 @energisa @capitaocontar claro! ainda apago o q meu marido deixa para trás! de vez em quando ele esquece. e vc?,0,0,0
24095,2021-09-11 20:12:03 utc,vera lucia,bora assinar!?,0,0,0
1218,2022-03-22 10:01:23 utc,jairbolsonaro,"@tarcisiogdf <u+0001f1e7><u+0001f1f7>, ministro!",0,0,0
2601,2020-06-17 01:32:08 utc,jairbolsonaro,"- luto para fazer a minha parte, mas não posso assistir calado enquanto direitos são violados e ideias são perseguidas. por isso, tomarei todas as medidas legais possíveis para proteger a constituição e a liberdade do dos brasileiros.

brasil acima de tudo; deus acima de todos!",0,1,0
5461,2022-10-31 00:00:44 utc,lulaoficial,"a partir de 1º de janeiro de 2023 vou governar para 215 milhões de brasileiros, e não apenas para aqueles que votaram em mim. não existem dois brasis. somo um único país, um único povo, uma grande nação.",0,1,0
19265,2022-08-29 01:25:10 utc,felipe davila,"todos eles não acham que esse valor de quase r$ 5 bilhões deveriam ser usados para entregar à população mais saúde, segurança, e educação. 

novo só existe um. (2/2) #felipenaband",0,0,0
7946,2021-09-17 11:27:37,lulaoficial,"o governo perdeu o controle da inflação, já tá perto dos dois dígitos. e é o povo que paga a conta. a oposição tem que ir pra rua exigir a saída do bolsonaro. temos que fazer pressão. se nada resolver, o povo vai resolver em outubro de 2022.",0,1,0
13706,2020-10-21 14:57:32 utc,ciro gomes,@brenosalesdiniz @pdt_nacional @jspdtrn @nacprogressista @todoscomciro <u+270a><u+0001f339><u+0001f1e7><u+0001f1f7>,0,0,0
20830,2022-10-12 02:30:20 utc,sofia manzano,"@nefe_w é difícil indicar por aqui o que você quer. 
para entender de política, comece entendendo como você e o resto da humanidade vive. 
tudo o que precisa pra viver, desde sua casa até sua comida e quem controla isso. 
depois, os livros ajudarão. 
se quiser, continuamos a conversa",0,0,0
497,2022-08-08 09:35:36 utc,jairbolsonaro,"- também, a ampliação do teto do financiamento para o curso de medicina foi aumentado em mais de 20%, em 2022, sendo mais uma novidade aos estudantes da área de saúde.
 
- implemento de 22,8% passando do atual valor, r$ 42.983,70, para r$ 52.805,66.",0,0,0
21224,2022-09-01 16:42:41 utc,sofia manzano,"<u+0001f333>defesa dos recursos naturais da biodiversidade da amazônia, pantanal, mata atlântica, cerrado, caatinga e pampa(+)",0,0,0
9170,2020-04-02 11:30:50 utc,lulaoficial,"é preciso que a gente tenha muita solidariedade com os profissionais da saúde que colocam a própria vida em risco, inclusive atendendo o pessoal que não está levando o coronavírus a sério e fica defendendo a saída da quarentena.",0,0,0
11735,2022-02-28 20:57:19 utc,ciro gomes,"para nós brasileiros, rebelar-nos contra a imposição dessas hegemonias não é compromisso abstrato: é imperativo de vida e de dignidade. é defender o  espaço de nossa grandeza futura.",0,1,0
1826,2021-05-28 15:39:02 utc,jairbolsonaro,"- o brasil deve receber nos primeiros dias de junho mais 2,3 milhões de doses das vacinas da pfizer/biontech. com isso, vamos ultrapassar 5,2 milhões de imunizantes da fabricante. @secomvc",0,0,0
17978,2019-08-14 17:32:13 utc,simone tebet,"@antoniotabet é que, como bom brimo, o tal tebet percebeu que, na troca de uma única letrinha, continuaria o parente, mas garantiria, de volta, o palíndromo.",0,0,0
2787,2020-05-09 00:08:16 utc,jairbolsonaro,"b- o repasse da quarta parcela do programa nacional de apoio ao transporte escolar (pnate), no valor de r$ 67,9 milhões, foi antecipado a estados e municípios que possuem estudantes da educação básica residentes em áreas rurais; @mec_comunicacao",0,0,0
4227,2019-02-14 10:39:24 utc,jairbolsonaro,"3- esta falta de sensibilidade e os milhões que ficariam sem atendimento. o ministério da saúde, porém, agiu rapidamente e as vagas deixadas foram preenchidas - as últimas nesta quarta (13) por brasileiros formados no exterior.",0,0,0
3742,2019-07-03 03:14:00 utc,jairbolsonaro,@joinhasempre <u+0001f44d>,0,0,0
12032,2021-12-15 17:53:37 utc,ciro gomes,"obrigado meus irmãos camilo (@camilosantanace), randolfe (@randolfeap), glenn (@ggreenwald) e orlando silva (@orlandosilva). a luta em favor do estado de direito tem que unir a todos os democratas.",0,0,0
22157,2022-02-16 03:35:31,sofia manzano,"e mais, a reportagem culpa a própria construção das moradias pelo encharcamento do solo. não tratam da especulação imobiliária, da ocupação do solo urbano pelo capital. no final, parece ser apenas uma questão de escolha. e exploração jornalística da miséria.",0,0,0
18975,2022-11-26 17:28:13 utc,felipe davila,"haddad, nome cada vez mais cotado para o ministério da fazenda, disse que a reforma tributária terá prioridade total em 2023.

ninguém discorda que o brasil precisa de uma mudança urgente. mas como será feito? por isso, aqui vai alguns conselhos para o novo governo. <u+0001f9f6>",0,0,0
1015,2022-05-05 23:58:35 utc,jairbolsonaro,@dnitoficial @exercitooficial <u+0001f1e7><u+0001f1f7>,0,0,0
22036,2022-03-20 02:01:11 utc,sofia manzano,"vamos seguir nossos camaradas. 
curtir, comentar e compartilhar. 
aqui é #pcb",0,0,0
7172,2022-05-24 12:41:11 utc,lulaoficial,"não vou misturar religião com política. cada um segue a fé que quiser. o governante não tem que se meter nisso, nem ficar usando padre ou pastor. o governante tem que deixar as pessoas cuidarem da sua fé com paz e respeito, sem usar o nome de deus em vão.",0,0,0
14016,2020-09-02 21:44:11 utc,ciro gomes,@gisellicorreia <u+270a><u+0001f339><u+2764><u+fe0f> #cironometeorobr,0,0,0
17548,2021-10-07 15:55:14 utc,simone tebet,"@marialu99655081 boa tarde. como a bancada feminina não tem assento na cpi, as senadoras fazem um rodízio entre elas para participar das reuniões.",0,0,0
16658,2022-12-31 21:44:05 utc,simone tebet,"bento xvi, o papa estudioso da teologia hoje voou para o infinito de deus. ele fez da renúncia papal, uma reflexão sobre a pequenez das criaturas diante da grandeza do criador. que este seu último silêncio nos inspire ainda mais.",0,0,0
24968,2020-04-09 19:44:40 utc,vera lucia,"doria, baldy (secretário dos transportes), silvani (presidente do metrô) irresponsáveis! com aval do tst, vão convocar idosos do grupo de risco, que estavam em quarentena, para voltar a trabalhar no metrô.  essa é a verdadeira face do #bolsodoria #planoemergencialnotransportejá",1,0,0
21939,2022-04-03 01:51:16 utc,sofia manzano,@sf_moro @simonetebetbr não tenho dó.,0,0,0
2698,2020-05-30 21:06:08 utc,jairbolsonaro,"13. na capa da folha de s. paulo e do o globo o fato do ministro da educação, abraham weintraub, ter ficado calado no depoimento à polícia federal, no prédio do mec, sobre suas declarações contra os ministros do stf na reunião ministerial do dia 22 de abril.",0,0,0
23506,2022-09-05 22:21:19 utc,vera lucia,"@sabrinaprendiz menina, nem me fale <u+0001f643>",0,0,0
5728,2022-10-20 23:17:17 utc,lulaoficial,"quando nós descobrimos o pré-sal, fizemos a lei da partilha pra que 75% dos royalties fossem destinado à educação, saúde, ciência e tecnologia. e quando veio a pandemia, graças a deus a gente teve um sus que salvou muita gente.",0,0,0
16081,2022-09-23 22:38:11 utc,leonardo pericles,chega de racismo! somos a maioria da sociedade brasileira. somos o país mais negro fora do continente africano. mesmo assim não há um candidato negro nos debates entre os presidenciáveis. #leonosdebates,0,0,0
1018,2022-05-05 18:43:29 utc,jairbolsonaro,"2- inauguração da unidade básica de saúde (ubs) dr. severino elias de paiva araújo, em gurinhém (pb). @mdregional_br @minsaude @govbrazil @danielodferr @secomvc",0,0,0
13271,2020-12-31 17:43:00 utc,ciro gomes,"tenho muito orgulho por ter contribuído para o reconhecimento desta nova liderança que se consolida em nosso ceará! parabéns, roberto cláudio!",0,0,0
2924,2020-03-30 23:45:08 utc,jairbolsonaro,@onyxlorenzoni <u+0001f1e7><u+0001f1f7>,0,0,0
12213,2021-10-27 01:41:25 utc,ciro gomes,lamento muito o falecimento do grande autor gilberto braga. criou personagens e novelas inesquecíveis e ajudou no debate brasileiro com temas sensíveis ao nosso povo. meus sentimentos à família e amigos.,0,0,0
29256,2019-07-19 02:04:17 utc,soraya thronicke,sancionada a lei que inclui dados de pessoas autistas no censo do ibge. <u+0001f44f><u+0001f3fc><u+0001f44f><u+0001f3fc><u+0001f44f><u+0001f3fc> <u+0001f44f><u+0001f3fc>,0,0,0
379,2022-09-02 21:38:38 utc,jairbolsonaro,"- por isso tivemos a ministra tereza cristina na agricultura, por isso temos a presidente daniella na caixa, a ministra cristiane no mmfdh e tantas outras mulheres trabalhando pelo brasil. não porque são mulheres, mas porque se esforçaram e trabalharam duro pra chegar onde estão.",0,0,0
14636,2020-07-02 15:46:22 utc,ciro gomes,"apesar de todos esses acontecimentos horrorosos, tem muita gente conectada na vida real do nosso povo e tem muita gente com ideias, pensando em como resolver essas equações todas. #ciromarthadinobrizola",0,0,0
14599,2020-07-10 22:22:27 utc,ciro gomes,"""ao mesmo tempo que estamos discutindo pautas nacionais, também estamos lá na ponta preservando vidas, lutando para ajudar os maranhenses e os brasileiros."" @wevertonrocha #ciroeweverton",0,0,0
2534,2020-07-08 16:34:50 utc,jairbolsonaro,@matteosalvinimi grazie! <u+0001f44d><u+0001f3fb>,0,0,0
28232,2021-01-15 23:53:42 utc,soraya thronicke,"@salimmattarbr exatamente, mattar! está sobrando recurso para quem administra bem, eu tenho acompanhado. foi ineficiência local. no entanto, isso pode acontecer em outros lugares. alerta máximo!",0,0,0
29334,2019-07-07 22:50:05 utc,soraya thronicke,"daí aquele jornalista que recebia mesada do político porcaria para publicar fake de gente séria foi condenado em grana $ alta por danos morais, e pior... perdeu o emprego pq o veículo foi condenado tb. e o político sumiu, disse que não tem nada a ver com a história... tá com dó?",0,0,0
21019,2022-09-23 02:08:02,sofia manzano,"o principal problema que o brasil enfrenta hoje é a desorganização, o apassivamento e a cooptação da classe trabalhadora.
#sofianorevolushow",0,0,0
23928,2022-01-31 14:17:31 utc,vera lucia,"8) a partir desse ano, tornou-se cada vez mais difícil para a família encontrar bancos e países dispostos a arcar com o esquema. o poder de seu pai, porém, foi capaz de concentrar as finanças em outros países africanos, e realizar lavagens em angola através de obras públicas. <u+0001f9f5>",0,0,0
19826,2022-02-22 13:56:46 utc,felipe davila,"liberdade de imprensa é um assunto extremamente importante para o país.

hoje, o <u+0001f1e7><u+0001f1f7> está na zona de rebaixamento nesse quesito.

perseguições contra veículos e/ou jornalistas são injustificáveis.

um jornalismo livre é uma das bases de qualquer democracia liberal.",0,0,0
16099,2022-09-19 02:11:50 utc,leonardo pericles,"@rodrigo_zulian @gabimrch só apertar 80 dia 2 de outubro e ser feliz sabendo que votou na primeira e única chapa antirracista, anticapitalista e antifascista <u+270a><u+0001f3ff>",0,0,0
23835,2022-03-13 19:26:43 utc,vera lucia,"@urbaninchains @zemaskwak donbass e a criméia foram ""russificadas"" durante o stalinismo, com os povos originários expulsos.

o impasse que se coloca é qual direito a rússia tem de exigir um território que há realizou limpeza étnica. podem ajudar e levar seu povo de volta. mas trata-lo como seu, jamais.",0,0,0
21570,2022-07-15 23:38:38 utc,sofia manzano,"eu defendo a legalização do aborto.
precisamos avançar nessa luta e acabar com a inferência política sobre nossos corpos. 
#abortolegal",0,0,0
19619,2022-04-06 18:19:10 utc,felipe davila,"imagina só ter a opção de não fazer o seu trabalho.

imaginou? pois bem:

senadores simplesmente resolveram não registrar presença na votação da reforma tributária na ccj.

se fosse votação para aprovar mais um privilégio, a história com certeza seria outra.",1,0,0
3449,2019-10-16 11:27:36 utc,jairbolsonaro,"- o estatuto do desarmamento ainda está em vigor. somente outra lei poderá alterá-lo.
- por decreto não se pode conceder o que só é permitido por lei.
- o congresso cada vez mais vai se convencendo do direito à legítima defesa.",0,0,0
26788,2022-12-18 18:18:45 utc,soraya thronicke,@pr3sepada respondido!!!,0,0,0
27471,2022-09-06 01:45:29 utc,soraya thronicke,"floresta em pé, proteção aos nativos e fiscalização ferrenha contra a ilegalidade e a insegurança. o dia da amazônia não é só hoje. são todos aqueles em que há a valorização de sua biodiversidade, com foco na produção sustentável.",0,0,0
27621,2022-08-29 14:28:35 utc,soraya thronicke,"a reforma tributária é a mãe de todas as reformas. por isso, daremos prioridade a ela já no início do nosso governo e vamos implantar 1 imposto só. #soraya44 #sorayapresidente #fiespcast #votesoraya44",0,0,0
1363,2022-02-10 14:53:32 utc,jairbolsonaro,"@onyxlorenzoni <u+0001f1e7><u+0001f1f7>, ministro!",0,0,0
966,2022-05-14 16:38:20 utc,jairbolsonaro,"- no ultimo dia 11, a @prfbrasil gerou novo prejuízo milionário para o crime organizado!

. em alto garças/mt: 400 kg de cocaína;

. já em caucaia/ce: mais 249 kg de cocaína;

. total: 649 kg em mais um dia, resultando num prejuízo ao crime organizado de cerca de r$ 77 milhões.",0,0,0
4119,2019-03-18 09:08:20 utc,jairbolsonaro,@sannordic @astro_pontes bom dia! <u+0001f91d>,0,0,0
12717,2021-05-15 14:04:52 utc,ciro gomes,nós temos que capacitar os filhos e filhas do povo trabalhador para a economia do conhecimento e o mundo digital. #ciroegabrielaprioli,0,0,0
397,2022-08-31 02:31:56 utc,jairbolsonaro,"- 7 de setembro será lindo!
- é o dia de todos os brasileiros!
- é o dia de relembrar nossa independência e renovar nossa luta pela liberdade!",0,0,0
2543,2020-07-04 20:31:30 utc,jairbolsonaro,- também cumprimento meu amigo @realdonaldtrump pelo belíssimo e corajoso discurso do dia de ontem. palavras de um grande estadista. que o legado e os valores dos fundadores dessa grande nação permaneçam sólidos e jamais sejam apagados por radiciais.,0,0,0
24034,2021-10-12 16:20:54 utc,vera lucia,"o wagner arrasou nesse texto! 

#negrosenegras #ativismonegro #encarceiramentoemmassa",0,0,0
23887,2022-02-16 22:32:21 utc,vera lucia,"bolsonaro declarou hoje, na rússia, que vai liberar o fgts para as vítimas das chuvas e no rj.

os trabalhadores não têm que pagar pelo descaso dos governos em infraestrutura. 

isso é muito pouco, um deboche, e pune os trabalhadores vítimas da enchente duas vezes!
#sospetropolis",1,0,0
