index_banco,datetime,username,text,ae,pc,pop
14045,2020-09-02 20:43:10 utc,ciro gomes,"obrigado por esse gif tão bom, @gangdaflorzinha! <u+2764><u+fe0f><u+2604><u+fe0f>",0,0,0
12127,2021-11-23 23:43:04 utc,ciro gomes,"""o brasil nunca deixou de ser um lugar vivo culturalmente, mas o negócio que é feito com a cultura não é um negócio que vende o verdadeiro brasil, vende um brasil americanizado."" pedro cardoso na #cirogames",0,0,0
19733,2022-03-11 17:56:33 utc,felipe davila,"o brasileiro sofreu muito com a inflação nos anos 80 e 90.

apenas com o plano real - e as inúmeras reformas que o acompanharam - que o nosso dinheiro passou a ter valor novamente.

não tem outro jeito para sair da crise: precisamos encarar nossas reformas atrasadas.",0,0,0
27987,2021-10-13 02:45:05 utc,soraya thronicke,"@heliotelho @deltanmd eu votei não!

fui eleita defendendo a bandeira anticorrupção, e estou indignada com a dormência social. que pesadelo é esse q estamos vivendo?",0,0,0
13528,2020-11-07 01:29:03 utc,ciro gomes,obrigado por tudo! amo você<u+2764><u+fe0f>,0,0,0
21934,2022-04-05 22:30:10 utc,sofia manzano,muito bom esse reage do @cordilheiracult,0,0,0
11532,2022-04-26 13:56:44 utc,ciro gomes,"a maioria não cometeu nenhuma violência, é avião do tráfico, vendendo pequenas quantidades e que a polícia prende para fazer de conta que está enfrentando o narcotráfico, que não mora na periferia. o grande narcotraficante mora no estrangeiro ou nos bairros de luxo do brasil.",0,0,0
29503,2019-06-07 18:10:00 utc,soraya thronicke,@penarezende vamos juntos! vamos todos juntos ajudar o nosso brasil! obrigada!,0,0,0
11372,2022-05-25 18:00:22 utc,ciro gomes,"estão acabando com nosso aparato industrial na perigosa ilusão de que vamos pagar o nosso consumo moderno, de microeletrônica, de sofisticação de informática etc., com milho, soja, minério de ferro bruto e petróleo sem processamento. chega. 

avante a indústria brasileira!",0,0,0
23506,2022-09-05 22:21:19 utc,vera lucia,"@sabrinaprendiz menina, nem me fale <u+0001f643>",0,0,0
2724,2020-05-20 15:19:13 utc,jairbolsonaro,- mais informações diárias:,0,0,0
11527,2022-04-26 14:14:29 utc,ciro gomes,"isso vira um lucro exorbitante e pasmem, não pagam imposto sobre os lucros e dividendos!",0,0,0
1018,2022-05-05 18:43:29 utc,jairbolsonaro,"2- inauguração da unidade básica de saúde (ubs) dr. severino elias de paiva araújo, em gurinhém (pb). @mdregional_br @minsaude @govbrazil @danielodferr @secomvc",0,0,0
22157,2022-02-16 03:35:31,sofia manzano,"e mais, a reportagem culpa a própria construção das moradias pelo encharcamento do solo. não tratam da especulação imobiliária, da ocupação do solo urbano pelo capital. no final, parece ser apenas uma questão de escolha. e exploração jornalística da miséria.",0,0,0
12938,2021-03-19 22:57:24 utc,ciro gomes,"que diferença a política faz! hoje os eua comemoram 100 milhões de pessoas vacinadas contra covid em apenas 58 dias do governo de joe biden. os americanos estão aplicando mais de 2 milhões de doses por dia. já no brasil, não tem organização, não tem planejamento nem vacina...",0,0,0
812,2022-06-07 09:46:05 utc,jairbolsonaro,".66,3% de todo o território brasileiro são conservados.

.muitos países criticam o brasil mas não conservam nem 5% de seu território.

.nós conservamos 66,3%. e mais da metade disso é merito do agronegócio!

.33,2% do solo brasileiro são conservados por produtores rurais.",0,0,0
21760,2022-06-03 15:35:58 utc,sofia manzano,"jornada de 30 horas semanais, sem redução salarial, gera milhões de empregos, renda e bem-estar para a classe trabalhadora. 
esta é a pauta da nossa luta. 
#jornada30horas",0,0,0
7772,2021-12-02 23:08:02 utc,lulaoficial,"bota um metalúrgico lá pra ver se não resolve!

- lula no podpah",0,0,0
27438,2022-09-09 16:16:26 utc,soraya thronicke,"tiveram cortes no orçamento da segurança pública.
temos que tirar a política da polícia federal.
#votesoraya44 #sorayapresidente #soraya44 #vote44 #uniãobrasil #grupoliberal",0,0,0
27252,2022-10-14 01:19:38 utc,soraya thronicke,@jettkwlski @majorolimpio torcendo por @eduardoleite_ ! <u+0001f64f><u+0001f3fc><u+0001f64f><u+0001f3fc><u+0001f64f><u+0001f3fc>,0,0,0
29912,2019-03-27 03:04:59 utc,soraya thronicke,@fabianossantana @davialcolumbre não queria saber do que o stf é capaz.,0,0,0
30238,2022-09-25 13:44:52 utc,padre kelmon,"pessoal, estão criando vários perfis fakes da minha pessoa. esse aqui é o oficial da campanha. por favor compartilhem esse e denunciem os outros. vamos juntos pelo brasil!<u+0001f1e7><u+0001f1f7>",0,0,0
21019,2022-09-23 02:08:02,sofia manzano,"o principal problema que o brasil enfrenta hoje é a desorganização, o apassivamento e a cooptação da classe trabalhadora.
#sofianorevolushow",0,0,0
27842,2022-04-06 22:39:42 utc,soraya thronicke,"@uniaosenado44 @senadofederal @uniaobrasil44 @jaymecampos251 seja bem-vindo, senador!",0,0,0
6032,2022-10-03 01:10:20 utc,lulaoficial,"ontem falei que toda a eleição eu quero ganhar no 1° turno, mas nem sempre é possível. mas a crença que nada acontece por acaso me motiva. todas as pesquisas nos colocavam em 1° lugar, e sempre achei que nós iríamos ganhar. e nós vamos. isso é só uma prorrogação.",0,0,0
12667,2021-05-28 13:00:18 utc,ciro gomes,"é este tipo de pensamento derrotista que está fazendo bolsonaro, entre outras coisas, se apropriar de símbolos pátrios - como nossa bandeira, nossas cores nacionais - e muitos aceitarem passivamente este sequestro. (...)",0,0,0
20793,2022-10-16 23:33:29 utc,sofia manzano,bolsonaro acabou com os recursos públicos para construção de cisternas no nordeste.,0,0,0
5239,2022-12-19 18:20:37 utc,lulaoficial,animados? quem aqui vai participar da posse em brasília?,0,0,0
6162,2022-09-27 00:20:06 utc,lulaoficial,"a cultura será tratada como um bem de primeira necessidade, porque ela alimenta nossas almas. nós precisamos de música, cinema, teatro, dança, artes plásticas. nós precisamos de mais livros em vez de armas. #brasildaesperança",0,0,0
11789,2022-02-10 12:00:59 utc,ciro gomes,"de setembro pra cá, trouxemos convidados especiais, promovemos um debate plural e criamos novos quadros  como o #reactdocirão, que já é um sucesso! e vem muita coisa boa por aí, não percam  toda terça, 19h30, tem #cirogames aqui nas redes!",0,0,0
24884,2020-09-15 18:43:52 utc,vera lucia,"@arthurmoledoval do mbl -  do alto do seu cargo público  ofende o padre julio lancelloti e destrata os mais pobres. o @pejulio é  reconhecido pela defesa da população de rua. já o ""nobre edil"" tenta se projetar fazendo o oposto. covardia. todo apoio ao padre julio!",0,0,0
16002,2022-10-16 18:41:46,leonardo pericles,"por isso, as mulheres e todo o povo solidário a luta das mulheres, vão às ruas dia 22 para gritar fora ao machista, genocida, fascista e pedófilo bolsonaro!",0,0,0
16221,2022-04-30 15:25:07 utc,leonardo pericles,"quem vai usar aí, a capa da nossa pré-campanha?",0,0,0
20928,2022-09-28 17:23:28 utc,sofia manzano,#vote21,0,0,0
12651,2021-06-03 14:47:36 utc,ciro gomes,feliz aniversário ao querido amigo e grande governador @camilosantanace! todos os dias reforça seu exemplo de trabalho sério e compromisso com nosso povo. siga firme em sua luta para salvar vidas. eu e os cearenses estamos com você!,0,0,0
11456,2022-05-06 17:12:48 utc,ciro gomes,"lamento muito o falecimento do ex-deputado estadual e presidente da assembleia legislativa do ceará, júlio rêgo. homem público exemplar e médico dedicado, deu a vida inteira à causa do povo de tauá, dos inhamuns e do ceará. perdi um amigo muito querido.",0,0,0
28133,2021-03-31 14:41:51 utc,soraya thronicke,"@rivertonnantes @senadofederal @marcal_oficial @kelianafernand7 análise objetiva dos postos de trabalho, não em carreiras de caráter subjetivo.",0,0,0
27778,2022-07-21 03:52:54 utc,soraya thronicke,"pousando em mato grosso do sul como eu amo tudo isso!
sinto um orgulho imenso por ser filha desta terra!
meu coração fica pleno de alegria! #matogrossodosul 
#pantanal",0,0,0
27447,2022-09-09 15:59:29 utc,soraya thronicke,"os investimentos em tecnologia tem sido cortados, ano após ano. pra onde vai esse dinheiro?
#votesoraya44 #sorayapresidente #soraya44 #vote44 #uniãobrasil #grupoliberal",0,0,0
23835,2022-03-13 19:26:43 utc,vera lucia,"@urbaninchains @zemaskwak donbass e a criméia foram ""russificadas"" durante o stalinismo, com os povos originários expulsos.

o impasse que se coloca é qual direito a rússia tem de exigir um território que há realizou limpeza étnica. podem ajudar e levar seu povo de volta. mas trata-lo como seu, jamais.",0,0,0
721,2022-06-24 04:06:10 utc,jairbolsonaro,"- se existe a chance de preservar duas vidas inocentes, por que não defendê-las? a felicidade de uma depende da morte da outra. por que quem defende as duas vidas é pior do que quem defende apenas uma? estranha essa dificuldade para quem defende facilmente a vida de bandidos.",0,0,0
2789,2020-05-08 23:25:14 utc,jairbolsonaro,"@astro_pontes @tvbrasil @govbr @secomvc <u+0001f44d><u+0001f3fb><u+0001f1e7><u+0001f1f7>, ministro!",0,0,0
28100,2021-06-13 02:13:11 utc,soraya thronicke,"@juridic06903054 vcs, infiltrados, estão com os dias contados. não enganam mais ninguém!",0,0,0
954,2022-05-17 08:47:52 utc,jairbolsonaro,". brasil designado pelos eua como aliado extra-otan;

. acordo de cooperação com os eua para promoção de fluxos bilaterais de comércio e investimento; @mapa_brasil @minfraestrutura",0,0,0
9460,2019-09-04 23:24:04 utc,lulaoficial,"ontem a #vazajato mostrou onde os moleques concursados de curitiba queriam chegar. os devaneios megalomaníacos do dallagnol no espelho revelam um rapaz que nutria o sonho de trocar a justiça pela política. mas, com medo de disputar, seguiu fazendo política com a lava jato.",0,0,0
7694,2022-01-17 12:31:57 utc,lulaoficial,<u+0001f991> ou <u+0001f6a9>? deixe o seu emoji preferido nos comentários e boa semana! #equipelula,0,0,0
12723,2021-05-14 21:39:48 utc,ciro gomes,"@gilnogueiraofc força, gil! saiba que o carinho e a admiração do povo brasileiro por você são maiores que todo ódio e obscurantismo. não se deixe abater nem fique calado. conte com minha solidariedade e meu apoio!",0,0,0
21445,2022-08-03 22:02:22 utc,sofia manzano,"banco central independente escancara seu papel de banco do mercado financeiro. 
elevar a taxa de juros não é medida de combate à inflação, serve para intensificar a transferência de recursos públicos para o mercado financeiro via dívida pública. 
além de ser recessiva.",0,0,0
2611,2020-06-14 14:28:10 utc,jairbolsonaro,"e- 25mil vagas na @capes_oficial para cursos virtuais e gratuitos, principalmente os da área de exatas.

f- implantação de aplicativo de gestão hospitalar nos hospitais universitários. organização para eficiência.  @mec_comunicacao @abrahamweint",0,0,0
2512,2020-07-24 02:52:59 utc,jairbolsonaro,"2- dia do policial rodoviário federal: cerca de r$110 milhões de apreensão de cocaína em um dia, operações antidrogas resultam cerca de 3x mais efetividade que em 2019 e concurso para agentes de segurança pública federal.

. @minfraestrutura @mapa_brasil @prfbrasil",0,0,0
13880,2020-09-16 23:04:17 utc,ciro gomes,"@fernandomendorj @ciraocarioca vamos assistir, turma boa!",0,0,0
11030,2022-07-26 23:57:03,ciro gomes,"e a luta contra o fascismo é uma luta que se dá na cabeça das pessoas. como é que nós vamos enfrentar o fascismo omitindo das pessoas um debate, esclarecendo as causas da tragédia social e econômica no brasil, indicando as soluções e estabelecendo a cumplicidade entre nosso povo?",0,0,0
27814,2022-06-09 12:31:17 utc,soraya thronicke,sobre empatia,0,0,0
14493,2020-07-16 14:16:25 utc,ciro gomes,@julianabrizola <u+0001f44f><u+0001f44f><u+0001f44f><u+2764><u+fe0f>,0,0,0
5377,2022-11-16 16:10:00 utc,lulaoficial,"nós precisamos de uma governança global, sobretudo na questão climática. precisamos de um fórum multilateral para que as decisões sejam cumpridas nos países. é por isso que estou aqui. #cop27",0,0,0
12611,2021-06-19 19:32:45 utc,ciro gomes,"@felipelanhi meus sinceros sentimentos a você e sua família, @felipelanhi. o atraso das vacinas por esse governo genocida fez mais uma vítima. essa dor nunca será apagada da nossa história.",0,0,0
16136,2022-09-02 05:06:22,leonardo pericles,"toda solidariedade a cristina kirchner, vice-presidenta da argentina q sofreu uma tentativa de assassinato essa noite. p/ deter essa escalada fascista, q não respeita leis e democracia, temos q seguir a reação do povo argentino. dia 07/09 temos que ocupar as ruas em todo brasil!",0,0,0
17898,2020-04-20 13:11:10 utc,simone tebet,"@luiz_antonio_bf assessoria: é mentira que a senadora teria apoiado boicote à mp do contrato verde amarelo. a notícia de o antagonista foi desvirtuada. na nota, a senadora havia dito esperar que as questões sejam resolvidas para votar e aprovar a mp"".",0,0,0
29213,2019-07-22 02:24:58 utc,soraya thronicke,"@danielpmerj parabéns, meu amigo! <u+0001f44f><u+0001f3fc><u+0001f44f><u+0001f3fc><u+0001f44f><u+0001f3fc>",0,0,0
4293,2019-01-24 16:28:19 utc,jairbolsonaro,e ainda dizem que o foro nunca existiu....,0,0,0
24755,2020-10-06 19:28:30,vera lucia,"hoje vai ser pautado o pl529! doria quer destruir serviços públicos que atendem os trabalhadores e o povo pobre enquanto mantém 17,3 bi em isenções fiscais para as grandes empresas. isenção que cresceu mais de 800% nos últimos 20 anos!
chega de sp pros bilionários! #pl529nao",0,0,0
7720,2021-12-29 13:39:12 utc,lulaoficial,"meus sentimentos aos familiares, amigos e companheiros de josé maria rabelo, fundador do pdt e do jornal binômio. sempre lutou pela democracia e pelo melhor para o brasil e seu povo, nunca desistindo do nosso país, nem nos momentos mais difíceis.",0,0,0
7252,2022-05-07 15:31:30 utc,lulaoficial,"se os trabalhadores não têm dinheiro para comprar, os empresários não tem para quem vender. isso leva ao que assistimos hoje: o fechamento de fábricas em são paulo, na bahia, na zona franca de manaus e outras regiões, e multinacionais deixando o brasil. #vamosjuntospelobrasil",0,0,0
17806,2021-01-21 19:53:43 utc,simone tebet,"a condução do senado precisa de independência e amplo diálogo pelo bem do país. obrigada pelo apoio, @sen_alessandro! <u+0001f64c><u+0001f64c>",0,0,0
27284,2022-10-14 00:57:40 utc,soraya thronicke,@dopazoday @majorolimpio meu apelido de criança! <u+0001f60d>,0,0,0
16715,2022-11-23 17:50:37 utc,simone tebet,@editstebet @wildtebet <u+0001f60d>,0,0,0
1573,2021-11-05 22:26:15 utc,jairbolsonaro,"- neste momento de profunda dor e tristeza peço a deus que console o coração de seus fãs e, em especial, de seus amigos e familiares, bem como das demais vítimas do acidente. que a dor da saudade dê lugar à certeza de que a morte não é o fim. e que deus conforte a todos.",0,0,0
5210,2022-12-27 21:23:00 utc,lulaoficial,será lindo!,0,0,0
24230,2021-07-20 22:34:50 utc,vera lucia,@muriloanderson @pstu é isso... mais um absurdo. dia 24 é dia de fortalecer a luta contra o governo genocida!,0,0,0
13913,2020-09-12 13:15:08 utc,ciro gomes,@marceloadnet <u+0001f44f><u+0001f44f><u+0001f44f><u+0001f44f>,0,0,0
11621,2022-04-04 17:02:53 utc,ciro gomes,"pra quem ainda não sabe, isso é algo bem simples e que já fazemos com êxito aqui no ceará. por isso vou deixar alguns cortes sobre o assunto aqui embaixo  pra vocês entenderem melhor como funciona.",0,0,0
3449,2019-10-16 11:27:36 utc,jairbolsonaro,"- o estatuto do desarmamento ainda está em vigor. somente outra lei poderá alterá-lo.
- por decreto não se pode conceder o que só é permitido por lei.
- o congresso cada vez mais vai se convencendo do direito à legítima defesa.",0,0,0
8566,2021-02-11 00:32:43 utc,lulaoficial,"4 - somente com muita luta vamos recuperar aquilo que os brasileiros já tinham conquistado. ou o povo reage, ou vai ser vítima de coisa pior. e quando eu tomar a vacina, vocês podem ter certeza que vamos nos reencontrar por esse país.",0,0,0
4254,2019-02-05 00:23:55 utc,jairbolsonaro,boa noite a todos! vamos lá! <u+0001f44d><u+0001f3fb><u+0001f449><u+0001f3fb><u+0001f449><u+0001f3fb>,0,0,0
28409,2020-04-27 11:45:10 utc,soraya thronicke,"@jaspionopressor o pres. não vendeu ministérios.mas dividiu a gestão do executivo c/ partidos sim.ok, ñ vejo problema, faz parte.fato:só o dem teve 4 ministérios c todos os cargos, hoje tem dois.mdb tem espaço tb,diminuiu mas tem!líder do gov, líder do senado, o ministério q era de osmar terra.",0,0,0
16245,2022-03-20 23:47:50 utc,leonardo pericles,@fruitmoonbat @sofiamanzanopcb obrigado pela homenagem e divulgação! <u+0001f44a><u+0001f3ff>,0,0,0
12478,2021-08-21 00:22:20 utc,ciro gomes,"o brasil está comprando do estrangeiro gasolina, querosene de aviação, gás de cozinha e óleo diesel dos caminhoneiros. tudo em dólar! #cironointeligencialtda",0,0,0
10442,2022-09-30 01:57:13,ciro gomes,"ficar falseando um período do tempo e não prestar contas do que realmente aconteceu gerou a tragédia do bolsonaro. se fosse verdade essa montanha de coisas boas que lula fica anunciando, por que bolsonaro foi eleito depois dos governos do pt? #debatenaglobo",0,0,0
20172,2021-07-02 19:06:41 utc,felipe davila,"as reações virulentas de alguns bolsonaristas e lulistas ao anúncio de eduardo leite reforçam a importância de consolidar alternativas políticas de centro, mais dispostas a dialogar e a construir um país inclusivo. a polarização só interessa a quem quer destruir a democracia.",0,0,0
1507,2021-12-11 08:58:59 utc,jairbolsonaro,"- com seus contratos assinados, nossos produtores conseguem formalização de suas atividades, acesso a financiamentos e segurança jurídica para produzirem cada vez mais pescados. emprego e desenvolvimento. @govbr",0,0,0
19558,2022-06-13 20:18:20 utc,felipe davila,"participei do ciclo de debates com os pré-candidatos à presidência da república, promovido pela @acsp_oficial. oportunidade para conversar com empresários e falar dos projetos do novo na construção do brasil para o futuro. #novo #partidonovo #felipedavila #unicavia",0,0,0
11978,2022-01-03 12:00:17,ciro gomes,"é simplesmente impossível produzir novos resultados fazendo as mesmas coisas de sempre! é preciso que governo, trabalhadores, empresários, cientistas e pensadores se unam em torno de um novo projeto nacional de desenvolvimento para tirar o país do atoleiro.",0,0,0
5413,2022-11-10 15:03:16 utc,lulaoficial,"a copa do mundo começa daqui a pouco e a gente não tem que ter vergonha de vestir a camiseta verde e amarela. a camiseta não é de partido político, é do povo brasileiro. vocês vão me ver usando a camiseta amarela, só que a minha terá o número 13.",0,0,0
17741,2021-06-03 20:50:40 utc,simone tebet,"armas partidarizadas ou política armada são incompatíveis c/ democracia, eleições livres e periódicas. não punir pazuello abre precedente à insubordinação.necessário comunicado das ffaa à nação de que defendem a hierarquia, a disciplina, o respeito ao regulamento e à constituição",0,0,0
22213,2022-02-04 00:05:52 utc,sofia manzano,"@dimitravulcana @caue_ce estamos organizando. assim que tivermos a programação, envio para você. e divulgaremos por aqui também.",0,0,0
6437,2022-09-02 21:05:14 utc,lulaoficial,"acho que bolsonaro está um pouco perdido. ele mesmo não nega que não sabe governar, que não entende de política, nem de economia.",0,0,0
23914,2022-02-07 16:25:43 utc,vera lucia,parabéns  @cspconlutas por promover a live,0,0,0
6882,2022-07-09 16:24:58 utc,lulaoficial,"dona lindu, quando ia pro fogão e não tinha o que cozinhar para 8 filhos, falava: amanhã vai ter. e é com esse espírito que temos que acordar todo o dia. porque se a gente quiser, vamos fazer acontecer.",0,0,0
7932,2021-09-21 11:49:43 utc,lulaoficial,o pobre vai no supermercado pra comprar o que comer e paga mais imposto proporcionalmente que o dono de banco. o brasil não pode mais ser um país concentrador de renda. a gente tem que fazer o dinheiro circular. todo mundo entra nessa roda gigante e todo mundo ganha.,0,0,0
22292,2021-12-20 04:26:35 utc,sofia manzano,@felipeneto deve ter sido a eleição do boric no chile. os ventos estão mudando. viva chile!,0,0,0
28471,2020-03-24 19:48:06 utc,soraya thronicke,"@1julianagab @senadofederal @majorolimpio @edugiraooficial @tassojereissati @darioberger @katiaabreu @anastasia @jairbolsonaro @tvsenado estou exatamente convidando vocês para assistirem ao vivo, tanto no youtube quanto na tv senado.",0,0,0
21432,2022-08-07 01:12:29 utc,sofia manzano,"@carolbirrer é que depois de pensar dialeticamente o dia todo, um pouco de lógica formal dá uma aliviada boa nos neurônios.",0,0,0
11571,2022-04-19 10:03:26 utc,ciro gomes,"ao longo da vida, tive o privilégio de visitar comunidades indígenas - da última vez os xavantes das aldeias de são marcos e guadalupe - e sempre voltei com a alma enriquecida e o coração apertado. revigorado por suas lições de vida e temeroso por suas sobrevivências.",0,0,0
23017,2020-12-15 00:39:57 utc,sofia manzano,@patriciapillar eu também defendo o fim da polícia militar.,0,0,0
10574,2022-09-15 12:36:36,ciro gomes,"a memória afetiva do governo lula veio por conta da expansão do crédito, que levou a uma explosão de consumo. só que o povo brasileiro não percebeu que as letrinhas miúdas do crediário mandaram a conta do juro mais alto do mundo, que foi praticado pela política econômica do pt.",0,0,0
11642,2022-03-25 15:11:39 utc,ciro gomes,fique ligado: 12h30 tem #girodociro e #cirocomenta ao vivo aqui nas redes! agora me contem  qual assunto não pode faltar nos comentários de hoje?,0,0,0
1678,2021-09-18 11:12:38 utc,jairbolsonaro,"- em 2020, estados e municípios, incluindo estatais, tiveram um superávit de r$ 42,9 bilhões, o maior resultado primário da série histórica iniciada em 2000, e terminaram o ano com acréscimo de r$ 31,1 bilhões no estoque de caixa e equivalente de caixa.",0,0,0
1628,2021-10-12 16:05:45 utc,jairbolsonaro,"@vidadestra se você apoia xuxa, peço que nos siga. seria uma satisfação apontar fatos omitidos para que possamos sempre melhorar e unir nosso país!",0,0,0
16470,2020-08-16 16:09:45 utc,leonardo pericles,"hoje vou participar desse bate-papo, já se inscreveu?",0,0,0
2534,2020-07-08 16:34:50 utc,jairbolsonaro,@matteosalvinimi grazie! <u+0001f44d><u+0001f3fb>,0,0,0
13124,2021-02-05 18:20:45 utc,ciro gomes,"ideia, exemplo e militância <u+0001f339><u+270a>",0,0,0
29910,2019-03-27 03:17:10 utc,soraya thronicke,"eleitores devem reclamar com seussenadores.não reclamem pra mim,estou fazendo minha parte.a cpi não saiu pq alguém votou errado; pode ter sido você.o resultado da cpi é o resultado das urnas.quem errou deve vestir a carapuça e ponto. estamos carregando o piano sozinhos, injusto.",0,0,0
6560,2022-08-22 15:27:44 utc,lulaoficial,"tenho certeza que os resultados das eleições serão acatados. o importante é termos uma eleição civilizada, que seja orientada pela esperança e por propostas para o brasil ser um país melhor.",0,0,0
12775,2021-04-30 21:03:29 utc,ciro gomes,"turma, qual assunto não pode faltar na live do trabalhador que vai começar daqui a pouco?

 comente e dê rt usando a hashtag: #uniãopelobrasil",0,0,0
23867,2022-03-08 00:46:27 utc,vera lucia,"@alessandrabrvna @mutataresurgo não tenho nada a ver com isso, não.",0,0,0
2167,2020-11-13 22:08:18 utc,jairbolsonaro,"- devem, por isso, se manter apartidárias, baseadas na hierarquia e na disciplina, sob a autoridade suprema do presidente da república.",0,0,0
7153,2022-05-30 22:13:20,lulaoficial,"o brasil foi o único país do g20 que fez superávit primário durante todos os anos de governo do pt, numa demonstração de que construir um governo sério é um compromisso com o povo brasileiro. e isso eu tenho de sobra.",0,0,0
23751,2022-04-26 20:48:35,vera lucia,"@thabataganga valeu, companheira!

nossa firmeza mete muito medo, mesmo! 

essa adoração ao lula e aos governos do pt apenas beneficia a lógica que elegeu o bolsonaro.

isso não avança nós debates reais sobre as necessidades do povo pobre no brasil!.",0,0,0
24829,2020-10-01 22:46:38,vera lucia,"assim como me exclui dos  debates e da propaganda eleitoral de tv.  perseguição, cerceamento e veto a qualquer candidato são inadmissíveis e todos que defendem os direitos democráticos deveriam se posicionar.
#naoiraonoscalar
#queremosaveranosdebates",0,0,0
21978,2022-03-29 20:18:35 utc,sofia manzano,"rui costa sendo cotado para futuro ministro da economia do possível futuro governo lula só demonstra o porquê nossa pré candidatura é fundamental para o país. 
rui costa é um governador neoliberal, destruidor do setor público, apoiador da agenda conservadora. segue",0,0,0
2907,2020-04-03 01:46:47 utc,jairbolsonaro,@fiaviogarage - <u+0001f44d><u+0001f1e7><u+0001f1f7>,0,0,0
9011,2020-06-09 15:09:58 utc,lulaoficial,e ontem aquela cena patética pra justificar o inexplicável.,0,0,0
23817,2022-03-14 19:20:13 utc,vera lucia,@roxodanilo <u+2665><u+fe0f><u+2665><u+fe0f><u+2665><u+fe0f>,0,0,0
6763,2022-07-28 15:30:57 utc,lulaoficial,"os orçamentos das agências de fomento federais, destacadamente os do cnpq, finep e capes devem ser recuperados e ampliados a partir dos patamares mais elevados alcançados nos governos do pt.",0,0,0
26936,2022-11-20 16:04:58 utc,soraya thronicke,@camilathronicke oiiii! vocês são demais! <u+0001f60d><u+0001f60d><u+0001f60d>,0,0,0
28169,2021-03-19 00:35:48 utc,soraya thronicke,@recalleleitoral vcs não prestam.,0,0,0
30258,2022-09-09 19:26:23 utc,padre kelmon,fora comunistas!!,0,0,0
596,2022-07-20 10:35:00 utc,jairbolsonaro,"- além dos estados do nordeste, os mais beneficiados com a queda dos preços são são paulo, goiás, minas gerais e mato grosso do sul, exatamente por serem os maiores produtores de cana voltada ao etanol.",0,0,0
13086,2021-02-18 19:14:46 utc,ciro gomes,"@goura_nataraj @eduardomoreira turma boa, vamos acompanhar essa ótima conversa! <u+270a>",0,0,0
30127,2019-02-03 11:57:49 utc,soraya thronicke,"@deaschlosser fui à china de forma lícita e voltarei sempre que puder. não cometi nenhum crime, e sim trabalhei pelo brasil e pelo meu ms, cujo maior importador é esse país. sou uma pessoa correta, infelizmente pessoas caíram na falácia mal-intencionada. porém  comigo não tem brincadeira.",0,0,0
1141,2022-04-10 11:24:34 utc,jairbolsonaro,"- fechado há 9 anos, o novo museu do ipiranga, em são paulo, entra em fase final de obras (r$160 milhões em investimentos públicos e privados).

compartilhe a verdade!",0,0,0
11881,2022-01-24 14:13:25 utc,ciro gomes,"o problema do brasil é tão grave, tão profundo, que temos que envolver o nosso povo na consciência do problema e na construção das soluções. #cironodatena",0,0,0
7340,2022-04-26 15:43:44 utc,lulaoficial,"não adianta dizer que a juventude é o futuro da nação e depois dizer que não tem idade para decidir. se são o futuro da nação, eles tem que participar, votar.",0,0,0
3946,2019-05-03 16:25:42 utc,jairbolsonaro,"um forte abraço, bibi @netanyahu! shalom! <u+0001f1e7><u+0001f1f7><u+0001f1ee><u+0001f1f1>",0,0,0
29305,2019-07-13 19:12:32 utc,soraya thronicke,@rafiihere o ótimo é inimigo do bom... acompanhe as explicações que os deputados estão dando.,0,0,0
14100,2020-08-27 18:07:35 utc,ciro gomes,@ricardo18549585 boa! <u+0001f339><u+270a> #ciroemangabeira,0,0,0
3507,2019-10-01 11:00:51 utc,jairbolsonaro,"o turismo movimentou mais de r$ 20 bilhões em julho de 2019 e gerou mais de 25 mil empregos em relação ao mesmo período de 2018 (fonte: cnc). o brasil pode ir muito mais longe, desenvolvendo a noção da importância do envolvimento social com a preservação ambiental.",0,0,0
13700,2020-10-21 20:49:10 utc,ciro gomes,"@delmartharocha vamos nessa, turma boa! acompanhar a live da nossa futura prefeita do rio de janeiro, @delmartharocha <u+0001f339><u+270a>",0,0,0
11196,2022-06-24 20:36:58,ciro gomes,"a gravação do telefonema do ex-ministro à filha, quando diz, sem rodeios, que fora informado pelo presidente da operação contra ele, é a prova mais contundente de um crime desta espécie já praticado por um presidente. este crime clama justiça!",0,0,0
17872,2020-09-02 18:42:30 utc,simone tebet,"concordo com as palavras do pr: não se pode tirar dos pobres para dar aos paupérrimos. a justiça social não se faz dividindo a pobreza. nas reformas administrativa e tributária, não se promoverá o desenvolvimento do país sacrificando a classe média com criação de mais impostos.",0,0,0
7901,2021-10-01 13:35:47 utc,lulaoficial,"esse mês faço 76 anos. tô querendo me casar e tô cheio de energia. mas a energia não é só pro casamento, não é pra cuidar do povo!",0,0,0
2253,2020-10-16 22:13:00 utc,jairbolsonaro,@marceloscf2 <u+0001f91d>,0,0,0
11466,2022-05-05 15:48:00 utc,ciro gomes,"o juro interno alto não tem influência alguma sobre preços administrados pelo governo (gasolina, diesel, gás  de cozinha, energia elétrica e querosene de aviação). tampouco tem poder sobre preços que sofrem influência do mercado internacional.",0,0,0
23943,2022-01-26 15:45:15 utc,vera lucia,"no início da pandemia as declarações de bolsonaro foram muito criticadas de que se tratava apenas de uma gripezinha e nada devia parar ou fechar por causa dela (ou seja, as atividades econômicas). hoje, governos e patronal se apegam à ideia de que a ômicron é muito menos letal.",0,0,0
9341,2019-11-27 15:06:48,lulaoficial,"vou vencer cada processo contra mim desmascarando a mentira deles. minha inocência está provada nos autos do processo. eles não tem provas, o que eles têm é uma tese: a de que o lula não pode ficar solto.",0,0,0
23866,2022-03-08 13:58:01 utc,vera lucia,pauta muito importante!,0,0,0
5644,2022-10-24 00:22:37 utc,lulaoficial,nem todo o mundo quer trabalhar com carteira assinada. às vezes a pessoa quer ter mais liberdade de horário. o que precisamos garantir é que mesmo essas pessoas tenham um sistema de seguridade social para ter algum tipo de proteção em um momento ruim. #lulanodlshow,0,0,0
20847,2022-10-03 14:57:40,sofia manzano,"retroceder a porca institucionalidade brasileira em séculos;perseguir a população negra, pobre, lgbt, quilombola, tradicional; acabar com a ciência, o pensamento crítico e o mínimo de liberdade democrática que ainda temos. faremos o balanço crítico na hora certa 
agora é lula 13",0,0,0
24018,2021-10-21 22:52:43 utc,vera lucia,#forapauloguedes,0,0,0
3583,2019-09-02 10:03:20 utc,jairbolsonaro,"pegamos o brasil destruído e aos poucos vamos ressurgindo. após a mp do pente-fino, o tcu apontou fraudes em benefícios na casa dos r$2,25bi. a aplicação gradual para quem realmente precisa vem junto, como o 13 para o bolsa-família, somente com combate destas irregularidades.",0,0,0
8568,2021-02-11 00:32:43,lulaoficial,"2 - tenho muito orgulho de fazer parte da geração que criou o pt. nossa luta não tem fim. estou com 75 anos. gostaria de viver 120. mas se eu não viver, quero que vocês saibam que mesmo que eu tenha apenas um minuto, esse minuto será dedicado em defesa do povo trabalhador.",0,0,0
23154,2020-08-05 12:40:23 utc,sofia manzano,"@deccache adam smith também disse que a riqueza é produzida pelo trabalho.... por isso o economics só utiluza de smith o que interessa para sua ideologia, porque o que produzem, desde a escola austríaca e marshall, não é ciência, é ideologia.",0,0,0
11355,2022-05-26 18:00:05 utc,ciro gomes,"ps: sou torcedor do nosso futebol nordestino, mas vocês sabem que meu coração bate mais forte pelo guarany de sobral (@guaranysc1938), né? <u+2764><u+fe0f><u+0001f923>",0,0,0
17574,2021-09-09 13:13:40 utc,simone tebet,@antonio87379393 a denúncia do ministério público federal foi rejeitada pelo trf3 (tribunal regional federal da 3ª região) em fevereiro de 2019. não difunda desinformação.,0,0,0
23850,2022-03-13 18:27:01 utc,vera lucia,"@urbaninchains @zemaskwak não saem porque é direito deles de viver em seu próprio país.

quem desrespeitou esse direito foi putin.

""povo"" não existe. é um jargão para tratar a massa como ignorante. os ucranianos sabem que é sua soberania que está em jogo e resistem.",0,0,0
22963,2021-01-08 01:15:48 utc,sofia manzano,"muito interessante a análise sobre a economia chinesa, o preço das commodities e o dólar.",0,0,0
19826,2022-02-22 13:56:46 utc,felipe davila,"liberdade de imprensa é um assunto extremamente importante para o país.

hoje, o <u+0001f1e7><u+0001f1f7> está na zona de rebaixamento nesse quesito.

perseguições contra veículos e/ou jornalistas são injustificáveis.

um jornalismo livre é uma das bases de qualquer democracia liberal.",0,0,0
4153,2019-03-06 20:58:26 utc,jairbolsonaro,@jacquel30265778 sempre! <u+0001f337><u+0001f44d><u+0001f3fb><u+0001f1e7><u+0001f1f7>,0,0,0
5439,2022-11-01 14:34:24 utc,lulaoficial,"ontem conversei com dezenas de chefes de estado. todos querem ampliar as parcerias e trabalho conjunto com o brasil no comércio, na questão do clima e nos grandes temas globais. estamos voltando ao mundo.",0,0,0
20688,2022-10-29 23:49:20 utc,sofia manzano,força gabriel marques.,0,0,0
27765,2022-08-05 21:14:06 utc,soraya thronicke,@uniaobrasil44 @marcoscintra <u+0001f44f><u+0001f3fc><u+0001f44f><u+0001f3fc><u+0001f44f><u+0001f3fc>,0,0,0
957,2022-05-17 08:47:51 utc,jairbolsonaro,"brasil tem celebrado acordos históricos, esperados por décadas, além de abrir e reconquistar mercados para nossa economia;

. 229 acordos internacionais assinados desde 2019;

. abertos mais de 200 mercados para produtos agropecuários brasileiros em 51 países desde 2019;",0,0,0
17672,2021-07-13 16:04:14,simone tebet,"cpi, emanuela se nega a responder. não adianta o silêncio, quando os fatos gritam aos nossos ouvidos. compra da covaxin, vacina que pode ter eficácia de soro fisiológico, mais que criminosa, é pecaminosa.",0,0,0
27248,2022-10-14 01:24:24 utc,soraya thronicke,"@izavpmm @majorolimpio boa noite, pessoal já está na hora de parar! agradeço a todos vocês pelo carinho!!!",0,0,0
20058,2021-09-21 15:55:50 utc,felipe davila,"""as  mudanças só têm um sentido: melar a reforma. eles não querem fazer a reforma, então fazem um parecer absurdo, que é óbvio que vai ser derrubado. e, se for aprovado, é um enorme problema para o país, que já gasta 13% do pib com máquina pública e vai gastar ainda mais.",0,0,0
2396,2020-09-01 10:41:48 utc,jairbolsonaro,"são eles: aeroportos de curitiba/pr, foz do iguaçu/pr, navegantes/sc, londrina/pr, joinville/sc, bacacheri/pr, pelotas/rs, uruguaiana/rs e bagé/rs, o bloco sul.

1.3- os aeroportos de goiânia/go, são luís/ma, teresina/pi, palmas/to, petrolina/pe e imperatriz/ma, o bloco central;",0,0,0
29854,2019-04-07 01:10:55 utc,soraya thronicke,"@jorgepires_am @senadorkajuru pois é, jorge, chega de mulheres contra os homens. foram vocês que nos elegeram, tenho certeza disso. vamos mudar esse discurso de ódio contra os homens. chega de maniqueísmo.",0,0,0
2924,2020-03-30 23:45:08 utc,jairbolsonaro,@onyxlorenzoni <u+0001f1e7><u+0001f1f7>,0,0,0
13043,2021-02-27 15:23:42,ciro gomes,"bolsonaro prometeu gasolina por menos de r$ 3,00. agora, mesmo a petrobras batendo lucro recorde de r$ 59,9 bilhões, nosso povo está pagando quase r$ 6,00 no litro da gasolina!",0,0,0
5895,2022-10-11 21:02:29 utc,lulaoficial,"vamos voltar a fazer programas de inclusão social, fazer pontos de cultura no rio de janeiro. e vamos voltar a fazer as cidades parceiras, porque não adianta o país estar bem e as cidades estarem mal.",0,0,0
28207,2021-02-09 02:19:41 utc,soraya thronicke,"@vim_seu @josemaranhaopb @aroldeoliveira não, senhor.",0,0,0
16257,2022-02-25 19:24:21,leonardo pericles,"somos contra essa guerra imperialista, entre rússia e ucrânia, que tem por trás os interesses dos eua, ue e os dois países envolvidos. os interesses da classe trabalhadora não estão sendo levados em consideração. segue o fio <u+0001f447><u+0001f3ff>",0,0,0
21524,2022-07-23 18:45:57 utc,sofia manzano,@colombopcb força comunista em são paulo. avante!,0,0,0
13905,2020-09-12 15:19:21 utc,ciro gomes,@souzaneyton tamo junto! #convencaopdt12,0,0,0
14790,2020-06-08 16:44:46 utc,ciro gomes,vamos conversar ao vivo às 19h!,0,0,0
21061,2022-09-19 11:20:40 utc,sofia manzano,@brandaozin21 @serraeduardopcb,0,0,0
11844,2022-01-28 19:10:03 utc,ciro gomes,"é mais um capítulo  na escalada de gerar conflitos e impasses que tumultuem  ou tentem inviabilizar  o curso normal das eleições, já que ele se sente antecipadamente derrotado.",0,0,0
16240,2022-03-25 23:18:48 utc,leonardo pericles,"na manhã dessa sexta-feira, 25 de março, trabalhadoras e trabalhadores da rede municipal de educação de belo horizonte, mg, realizavam manifestação na porta da prefeitura exigindo reajuste salarial, investimentos no ensino público e outros direitos para classe.",0,0,0
10590,2022-09-14 09:16:09 utc,ciro gomes,"a escalada de ataques de bolsonaristas à jornalista @veramagalhaes já chegou ao ponto máximo, e tem que ser visto como uma múltipla ação terrorista que afronta não apenas uma mulher e jornalista independente, mas toda uma sociedade democrática. (...)",0,0,0
22620,2021-03-26 16:38:32 utc,sofia manzano,"se não fosse a pandemia, dória teria privatizado o #butantan. era o plano. 
não podemos permitir mais nenhuma privatização.",0,0,0
3562,2019-09-12 21:11:21 utc,jairbolsonaro,"- nesta quinta, 12 de setembro, às 19h, no facebook, uma breve live um pouco adaptada. até daqui a pouco! <u+0001f44d><u+0001f3fb>",0,0,0
966,2022-05-14 16:38:20 utc,jairbolsonaro,"- no ultimo dia 11, a @prfbrasil gerou novo prejuízo milionário para o crime organizado!

. em alto garças/mt: 400 kg de cocaína;

. já em caucaia/ce: mais 249 kg de cocaína;

. total: 649 kg em mais um dia, resultando num prejuízo ao crime organizado de cerca de r$ 77 milhões.",0,0,0
2487,2020-08-02 12:53:38 utc,jairbolsonaro,@mmeioambiente <u+0001f91d><u+0001f44d><u+0001f3fb>,0,0,0
3434,2019-10-20 16:36:16 utc,jairbolsonaro,"10- o @mdregional_br entregou, mais 2.287 moradias do minha casa minha vida em porto velho (ro). as residências podem acolher mais de 9000 pessoas, à famílias de menor renda. foram destinados r$149mi a rondônia neste ano. os empreendimentos geram 10 mil empregos na região.",0,0,0
16676,2022-12-20 12:21:44 utc,simone tebet,@bharbist <u+0001faf6><u+0001f3fc> <u+0001faf6><u+0001f3fc> <u+0001faf6><u+0001f3fc>,0,0,0
14432,2020-07-20 15:23:58 utc,ciro gomes,@carloslupipdt todas e todos na luta em defesa da educação pública brasileira! #aprovafundeb,0,0,0
3086,2020-03-04 21:06:18 utc,jairbolsonaro,@abrahamweint é inacreditável!,0,0,0
23163,2020-07-25 13:13:33 utc,sofia manzano,"ainda não li, mas aguardo ansiosamente. @soutamires_sp",0,0,0
9181,2020-04-01 18:36:40 utc,lulaoficial,"todos os líderes do mundo já entenderam a gravidade da situação, menos o bolsonaro. ou esse cidadão renuncia ou se faz o impeachment dele com base nos crimes de responsabilidade que ele já cometeu.",0,0,0
11437,2022-05-12 10:29:10 utc,ciro gomes,"o desgoverno bolsonaro, mais que piada, é tragédia pronta e permanente. quando se pensa que não pode piorar, ele dobra a aposta. primeiro ato do novo ministro das minas e energia: pedir estudo para privatizar a petrobras e o pré-sal! #opetróleoénosso ()",0,0,0
17734,2021-06-16 17:30:55 utc,simone tebet,"jabutis da mp da eletrobrás vão aumentar conta de luz, preço da cesta básica e, no meio ambiente, com obrigação de se construir termoelétricas longe dos gasodutos, barram avanço da energia eólica e solar.
a quem interessa, se todos perdem? com a palavra os criadores dos jabutis.",0,0,0
23160,2020-07-25 19:21:36 utc,sofia manzano,"@dcm_online @dcm_online vocês deviam modificar o título da matéria: por que chamar a letícia parks de ""ativista"" enquanto dão o nome da outra? não acham que é reduzir uma a um ser genérico enquanto a outra é uma pessoa? @letparks",0,0,0
12032,2021-12-15 17:53:37 utc,ciro gomes,"obrigado meus irmãos camilo (@camilosantanace), randolfe (@randolfeap), glenn (@ggreenwald) e orlando silva (@orlandosilva). a luta em favor do estado de direito tem que unir a todos os democratas.",0,0,0
17324,2022-06-18 17:27:23 utc,simone tebet,"91 anos @fhc. dia de celebrar o professor, sociólogo e ex-presidente do brasil. inspiração e referência para todos nós. um grande líder, com trajetória de vida e política que é exemplo.",0,0,0
7112,2022-06-04 11:10:39 utc,lulaoficial,"mesmo com tantos ataques mentirosos contra mim, sempre soube que a verdade ia vencer. primeiro porque não me abati. segundo porque não fiquei nervoso. e terceiro porque na prisão li muito, e aprendi a razão do que aconteceu no brasil. e sei que vamos recuperar esse país. bom dia!",0,0,0
19539,2022-06-26 23:23:46 utc,felipe davila,"acompanhando as minhas redes, percebi muitos apoiadores de @sf_moro dizendo que vão me apoiar se ele não for o candidato.

fico lisonjeado. moro é um cidadão honrado, que bateu de frente com o sistema e com quem divido a trincheira do combate ao populismo e à corrupção.

+",0,0,0
29595,2019-05-25 22:56:56 utc,soraya thronicke,reforma tributária nascendo no senado...,0,0,0
23208,2020-04-09 00:24:05 utc,sofia manzano,"@tercalivre evidente que ninguém vai acreditar, vocês só falam mentiras.",0,0,0
2359,2020-09-14 08:21:39 utc,jairbolsonaro,"- confesso, caso fosse deputado ou senador, por ocasião da análise do veto que deve ocorrer até outubro, votaria pela derrubada do mesmo.

- o art 53 da cf/88 diz que os deputados e senadores são invioláveis, civil e penalmente, por quaisquer de suas opiniões, palavras e votos.",0,0,0
2637,2020-06-06 17:37:12 utc,jairbolsonaro,@minsaude @govbr <u+0001f44d><u+0001f3fb>,0,0,0
17849,2021-01-12 17:20:50 utc,simone tebet,@marleicev <u+0001f44f><u+0001f3fc><u+0001f44d><u+0001f3fc>,0,0,0
22221,2022-01-31 04:35:15 utc,sofia manzano,"olha só: eu não sei o que está acontecendo no mundo de vocês. eu estava numa conversa séria sobre a revolução socialista. demorou. então,  me conta aí.",0,0,0
23821,2022-03-14 18:07:23 utc,vera lucia,"minha gente, dia 19 lançarei minha pré candidatura à presidência!

é uma honra falar em nome do partido que construo há tantos anos! é preciso afirmar: precisamos de uma revolução socialista!

participe. envie uma dm, retweet e mande para o zap dos amigos. bora com a gente!",0,0,0
20300,2021-05-21 16:19:22 utc,felipe davila,@paulohartunges @clp_brasil é mais um entre tantos absurdos que temos visto no trato do governo com as contas públicas.,0,0,0
18970,2022-11-26 17:28:18 utc,felipe davila,"5. nosso país precisa voltar a crescer e, sem dúvidas, a reforma tributária é o caminho
 
simplificar impostos e trazer mais segurança jurídica é essencial para destravar o país e salvar a nossa indústria.
 
quem não tem compromisso com isso, não tem compromisso com o brasil.",0,0,0
27975,2021-10-26 23:29:14 utc,soraya thronicke,@kliermaycon gratidão <u+0001f64f><u+0001f3fc><u+0001f64f><u+0001f3fc><u+0001f64f><u+0001f3fc>,0,0,0
5244,2022-12-16 20:08:54 utc,lulaoficial,boa sorte <u+0001f995> e equipe. muito trabalho pela frente!,0,0,0
8655,2020-11-08 19:00:24 utc,lulaoficial,"bora, companheira! recife é 13!",0,0,0
17419,2022-03-21 13:02:44 utc,simone tebet,@martinixam @elenalandau2 <u+0001f64f>,0,0,0
12297,2021-10-03 17:25:54 utc,ciro gomes,"@brunabrelaz concordo com você, @brunabrelaz. somente poderemos mudar a realidade do nosso país com mais mobilização, união da sociedade brasileira e, principalmente, mais democracia. seguiremos juntos na luta contra bolsonaro!",0,0,0
14061,2020-09-01 20:57:49 utc,ciro gomes,@gomesthaiara @meteoro_br todos atentos e usando a hashtag: #cironometeoro,0,0,0
14213,2020-08-06 14:50:14 utc,ciro gomes,@nacprogressista demais! essa #turmaboa é incrível <u+0001f44f><u+0001f44f><u+0001f339>,0,0,0
8425,2021-04-08 14:42:09 utc,lulaoficial,tem gente que levanta todo dia achando que tá mais velho. eu levanto todo dia achando que tô mais novo. o que me move é a minha vontade de lutar. sem isso nada vale à pena. e como vivo assim sou e estou otimista. #lulanodcm,0,0,0
14486,2020-07-16 14:53:00 utc,ciro gomes,@cartazdevaia @andersonrosavaz @julianabrizola obrigado pela sugestão! tamo junto <u+0001f339><u+270a><u+0001f1e7><u+0001f1f7>,0,0,0
3336,2019-11-13 16:04:33 utc,jairbolsonaro,"- vendas no varejo registram melhor resultado em 10 anos para o mês de setembro (ibge). a semana do brasil, iniciativa do nosso governo junto a representantes do setor, que promoveu diversas ações para a população brasileira, foi determinante. economia segue se recuperando! <u+0001f1e7><u+0001f1f7>",0,0,0
24208,2021-07-30 21:35:16 utc,vera lucia,@altinopstu #liberdadeparagalo,0,0,0
27565,2022-09-02 14:21:25 utc,soraya thronicke,@seravat19 só deus pode me calar.,0,0,0
3215,2020-01-24 01:18:56 utc,jairbolsonaro,"- reafirmando o compromisso com a melhoria da gestão dos recursos públicos e o fortalecimento dos controles, assinei o decreto 10.209 de 22/01/20.

- o decreto regulamenta o compartilhamento de informações fiscais com os órgãos de controle, em especial a nossa cgu e o tcu.",0,0,0
12235,2021-10-24 00:55:33 utc,ciro gomes,"lamento muito o falecimento do meu amigo desde os tempos do movimento estudantil, papito oliveira. ele era um grande quadro do pdt e um companheiro de luta valoroso. meus sentimentos à família e amigos.",0,0,0
6884,2022-07-09 16:12:58 utc,lulaoficial,"nós precisamos ter escolas em tempo integral, com mais atividade extra, mais esporte. quem sabe se tiver mais esporte nas escolas, em 15 anos o corinthians tem um time melhor.",0,0,0
24840,2020-09-29 16:28:16 utc,vera lucia,@a_mika_nakamura vamos participar!,0,0,0
29738,2019-04-30 01:33:59 utc,soraya thronicke,@ritcarla as pequenas empresas agora têm quem se preocupe com elas.,0,0,0
7469,2022-03-25 15:26:46,lulaoficial,"morei muitos anos numa casa de 33 m². andava com a canela roxa de tanto bater nas coisas. eles acham que os pobres sempre aceitam o resto. mas nós não queremos o osso, queremos nossos direitos.",0,0,0
21390,2022-08-11 14:31:33 utc,sofia manzano,#pcbpelasliberdadesdemocráticas,0,0,0
2176,2020-11-11 16:02:18 utc,jairbolsonaro,@embaixadaeua <u+0001f91d>,0,0,0
23691,2022-06-22 16:43:40,vera lucia,"a classe trabalhadora, os povos originários e a juventude não devem apoiar o novo governo, mas sim se organizar de forma independente e retomar as grandes mobilizações de 2021.",0,0,0
6199,2022-09-24 22:04:35 utc,lulaoficial,"no nosso governo o brasil passou a ser o país mais respeitado da américa latina. hoje temos um presidente que ninguém convida para sair do brasil e ninguém quer vir aqui, porque ele é muito incompetente.",0,0,0
28248,2020-11-07 18:47:52 utc,soraya thronicke,"quem é nada precisa de alguém p aparecer, e eu ñ serei esse palco. mexeram com a pessoa errada, acusaram quem nada deve, chega a ser risível a burrice. prepararem a trouxinha de volta p o xilindró.",0,0,0
20290,2021-05-23 00:40:42 utc,felipe davila,@francoi28819942 @kennedy_school @clp_brasil @soracy @estadao @harvard valeu!,0,0,0
6739,2022-07-30 16:52:59,lulaoficial,"nossa resposta será nas urnas. bolsonaro já foi eleito 6 vezes pela urna eletrônica. ele não tem medo da urna, tem medo do povo. todas as denúncias que aparecem contra ele, ele transforma em sigilo de 100 anos. a primeira coisa que irei fazer é um revogaço contra esses sigilos.",0,0,0
27088,2022-11-02 23:40:30 utc,soraya thronicke,"@imnotaleksander muitooooo! man in the mirror is one of my favorite songs! it says a lot about us, and about our mission here.",0,0,0
20642,2022-11-10 01:57:46 utc,sofia manzano,"@guilhermesba se estivéssemos num mundo comunista, estes seriam os assuntos, além do futebol, é claro.",0,0,0
13844,2020-09-23 12:55:31 utc,ciro gomes,"@ivodonascimento @universo_12 @m4rcelitos @universo12 parabéns, @m4rcelitos! <u+0001f44f><u+0001f44f><u+0001f339>",0,0,0
24041,2021-10-10 16:10:18 utc,vera lucia,"guillermo lasso: presidente do equador, o ex-diretor do banco de guayaquil chegou a recorrer a 14 empresas em paraísos. em 2017, se desfez de 10, negando envolvimento com as outras 4 citadas. 6/13 -&gt;",0,0,0
17063,2022-08-25 14:21:52 utc,simone tebet,"o grande papel do estado é prestar serviço público de qualidade para a população. é investir em segurança, habitação, saúde, infraestrutura e nas áreas essenciais. o brasil precisa de posicionamentos centrados. +",0,0,0
8984,2020-06-22 22:02:12 utc,lulaoficial,"o mesmo governo que não viu nenhum problema no banco central distribuir r$ 1.2 trilhão para resolver o problema da liquidez do sistema financeiro, agora diz que não tem como pagar duas parcelas de 600 reais do auxílio emergencial, que custa apenas r$ 50 bilhões por mês.",0,0,0
28951,2019-09-16 01:56:11 utc,soraya thronicke,@damadeferroofic obrigada! lucidez é tudo!,0,0,0
19756,2022-03-09 14:29:57,felipe davila,@dgrcosta é triste ver a população russa pagando o preço das ações de um tirano.,0,0,0
5747,2022-10-19 20:35:02 utc,lulaoficial,"o brasil voltou a ter fome, quando a gente tinha acabado com ela em 2012. as crianças voltaram da pandemia mais atrasada. precisamos de um pacto entre governos municipal, estadual e federal para recuperar o ensino dessas crianças. mas o governo atual não gosta de educação.",0,0,0
8232,2021-06-25 16:52:09,lulaoficial,"eu tô livre e leve. acharam que eu tava morto, que ia enfiar a cabeça na terra igual um avestruz... não esperavam que eu ia enfrentar eles. não estavam preparados pra lidar com alguém que tem caráter, formado por uma mulher analfabeta e pelos trabalhadores no chão de uma fábrica.",0,0,0
24395,2021-06-06 21:33:25 utc,vera lucia,"apoio os jogadores que se recusaram a falar com bolsonaro, em protesto à realização da copa américa no brasil. tá certo afastar caboclo para investigar denúncia de assédio sexual. uma pergunta fica: o que fará o coronel nunes sobre esses temas à frente da cbf?",0,0,0
1272,2022-03-05 18:53:52 utc,jairbolsonaro,@itamaratygovbr <u+0001f1e7><u+0001f1f7>,0,0,0
14142,2020-08-22 17:39:05 utc,ciro gomes,@thais_rmaschio oi! #festivalturmaboa,0,0,0
28313,2020-06-17 23:54:14,soraya thronicke,"este inquérito das fakenews que tramita no stf é uma aberração jurídica.

é inconcebível a instauração por quem vai julgar e executar!

é uma ruptura com a ciência jurídica,com o papel do magistrado, com a democracia.

o @senadofederal tem o dever de agir!

@davialcolumbre",0,0,0
20671,2022-11-03 21:28:37,sofia manzano,@brasil247 essa criminosa fugitiva não vai ficar impune. anistia não para todos eles.,0,0,0
905,2022-05-25 18:46:16 utc,jairbolsonaro,- apoio! <u+0001f44d>,0,0,0
24772,2020-10-04 14:00:27 utc,vera lucia,@panunes_ obrigada pelo apoio!,0,0,0
9214,2020-03-03 21:11:03 utc,lulaoficial,nós precisamos apostar que é possível recuperar o humanismo e a solidariedade. não temos o direito de aceitar sermos apenas um algoritmo. nosso coração precisa falar mais alto do que uma mentira na internet.,0,0,0
7883,2021-10-08 15:37:44 utc,lulaoficial,"tenho conversado com todas as forças políticas. consertar esse país não é tarefa exclusiva de um único partido político. aí tem muita especulação. a imprensa já elegeu 18 vices pra mim, mais de dez ministros da economia. espero que uma hora alguém acerte... rs",0,0,0
19588,2022-04-22 21:27:19 utc,felipe davila,"confira alguns dos principais temas que abordei durante a entrevista ao jornal da paraíba, na coluna conversa política.

#novo #partidonovo #felipedavila #novodeverdadesotem1",0,0,0
14736,2020-06-17 18:22:57 utc,ciro gomes,#cironatribuna todo mundo já está ligado na live? participem!,0,0,0
24030,2021-10-14 14:35:39 utc,vera lucia,"é muito, muito triste lembrar da história da eloá.

mas me parece importante lembrar.

para nos mantermos alertas à violência contra mulher e muito críticos sobre como a mídia e a polícia tratam essas barbaridades.",0,0,0
11794,2022-02-09 00:10:48 utc,ciro gomes,veja aqui os detalhes e números desse descalabro. e me digam depois o que acham. #reactdocirão,0,0,0
22062,2022-03-14 13:08:56 utc,sofia manzano,"a alegria, a luta e todas as batalhas de marielle continuam em nós. 
""seguiremos adelante, hasta siempre marielle!""",0,0,0
13424,2020-11-26 21:35:09 utc,ciro gomes,@eldebatador @wcasagrandejr claro! toda minha gratidão e solidariedade aos nossos profissionais de saúde. são os mais sacrificados nesta pandemia. #abraceaenfermagem,0,0,0
20347,2021-05-04 21:45:36 utc,felipe davila,"sinal de retrocesso de uma reforma essencial para a modernização do país e para o aumento da competitividade, da produtividade e da segurança jurídica no país. atrasar ainda mais a reforma tributária é mais um sinal de que somos mesmo uma nação à deriva.",0,0,0
13570,2020-11-01 17:36:28 utc,ciro gomes,@ivodonascimento boa! #viradamarciofrança,0,0,0
6195,2022-09-25 11:02:10 utc,lulaoficial,"no próximo domingo, nesta hora, estaremos nos preparando para votar e decidir o futuro do país. faltam 7 dias. converse com todos, tome cuidado com as fakes news e vamos juntos por um país melhor. bom dia!",0,0,0
397,2022-08-31 02:31:56 utc,jairbolsonaro,"- 7 de setembro será lindo!
- é o dia de todos os brasileiros!
- é o dia de relembrar nossa independência e renovar nossa luta pela liberdade!",0,0,0
9475,2019-09-04 17:11:20 utc,lulaoficial,reduzem a produção de combustíveis aqui para importar em dólar dos estados unidos. e por isso disparam os preços dos combustíveis e do gás para o povo.,0,0,0
7125,2022-06-02 14:49:29 utc,lulaoficial,"o mundo digital está nos levando a descobrir novas formas de trabalho. em araraquara, o prefeito edinho está criando, através da prefeitura, aplicativos que 80% do valor fica com o entregador. quem sabe não é um momento extraordinário para debatermos cooperativas.",0,0,0
19141,2022-09-15 10:00:24 utc,felipe davila,"o que funciona muito bem e precisamos levar para o resto do brasil: o espírito das cooperações, do cooperativismo.

é algo fundamental para que o pequeno agricultor tenha acesso a tecnologia de ponta, comercialização e armazenagem de seus produtos.",0,0,0
3956,2019-05-01 00:36:35 utc,jairbolsonaro,"a medida prevê, entre outras ações, o fim de licenças e alvarás e de restrição de horário para atividades econômicas de baixo risco, a digitalização de documentos tributários e a garantia da definição de preços pelo mercado, sem interferência do estado.",0,0,0
11195,2022-06-25 10:57:00 utc,ciro gomes,"sustenta civilizações exitosas aquela nação que conseguiu desenvolver um alto nível de poupança nacional. ou seja, o que financia desenvolvimento é o que capital que se constrói em casa. #forumbraziluk2022",0,0,0
2138,2020-11-25 22:34:15 utc,jairbolsonaro,@govbr @embrapa <u+0001f91d><u+0001f1e7><u+0001f1f7>,0,0,0
13227,2021-01-12 18:08:24 utc,ciro gomes,@antonionetopdt já estou seguindo <u+0001f339>,0,0,0
780,2022-06-11 09:49:20 utc,jairbolsonaro,"- após a continuidade recordes de titulações de terras rurais, seguimos.

- o governo federal lança programa aproxima, que transforma imóveis da união em habitação popular.",0,0,0
19522,2022-07-01 18:57:50 utc,felipe davila,"o plano real foi uma enorme conquista para o <u+0001f1e7><u+0001f1f7>. 

segurar a hiperinflação - que chegou a 3.000% ao ano em 94 - não era uma tarefa fácil. o real mudou a trajetória da economia do país e trouxe ordem à nossa moeda.

parabéns à equipe econômica que realizou essa façanha.",0,0,0
7549,2022-03-03 16:01:05 utc,lulaoficial,"é inadmissível que em plena segunda década do século 21 alguns líderes insistam em se comportar como nossos antepassados da pré-história, quando não existia diplomacia e a única lei em vigor era a lei do mais forte.",0,0,0
27764,2022-08-05 21:14:22 utc,soraya thronicke,@uniaobrasil44 @youtube <u+0001f44f><u+0001f3fc><u+0001f44f><u+0001f3fc><u+0001f44f><u+0001f3fc>,0,0,0
23422,2022-09-24 23:19:11 utc,vera lucia,"felipe d'avila acredita que mais capitalismo vai resolver as mazelas sociais criadas pelo capitalismo! soraya e a ideia fantasiosa que investimos demais em educação! só se escuta absurdos nesse debate! todos defendemos os interesses dos capitalistas.

#debatenosbt",0,0,0
3100,2020-02-29 19:52:00 utc,jairbolsonaro,"@rogeriosmarinho obrigado pelo empenho, ministro!",0,0,0
8814,2020-09-04 16:05:05 utc,lulaoficial,"eu sempre disse que tenho respeito pelo @cirogomes. ele foi meu ministro, temos uma história, apesar das divergências. o ciro não precisa gostar de mim, nem eu preciso gostar dele, precisamos nos respeitar.",0,0,0
2132,2020-11-28 19:52:43 utc,jairbolsonaro,@policiafederal <u+0001f1e7><u+0001f1f7>,0,0,0
29063,2019-08-25 13:35:33 utc,soraya thronicke,"sigam @conexaopolitica para ter informação verdadeira e imparcial. 

vamos ajudar a mídia séria crescer! @jairbolsonaro",0,0,0
4011,2019-04-12 00:49:47 utc,jairbolsonaro,"o decreto por mim assinado, que converte multas ambientais em medidas para recuperação do meio ambiente, permitirá agilizar a cobrança, além de prezar pela sustentabilidade. mais uma missão cumprida em 100 dias de governo!",0,0,0
11401,2022-05-17 23:14:18 utc,ciro gomes,"é por conta dos juros, das multas, das correções monetárias. se a gente não reagir, a gente vira pato na mão desse abuso criminoso! #cirogames",0,0,0
379,2022-09-02 21:38:38 utc,jairbolsonaro,"- por isso tivemos a ministra tereza cristina na agricultura, por isso temos a presidente daniella na caixa, a ministra cristiane no mmfdh e tantas outras mulheres trabalhando pelo brasil. não porque são mulheres, mas porque se esforçaram e trabalharam duro pra chegar onde estão.",0,0,0
2969,2020-03-26 00:20:11 utc,jairbolsonaro,"do total, 400 mil serão destinados ao @minsaude  e os demais à secretaria estadual de saúde do rio de janeiro. os kits serão importados dos eua.",0,0,0
1885,2021-05-06 22:56:40 utc,jairbolsonaro,". superávit histórico / bolsa sobe / queda do dólar
. motociclistas se reúnem em homenagem ao dia das mães no domingo;
. salário mínimo sobe na venezuela ($4), para quem tem emprego;
. governo argentino toma poder dos ricos aumentando impostos (acompanhamento);",0,0,0
30133,2019-02-03 02:47:23 utc,soraya thronicke,@desesquerdizada @tvcamara @pauloganime @partidonovo30 grande deputado paulo! tem meu respeito. será um excelente parlamentar.,0,0,0
20342,2021-05-05 13:56:02 utc,felipe davila,@msantoro1978 contraste marcante mesmo. a pandemia mostra o quanto o brasil perdeu em relevância no mapa geopolítico.,0,0,0
9656,2018-11-30 21:43:00,lulaoficial,"as mesmas pessoas que elegeram bolsonaro vão julgá-lo todos os dias, pelas promessas que não vai cumprir e pelo que vai acontecer em nosso país. temos de estar preparados para continuar construindo, junto com o povo, as verdadeiras soluções para o brasil.",0,0,0
14443,2020-07-19 22:15:56 utc,ciro gomes,"@jujuca1987 vamos juntos, @jujuca1987! <u+2764><u+fe0f> o apoio e a energia de todas e todos da #turmaboa fortalecem nossa luta! <u+0001f339><u+270a>",0,0,0
24627,2020-12-02 13:29:26,vera lucia,"não existe plano de imunização. tampouco existem medidas para a atual situação onde temos mais de 176 mil mortos no país, mas o mec simplesmente baixa uma portaria determinando a volta as aulas presenciais em janeiro. 
derrubar o governo bolsonaro é uma questão de vida ou morte!",0,0,0
8718,2020-10-16 14:12:15 utc,lulaoficial,"seis anos atrás o brasil conquistava o respeito e a admiração mundial, ao ser declarado fora do mapa mundial da fome da onu. depois do golpe contra a presidenta dilma, o país deu marcha a ré.",0,0,0
9275,2020-01-24 01:18:31 utc,lulaoficial,"o prejuízo que a lava jato causou ao pib brasileiro já é de 142 bilhões de dólares. mais de dois milhões perderam o emprego. ao invés de punir os executivos, eles quebraram as empresas e as indústrias.",0,0,0
14152,2020-08-20 13:16:56 utc,ciro gomes,"atenção! converso daqui a pouco, às 10h30, com @datenaoficial na @rbandeirantes. o nosso encontro das 12h mudou de horário. avise pra todo mundo e acompanhe a entrevista!",0,0,0
29819,2019-04-12 20:57:46 utc,soraya thronicke,"@abel90094408 todo meu respeito às pessoas de bem, grata pela sua confiança. muitos índios nos apoiaram, pessoas conscientes dos abusos que vocês sofrem.",0,0,0
30226,2022-11-26 11:05:05 utc,padre kelmon,"que deus abençoe e cuide da nossa querida helena. vamos ajudá-la a vencer esta batalha, para que ela possa viver o melhor que deus provê nesta vida.",0,0,0
7239,2022-05-07 15:43:47 utc,lulaoficial,"em vez de promessas, apresento o imenso legado de nossos governos. fizemos muito, mas é preciso, e é possível, fazer muito mais. precisamos colocar novamente o brasil entre as maiores economias do mundo. #vamosjuntospelobrasil",0,0,0
1735,2021-07-27 22:51:24 utc,jairbolsonaro,"- os aeroportos serão concedidos em 3 blocos, são eles:

 . bloco rj-mg, reunindo os aeroportos santos dumont/rj, jacarepaguá/rj, uberlândia/mg, montes claros/mg e uberaba/mg. @aviacaodobrasil",0,0,0
19133,2022-09-22 20:45:10 utc,felipe davila,"um projeto precisa de três ingredientes: o mínimo de consenso político, o poder executivo disposto a comprar a briga para o projeto andar, e, o fundamental, que é o apoio da sociedade.

é assim que vamos construir o nosso projeto de país.",0,0,0
13653,2020-10-26 01:00:45 utc,ciro gomes,"@datenaoficial muita saúde, meu querido. que você se recupere logo <u+0001f64f>",0,0,0
21252,2022-08-28 22:28:17 utc,sofia manzano,"#queremossofianodebate #vote21 

nosso candidato à vice-presidência e eu apresentamos no programa a redução da jornada de trabalho para 30h sem redução de salários!",0,0,0
27670,2022-08-25 15:09:19 utc,soraya thronicke,@renato_a_m vamos juntos!!,0,0,0
29555,2019-06-02 21:01:15 utc,soraya thronicke,@primagalhaesss @desesquerdizada @jairbolsonaro obrigada pela coerência e inteligência.,0,0,0
13139,2021-02-04 20:11:44,ciro gomes,"tudo o que bolsonaro quer é distrair a opinião pública sobre os crimes dele e da sua família de bandidos. ele criou falso dilema sobre salvar vidas ou empregos, mas sua única preocupação é em salvar seus filhos da cadeia! relembre os crimes da quadrilha bolsonaro e compartilhe!",0,0,0
23080,2020-11-15 23:08:50 utc,sofia manzano,@bolsonarosp gosto muito quando vocês lembram do stalin.,0,0,0
1302,2022-03-01 09:42:44 utc,jairbolsonaro,"- existem cursos em áreas como computação em nuvem, big data, inteligência analítica, mídias sociais, cybersegurança, internet das coisas, comunicações avançadas, fotônica, manufatura avançada, design de circuitos integrados, robótica e inteligência artificial.
 @astro_pontes",0,0,0
8230,2021-06-25 17:02:23 utc,lulaoficial,"quando decidir se vou ser candidato... primeiro vou pedir pro pt, aí se o pt deixar... não pode ser pra fazer menos que já fiz. tenho muita responsabilidade. se eu for candidato, e eleito, é pra gerar mais emprego, mais salário, mais casa, mais universidade, mas ensino técnico...",0,0,0
8534,2021-02-24 17:07:18 utc,lulaoficial,@flaviadurante feliz aniversário! dias melhores virão!,0,0,0
6149,2022-09-27 15:18:25 utc,lulaoficial,"quando a gente for construir uma proposta de esporte, precisamos pensar o esporte como instrumento para cuidar da saúde e educação da nossa sociedade.",0,0,0
22419,2021-07-29 16:05:20 utc,sofia manzano,@j_livres #liberdadeparagaloegessica já,0,0,0
24980,2020-03-27 13:33:58,vera lucia,"@jairbolsonaro vai gastar r$4,8 milhões do cofre público em uma campanha publicitária assassina, para defender os lucros dos empresários.  o brasil tem que parar bolsonaro. colocar esse miliciano pra fora, junto com mourão e sua trupe reacionária. #forabolsonaro #foramourão",0,0,0
4231,2019-02-13 23:42:26 utc,jairbolsonaro,"estarei hoje no jornal da record, após às 21h45min. assista! <u+0001f44d><u+0001f3fb>",0,0,0
6828,2022-07-20 23:15:19 utc,lulaoficial,"o povo quer trabalhar, ter uma casinha. em serra talhada, existem 900 casas que o banco do brasil ficou de arrumar uma construtora e até agora estão paradas. nós vamos ganhar as eleições e construir essas casas para o povo.",0,0,0
20240,2021-06-08 19:40:36 utc,felipe davila,"@josie_melo @dannielduque @clp_brasil valeu, @josie_melo! o @dannielduque é fera.",0,0,0
21361,2022-08-17 22:35:50 utc,sofia manzano,"@aeciopaula olá aécio, se não começarmos a mudar agora, nunca teremos as condições normais. 
ter dois turnos nas eleições permite isso. 
o seu voto é fundamental para que possamos implementar as 30h. 
#vota21",0,0,0
20753,2022-10-22 23:08:26,sofia manzano,"é o seu salário 
seu 13° salário 
férias 
feriados católicos 
fgts 
salário família 
é o sus 
é a casa própria tomada pelos bancos 
é a privatização de tudo, até da faixa da praia.
é a aposentadoria 
é o dinheiro da merenda e dos remédios 

vamos virar votos dos trabalhadores.",0,0,0
22962,2021-01-08 01:29:31 utc,sofia manzano,"bolsonaro disse hoje: ""o brasil tem um plano de vacinação que ninguém tem."" não é que ele está certo?
plano igual ao desse desgoverno ninguém tem mesmo.",0,0,0
6809,2022-07-22 19:14:45 utc,lulaoficial,eu e @geraldoalckmin que agradecemos a beleza e o talento da arte e da cultura de pernambuco e do brasil.,0,0,0
16746,2022-10-29 02:25:51 utc,simone tebet,"ainda, como comandante de um país do tamanho e da importância do brasil, ele não passa de um franco-atirador.",0,0,0
28179,2021-03-18 19:47:38 utc,soraya thronicke,"estou sem chão. perdi um irmão. perdi um amigo, um grande exemplo de retidão. o covid calou mais uma voz, uma grande voz.

está doendo muito!

que a família tenha paz.

vá com deus, meu irmão @majorolimpio.",0,0,0
6857,2022-07-13 16:50:50 utc,lulaoficial,@_anahikari boas gravações. boa sorte na 2ª temporada de as five.,0,0,0
1427,2022-01-16 08:33:35 utc,jairbolsonaro,"- os testes de antígeno já são amplamente utilizados em upas e clínicas da família ou unidades básicas de saúde espalhadas pelo país. 

- já são mais de 381 milhões de doses de vacina distribuídas pelo @govbr a todos os estados e municípios do brasil.

@minsaude",0,0,0
2644,2020-06-06 12:16:54 utc,jairbolsonaro,"5- para evitar subnotificação e inconsistências, o @minsaude optou pela divulgação às 22h, o que permite passar por esse processo completo. a divulgação entre 17h e 19h, ainda havia risco subnotificação. os fluxos estão sendo padronizados e adequados para a melhor precisão.",0,0,0
9302,2020-01-08 13:53:56 utc,lulaoficial,"o momento não é adequado para o brasil se meter em uma briga externa. o brasil não tem contencioso com o mundo, sempre manteve uma política diplomática harmoniosa. devemos ser um construtor de paz.",0,0,0
3135,2020-02-18 16:50:50 utc,jairbolsonaro,"o ministro das relações exteriores, @ernestofaraujo , recebeu o vice-chanceler do japão keisuke suzuki. a terceira economia mundial quer parceria baseada em valores comuns, estratégia e incremento econômico-comercial. <u+0001f1e7><u+0001f1f7><u+0001f91d><u+0001f1ef><u+0001f1f5>!",0,0,0
23574,2022-08-31 17:19:21 utc,vera lucia,"a morte do 'índio do buraco' ou 'índio tanaru' é a execução final de uma etnia vítima da colonização desenfreada, da instalação de fazendas e da exploração ilegal de madeira, que resultaram em mortes e na expulsão dos indígenas da ti tanuru de suas terras.

segue o fio <u+0001f9f5>!",0,0,0
7674,2022-01-26 13:09:19 utc,lulaoficial,"esse mundo está precisando da verdade, de amor, de paz e tranquilidade e não essa loucura que a gente tá vivendo. é pensando nesse país que eu me proponho a debater. #lulanacbnvale",0,0,0
27080,2022-11-03 00:25:15 utc,soraya thronicke,"@caterinacitou @conectadosww ainda não, mas já assisti duas vezes in loco, na sapucaí! agora quero desfilar!",0,0,0
4190,2019-02-24 20:49:39 utc,jairbolsonaro,seguimos avançando!,0,0,0
948,2022-05-18 10:07:09 utc,jairbolsonaro,"- centenas de ginásios, pistas de atletismo, campos de futebol, piscinas, academias ao ar livre, estádios, quadras poliesportivas, pistas de skate, quadras de tênis e campos society estão à disposição de crianças, jovens, adultos e idosos do país.",0,0,0
17456,2022-02-22 14:24:30 utc,simone tebet,@akita31315393 @mariexpresso @mdb_nacional @mdbmulher @mdbnosenado obrigada pelo carinho. <u+0001f618><u+0001f64c><u+0001f64c>,0,0,0
27006,2022-11-05 19:00:31 utc,soraya thronicke,"@caterinacitou @fuckthronicke @sra_lulis please, estou perdida sem waze, sem google maps",0,0,0
28123,2021-04-04 18:17:16 utc,soraya thronicke,@fabiana92804732 @israelinbrazil <u+0001f60d><u+0001f60d>,0,0,0
23945,2022-01-25 12:33:05 utc,vera lucia,"covid pode matar até na terra plana, minha gente.",0,0,0
29292,2019-07-16 01:32:36 utc,soraya thronicke,"@biakicis parabéns, bia! adorei!",0,0,0
6226,2022-09-23 10:33:05 utc,lulaoficial,bom dia. um resumo pra quem perdeu a conversa com o ratinho ontem.,0,0,0
1363,2022-02-10 14:53:32 utc,jairbolsonaro,"@onyxlorenzoni <u+0001f1e7><u+0001f1f7>, ministro!",0,0,0
9037,2020-05-21 21:35:01 utc,lulaoficial,em 2010 o brasil era o país mais feliz do mundo. o povo comia pelo menos 3 refeições. o pobre tava entrando na universidade. empregada doméstica tinha carteira assinada. esse é o fato.,0,0,0
21590,2022-07-11 14:02:42 utc,sofia manzano,"mais um médico preso acusado de estupro de uma mulher em trabalho de parto. 
a violência que o machismo causa, impulsionado ainda mais por bolsonaro, exige uma reação rápida e efetiva. 
punição exemplar aos criminosos e avançar na luta.
a legalização do aborto é só o começo.",0,0,0
20118,2021-08-16 20:02:32 utc,felipe davila,"o tumulto no aeroporto de cabul, afeganistão, demonstra o desespero da população com a tomada de poder do taleban. cinco pessoas morreram, diversas se penduraram em aviões, na esperança de fugir. após anos de intervenção militar, o sofrimento continua.

#afeganistão #taliban",0,0,0
11570,2022-04-19 10:03:27 utc,ciro gomes,"neste dia 19, quero renovar estas lembranças, mas, antes de tudo, reforçar meu compromisso de lutar ao lado de todos os povos indígenas para garantir que seus direitos e suas vidas sejam preservadas.",0,0,0
29296,2019-07-16 00:07:45 utc,soraya thronicke,@apoiototalaojb @politzoficial seguindo! <u+0001f600>,0,0,0
1198,2022-03-25 19:01:54 utc,jairbolsonaro,"@mincidadania @joaoromaneto @tarcisiogdf <u+0001f1e7><u+0001f1f7>, ministros!",0,0,0
14949,2020-05-13 20:35:40 utc,ciro gomes,"já assinei 2 pedidos de impeachment do bolsonaro por cometimento de crimes de responsabilidade! meu partido, pdt, junto com psb, rede e pv, lançou também o evento #janelaspelademocracia que está mobilizando todo o brasil para exigir o #forabolsonaro, no dia 19/05 às 18h30! (...)",0,0,0
27315,2022-10-14 00:32:19 utc,soraya thronicke,"saudades do tempo em que onyx era somente um carro, dizia meu saudoso amigo e irmão @majorolimpio !",0,0,0
17596,2021-08-21 11:30:00 utc,simone tebet,@petrus_geol <u+0001f601>,0,0,0
13818,2020-09-29 16:47:30 utc,ciro gomes,"porque imaginar que nós vamos pagar o modo de vida moderno do povo brasileiro com soja, milho, frango e boi é um equivoco grosseiro. #cironopanico",0,0,0
27879,2022-03-20 00:27:05 utc,soraya thronicke,@danielorosario empregamos presidiárias! fazemos a nossa parte. você faz???? posso te perguntar???,0,0,0
12579,2021-06-25 22:33:09 utc,ciro gomes,"este servidor resistiu à pressão de seus superiores a quem deu os nomes. gente da ativa do exército brasileiro que está hoje no palácio do planalto depois da demissão do general da ativa pazuello, sob cuja responsabilidade esta enorme falcatrua aconteceu. <u+0001f447>",0,0,0
17229,2022-07-08 15:35:59 utc,simone tebet,"os recentes cortes nas áreas de ciência e educação provocaram a interrupção de projetos, migração de mais de 2 mil cientistas para o exterior, esvaziamento das universidades, seus laboratórios e grupos de pesquisa, além de um grande atraso para o desenvolvimento do brasil. +",0,0,0
16469,2020-08-19 12:30:12 utc,leonardo pericles,"vejam o saldo do despejo/massacre promovido pelo gov. desumano romeu zema:
entre a quarta(12) e esta segunda (17), o número de contágios pelo novo coronavírus em campo do meio quase dobrou, passando de 14 para 27. boletim epidemiológico da secretaria de saúde de mg. #zemacovarde",0,0,0
30131,2019-02-03 11:43:29 utc,soraya thronicke,"@junior_vaz não foi vergonha alguma viajar para a china, pois não cometi nenhum crime lá. trabalhei pelo brasil e pelo meu estado, cujo maior importador é este país. sou uma pessoa correta e responsável, infelizmente pessoas caíram na falácia mal-intencionada.",0,0,0
9377,2019-11-17 22:12:10 utc,lulaoficial,quero agradecer a todos os artistas que estão aqui. ninguém pode impedir nossa luta pra que nossos filhos vivam em um país melhor.,0,0,0
1476,2021-12-27 08:47:38 utc,jairbolsonaro,"- as fortes chuvas voltaram ao sul da bahia.
- continuam na região todos os meios do @govbr na desobstrução de rodovias, distribuição de alimentos, resgate, antecipação do fundo de garantia, etc.
- na região estão os @mincidadania @joaoromaneto e @mdregional_br @rogeriosmarinho",0,0,0
19547,2022-06-22 22:00:00 utc,felipe davila,"a poucos meses da eleição, bolsonaro tenta emplacar mais uma medida populista, criando uma emenda constitucional para resolver um problema de curto prazo (aumento do gás e combustível). esse é mais um retrato de um governo à deriva que não sabe o que fazer para enfrentar a crise.",0,0,0
570,2022-07-26 10:09:21 utc,jairbolsonaro,"- teto do financiamento para o curso de medicina aumentou em mais de 20%, em 2022.
 
- os cursos da área receberam um implemento de 22,8% e passarão do atual valor, r$ 42.983,70, para r$ 52.805,66. o teto do financiamento dos demais cursos permanece no valor de r$ 42.983,70.",0,0,0
29924,2019-03-26 12:44:16 utc,soraya thronicke,"@damaresalves amém, ministra! este é o governo também da sensatez. acreditamos muito na sua competência e no seu trabalho.",0,0,0
8215,2021-07-06 00:03:23 utc,lulaoficial,"aqueles que tentam dizer que tem uma polarização entre dois extremos são as pessoas que estão procurando uma terceira via. é terceira via, quarta via, quinta via... daqui a pouco vão fazer um sorteio na caixa econômica pra encontrar a tal da via…",0,0,0
21345,2022-08-21 22:07:19 utc,sofia manzano,"faltam 2 horas para o nosso tuitaço!

#vote21",0,0,0
11157,2022-06-30 11:00:51 utc,ciro gomes,"há cenas que nos comovem por si só. muito mais quando vão além das imagens. este vídeo, postado pela talentosa @dirapaes, de seu irmão pedro cuidando do bebê de uma aluna, enquanto dá aula, tocou meu coração de pessoa que tem dedicado a vida à educação. <u+0001f44f><u+2764><u+fe0f><u+2764><u+fe0f>",0,0,0
21576,2022-07-14 17:39:45 utc,sofia manzano,@nandoujc @ujcbr parabéns ujc. só vitórias!,0,0,0
10857,2022-08-18 14:58:45 utc,ciro gomes,"entre 2010 e 2020, o brasil cresceu zero pela primeira vez em 120 anos. a população está empobrecendo de forma generalizada, sendo que, nesse mesmo período, o país patrocinou a mais perversa concentração de renda do mundo.",0,0,0
12495,2021-08-12 23:49:26 utc,ciro gomes,"temos quinze longos meses para amadurecer um debate generoso sobre o que está acontecendo no brasil e as soluções que vamos construir juntos. você não está obrigado a uma escolher lula nem bolsonaro. dê um tempo, acompanhe os debates e propostas! #uniaopelobrasil #2022emdebate",0,0,0
8325,2021-05-25 18:53:45 utc,lulaoficial,"eu nunca vi tanta gente na rua como tenho visto. tanta criança pedindo esmola, passando fome. e o mundo vendo no noticiário bilionário comprando iate de 400 milhões de dólares.",0,0,0
15941,2022-12-13 16:24:04,leonardo pericles,"sobre a ação dos fascistas no df durante a diplomação de lula, fica a lição fundamental q a luta contra o fascismo não se encerra nas eleições.
esperamos q o governo lula atenda aos interesses do povo. mas não vamos esperar sentados. vamos à luta por direitos e contra o fascismo!",0,0,0
6853,2022-07-13 21:16:58 utc,lulaoficial,não quero tirar um rico para colocar um pobre no lugar. o que eu quero é que o pobre tenha a mesma oportunidade que o rico e que as mulheres recebem o mesmo salário dos homens e que não seja tratadas como objetos de cama e mesa.,0,0,0
6757,2022-07-28 19:50:26 utc,lulaoficial,"@andrejanonesadv fico feliz. essa também é a causa que me motiva na política, estamos juntos nisso. vamos conversar.",0,0,0
22820,2021-02-20 12:52:19 utc,sofia manzano,"@xhnews congratulatons. may this century be the century of socialism, towards communism.",0,0,0
16703,2022-12-01 11:47:12 utc,simone tebet,@stebetfc bom dia. vamos juntos! <u+270a><u+0001f49c>,0,0,0
13230,2021-01-11 01:31:35 utc,ciro gomes,@mrtn_blackberry <u+0001f956>=<u+0001f33e>=<u+0001f4b5>,0,0,0
13148,2021-01-30 14:29:54 utc,ciro gomes,"@moduinnek ideia, exemplo e militância! <u+0001f339><u+0001f1e7><u+0001f1f7>",0,0,0
1612,2021-10-19 14:22:41 utc,jairbolsonaro,@ivanduque bienvenido presidente! <u+0001f1e7><u+0001f1f7><u+0001f91d><u+0001f1e8><u+0001f1f4>,0,0,0
29249,2019-07-20 00:00:58,soraya thronicke,"a esquerda atrapalha a geração de empregos. no senado, estão destruindo, pouco a pouco, a tão suada reforma trabalhistas. o que eles propõem não proporcionam aos seus colaboradores. deus, me dê sabedoria! <u+0001f64f><u+0001f3fc>",0,0,0
7338,2022-04-26 17:07:06 utc,lulaoficial,"o brasil precisa ter uma chance. eu vivi os melhores momentos do país, vi esse país sendo referência para muitas coisas no mundo. muitas coisas foram destruídas e vamos ter que reconstruir. e não existe como mudar esse país se não for pela via da política.",0,0,0
20222,2021-06-12 13:35:10 utc,felipe davila,"maciel se foi sem ver o voto distrital virar realidade. ele não sai da pauta, mas nunca é votado. hoje, o parlamento só tem sugerido medidas para piorar ainda mais a  questão política, como o distritão e a federação de partidos. (4/4)",0,0,0
7055,2022-06-13 10:39:35 utc,lulaoficial,"cada cidade que visitarmos, vamos fazer reuniões para escutar diversos setores da sociedade e discutir melhorias para o brasil. não seria possível fazer o que fizemos quando estivemos no governo se não fosse o aprendizado que tivemos com o povo. bom dia e boa semana.",0,0,0
1176,2022-03-30 21:26:38 utc,jairbolsonaro,@mdregional_br <u+0001f1e7><u+0001f1f7>,0,0,0
16340,2022-01-18 20:43:07 utc,leonardo pericles,"@hoxhaista muito bom te ter aqui, camarada!",0,0,0
14134,2020-08-24 21:05:34 utc,ciro gomes,"deixo meu abraço ao amigo @flaviodino, que perdeu seu pai hoje. que encontre força, paz e luz nesse momento.",0,0,0
1837,2021-05-25 10:06:38 utc,jairbolsonaro,"- prorrogado novamente o zeramento da tarifa de importação sobre itens essenciais ao combate ao covid.

- a relação tem 628 produtos, entre medicamentos e vacinas, equipamentos hospitalares, itens de higiene pessoal e outros insumos. @mineconomia @govbr @secomvc",0,0,0
13714,2020-10-20 22:30:33 utc,ciro gomes,@pompeodemattos #é12! <u+0001f339><u+0001f1e7><u+0001f1f7>,0,0,0
29817,2019-04-13 18:48:48 utc,soraya thronicke,"força, @senadoraselma!",0,0,0
8615,2020-12-01 18:03:30 utc,lulaoficial,teve gente que não entendeu o meme. <u+2b50><u+fe0f> #equipelula,0,0,0
19580,2022-05-12 14:51:20 utc,felipe davila,estive na abertura do sindimais 2022 para falar do projeto de brasil que o novo defende e sobre como as relações trabalhistas contribuem com o aumento da produtividade no brasil. agradeço aos organizadores pelo convite. #novo #partidonovo #felipedavila  #sindimais,0,0,0
1751,2021-07-15 18:33:09 utc,jairbolsonaro,"- por motivo de internação hospitalar comunico a impossibilidade de realizar a live de hoje, bem com nossa ida a manaus fica adiada.",0,0,0
17567,2021-09-16 00:58:51 utc,simone tebet,@trentin_leo1 <u+0001f64c><u+0001f64c><u+0001f64c>,0,0,0
28189,2021-03-11 00:14:05 utc,soraya thronicke,"eu aguento muita coisa na vida, quem me conhece sabe disso... já estou com o couro grosso como dizem por aí... 

só que contar mortos jamais esteve no meu mais surreal script!",0,0,0
6292,2022-09-17 19:02:13 utc,lulaoficial,"sim, curitiba, paraná, república federativa do brasil. um grande abraço pro povo paranaense.",0,0,0
22614,2021-03-29 18:24:10 utc,sofia manzano,precisamos acabar com a política militar.,0,0,0
12345,2021-09-23 13:02:19 utc,ciro gomes,"turma, vou conversar daqui a pouco, às 10h20, com @datenaoficial. assista pelo youtube da @rbandeirantes.

compartilhe #cironodatena!",0,0,0
1622,2021-10-13 16:39:46 utc,jairbolsonaro,"- e junto com o títulos, o @mapa_brasil também disponibilizou recursos. foram r$ 10,4 milhões em créditos de reforma agrária disponibilizados de 2019 a 2021. esse valor assegurado às famílias assentadas no estado é maior que os 5 anos anteriores. @incra_oficial",0,0,0
22686,2021-03-21 01:30:40 utc,sofia manzano,tem dia que eu torço para o  asteróide chocar com a terra.,0,0,0
7092,2022-06-07 19:27:43 utc,lulaoficial,"mesmo assim defenderei até o fim a liberdade de imprensa. minha solidariedade aos profissionais que hoje enfrentam agressões verbais e físicas, vazamentos de dados pessoais, ameaças de morte e outras formas de violência. a verdade será sempre maior que as fake news e o ódio.",0,0,0
22816,2021-02-22 02:29:25 utc,sofia manzano,"essa foi uma partida que valia a pena assistir, até pela trilha sonora. só craques.",0,0,0
9216,2020-03-03 21:01:16 utc,lulaoficial,"eu achava que as pessoas ficariam felizes de ver uma menina pobre chegando à universidade. mas a sociedade, infelizmente, fomenta preconceito. e eu tenho certeza que foi por isso que deram o impeachment na @dilmabr.",0,0,0
19744,2022-03-10 15:37:49 utc,felipe davila,"se tivesse sido diferente, hoje, o brasil sofreria muito menos com as sanções acertadamente impostas à rússia.

o etanol seria uma alternativa caseira para amenizar a alta do barril de petróleo..

e melhor: uma solução sustentável.

não podemos mais eleger amadores.",0,0,0
22858,2021-01-31 00:43:45 utc,sofia manzano,amanhã. carreata #forabolsonaro,0,0,0
21326,2022-08-22 00:16:40 utc,sofia manzano,@horopito23 @coimbrasousa por isso #vote21,0,0,0
2182,2020-11-10 09:43:46 utc,jairbolsonaro,"11. o ministro @astro_pontes e o presidente @jairbolsonaro trabalham, desde fevereiro, ao lado da ciência, no combate ao covid-19.",0,0,0
29711,2019-05-01 16:40:41 utc,soraya thronicke,@curylacerda @caroldetoni3 qual o seu estado? qual a cidade?,0,0,0
3566,2019-09-08 20:26:32 utc,jairbolsonaro,"- mais uma cirurgia. desta vez foram 5 horas, mas estamos bem. obrigado a todos pelo apoio e orações! obrigado deus pela minha vida! logo estarei de volta ao campo. irruuu!",0,0,0
15252,2019-04-24 17:27:53 utc,ciro gomes,"3) conclusão: se não houver mobilização nas ruas e um apelo popular sobre cada deputado da situação, o prejuízo pode ser fatal!
a única categoria que tem conseguido algum respeito do governo é a dos caminhoneiros. por que? porque está lutando!",0,0,0
28609,2019-11-10 20:40:42 utc,soraya thronicke,"@josemedeirosmt isso é grave demais, zé!",0,0,0
30266,2022-06-06 22:53:43 utc,padre kelmon,@ptb14 alguém precisa para alexandre de moraes,0,0,0
3861,2019-05-24 13:40:58 utc,jairbolsonaro,@luisduda2 <u+0001f44d>,0,0,0
24965,2020-04-15 19:36:32 utc,vera lucia,"promessa de 8 mil testes/dia para covid-19 em sp só vai ser cumprida em maio. o que  @joaodoria45  está testando é a  paciência e a vida dos paulistas. exigimos teste gratuitos em massa, para acabar com a subnotificação. #testeparatodosjá #pelofimdasubnotificação",0,0,0
6121,2022-09-28 15:53:26 utc,lulaoficial,"no espírito santo, o time do lula é @casagrande_es e @ricardoferraco para o governo. e no senado é @senadorarose! #brasildaesperança #equipelula",0,0,0
28638,2019-11-07 05:24:29 utc,soraya thronicke,"@portimeu_br você! ele é mais um servidor público, como eu como muitos. chega disso!",0,0,0
24992,2020-03-21 23:16:04 utc,vera lucia,"rio de janeiro (rj).
#panelacodeaniversario #forabolsonaro",0,0,0
21922,2022-04-07 21:45:13 utc,sofia manzano,@kawtt7 siga as redes do pcb,0,0,0
11351,2022-05-27 00:46:58,ciro gomes,"porque se nós aceitarmos esses números, a maioria do povo tá indicando que quer manter o modelo que o lula administrou, que é o mesmo modelo econômico que está aí, produzindo inadimplência, desemprego, desalento, e o 2º pior salário-mínimo em poder de compra dos últimos 16 anos.",0,0,0
20136,2021-08-02 13:45:37 utc,felipe davila,a mentira vai se tornando realidade e ameaça criar um retrocesso no sistema eleitoral que não só aumentará a chance de fraude como custará aos cofres públicos mais de r$ 2 bilhões para reintroduzir o voto impresso. (4/9),0,0,0
6372,2022-09-10 22:13:01 utc,lulaoficial,"olê, olê, olê, olá... <u+2764><u+fe0f> #equipelula",0,0,0
29475,2019-06-13 01:59:52 utc,soraya thronicke,"@mazinho_oasis @jairbolsonaro eu faço o que é importante e o que o meu patrão manda, @jairbolsonaro  .  sou obediente e responsável.",0,0,0
30091,2019-02-23 20:28:45,soraya thronicke,dias tristes foi o que vocês criaram para o povo da américa latina. onde está a ajuda de vocês para o povo venezuelano? onde estão os artistas que vocês sempre bancaram?,0,0,0
29104,2019-08-16 00:53:47 utc,soraya thronicke,"para votar contra o abuso de autoridade, cheguei a ir contra interesses da advocacia, minha profissão, que podia esperar outro pl, diante da gravidade do caso. otimista, acreditei que a câmara conseguiria reverter a burrada do senado. ledo engano... #vetatudobolsonaro",0,0,0
17516,2021-11-21 13:05:02 utc,simone tebet,"desejo sorte e perseverança aos mais de 3 milhões de jovens que farão o enem. a prova é uma etapa imprescindível para a conquista da cadeira universitária. inadmissível ingerência para contaminá-la com negacionismo, falso puritanismo ou patrulha ideológica de quem quer que seja.",0,0,0
2589,2020-06-20 19:44:31 utc,jairbolsonaro,"4. o @mdregional_br também selecionou 6 projetos para melhorar e ampliar os sistemas de abastecimento de água e saneamento básico em são paulo;

5. foi autorizada a retomada de obras de 730 moradias em suzano (sp) e tabatinga (am), gerando mais 2,6 mil empregos nos locais;",0,0,0
5758,2022-10-19 14:35:21 utc,lulaoficial,"eu acho que os evangélicos prestam um trabalho excepcional nesse país. uma família quando sai de casa para ir pra igreja, não sai pra ouvir coisas políticas, ela vai para orar.",0,0,0
8856,2020-08-09 14:49:24,lulaoficial,é um domingo triste de dia dos pais. são 100 mil vidas perdidas. a bomba de hiroshima matou 90 mil. e a bomba da ignorância que o bolsonaro soltou matou mais.,0,0,0
13586,2020-10-30 13:25:29 utc,ciro gomes,@chico_dangelo @pdt_nacional @delmartharocha a #martharochaprefeita tem coragem e preparo para mudar essa realidade triste e revoltante do rio de janeiro.,0,0,0
23919,2022-02-01 15:11:20,vera lucia,"as ppp's para construir o metro de são paulo levam a prioridade total para o lucro, com grande desprezo a saúde. 

não devemos deixar a cidade de são paulo a mercê do lucro dessas multinacionais!
@_camilomartin explica",0,0,0
22475,2021-06-18 00:26:46,sofia manzano,"eu não estou disposta a baixar meu nível ao nível das barbaridades dos ""empresários carlos wizad' .
é muito lixo tóxico",0,0,0
28702,2019-10-23 23:55:37 utc,soraya thronicke,"@linikerpapke não quer ir para a cadeia? simples, é só não cometer nenhum delito!",0,0,0
29823,2019-04-12 01:32:13 utc,soraya thronicke,@marcinhonf e os maldosos e invejosos lideram essa sacanagem.,0,0,0
3167,2020-02-06 09:53:01 utc,jairbolsonaro,"6- honramos, nesses 400 dias, o compromisso de pegar pesado na questão da segurança. estamos batendo recordes na apreensão de drogas. também aprovamos o pacote anticrime, que dentre os avanços conquistados, está o aumento de 30 para 40 anos a pena máxima de reclusão no país.",0,0,0
2126,2020-12-01 18:06:38 utc,jairbolsonaro,"a2. do total arrecadado com a venda dos bens perdidos para a união, 40% é destinado às forças policiais responsáveis pelas apreensões. o outro montante é destinado ao fundo nacional antidrogas (funad) para investimentos em ações e projetos na área de segurança pública. @govbr",0,0,0
15198,2019-07-19 13:48:53 utc,ciro gomes,por isso sigo na luta e reafirmando: só um projeto nacional de desenvolvimento que una quem produz e quem trabalha pode reverter essa situação.,0,0,0
7776,2021-12-02 22:58:54 utc,lulaoficial,"sei o que é a fome. eu fui comer pão pela primeira vez aos 7 anos de idade. na fábrica eu comia correndo pra ninguém reparar que eu não tinha mistura. 

- lula no podpah",0,0,0
29707,2019-05-01 19:51:14 utc,soraya thronicke,"o psl, partido que nos acolheu, está  cada vez mais forte e unido. não cairemos na vala comum jamais. tem gente desalinhada? sempre tem. mas onde tem gente é assim mesmo, a seleção será natural. estamos arrumando a casa para a colheita de 2020. vem com a gente! filie-se!",0,0,0
21811,2022-05-19 20:14:36 utc,sofia manzano,@tiiltei @opoderpopular obrigada,0,0,0
2728,2020-05-20 13:50:47 utc,jairbolsonaro,"7- o governo federal destaca a iniciativa + manutenção de respiradores, rede 
voluntária formada pelo senai e por grandes indústrias. saiba onde estão os 
39 pontos que recebem esses equipamentos para conserto no site do portal da 
indústria.",0,0,0
23986,2021-12-21 16:41:30 utc,vera lucia,"#fundaodavergonhanao
gente: uma conta rápida aqui, se manter os r$ 5,7 bi em discussão do orçamento de 2022 para o fundo eleitoral, e considerando que estarão em disputa em torno de 1.627 cargos públicos no brasil.",0,0,0
27709,2022-08-22 15:18:58 utc,soraya thronicke,@carpespitrez seu apoio é muito importante nessa caminhada !!,0,0,0
2262,2020-10-11 16:25:47 utc,jairbolsonaro,"@terezacrisms @govbr <u+0001f91d><u+0001f1e7><u+0001f1f7>, ministra!",0,0,0
20181,2021-06-25 18:30:25 utc,felipe davila,"nos eua, democratas e republicanos moderados se uniram nas eleições de 2020 para derrotar donald trump e eleger biden presidente. há duas semanas, uma coligação plural de partidos de direita e de esquerda se uniu para destronar o poderoso chefão de israel, bibi netanyahu. (4/5)",0,0,0
13599,2020-10-30 12:57:01 utc,ciro gomes,@jmmurbach bom dia! <u+0001f339><u+270a> #martharochaprefeita,0,0,0
17575,2021-09-08 18:18:54 utc,simone tebet,fux: ninguém fechará esta corte. falou direto ao presidente. houve crime de responsabilidade. recado claro  para o congresso nacional. desafinou a lira do nero.,0,0,0
7773,2021-12-02 23:06:54 utc,lulaoficial,"no meu governo tudo falavam ah, mas o lula tem sorte. foi sorte 

porra, então nós precisamos de um presidente que tenha sorte! 

- lula no podpah",0,0,0
1065,2022-04-29 10:32:09 utc,jairbolsonaro,"- mais apreensões em diferentes regiões do país.

. em poconé (mt), foram encontrados 177kg de pasta base.

. em torres (rs): foram 12kg de cloridrato e 38kg de crack;

. em altamira (pa): 23kg de pasta base de cocaína;",0,0,0
11246,2022-06-15 19:39:31 utc,ciro gomes,"em 2012, era áurea do pt, a renda média mensal dos mais pobres era de r$ 75 mensais. o pt que tanto gastou o termo herança maldita, falando mal de fhc, será que aceitaria que chamássemos isso também de herança maldita?",0,0,0
15223,2019-06-10 14:30:50 utc,ciro gomes,"6- por essa razão, espero que as instituições brasileiras funcionem: conselho nacional de justiça, conselho nacional do ministério público, stf e congresso nacional, devem se debruçar sobre o assunto, investigar e passar o brasil a limpo.",0,0,0
22020,2022-03-21 18:03:23 utc,sofia manzano,@politic_nicki @colemeuchapa @dukkaoficial @ptbrasil @lulaoficial obrigada pelo apoio. vamos tornar nossa pré candidatura na real alternativa para a classe trabalhadora no brasil?,0,0,0
21982,2022-03-29 13:40:08 utc,sofia manzano,"esses dias me perguntaram: se eu for eleita presidente da república, quem eu indicarei para o stf. 
a resposta:",0,0,0
11609,2022-04-06 20:07:57 utc,ciro gomes,"caro @tonyvitorinojr, não é por acaso que vivemos em boa companhia. o projeto nacional de desenvolvimento nos une e nos guia !",0,0,0
5630,2022-10-24 01:20:04 utc,lulaoficial,"a periferia brasileira hoje produz uma imensidão de cultura. eu lembro do início da carreira do mano brown. eles nunca tiveram chance no rádio, na televisão, e vendiam pra caramba sem nenhum apoio. na periferia tem produção cultural acontecendo em todos os lugares. #lulanodlshow",0,0,0
21050,2022-09-19 14:56:27 utc,sofia manzano,"""1 - política fiscal: não há movimentação para revogar o teto de gastos; 2 - enfrentamento ao agronegócio; 3 - relações de trabalho no brasil. destaco esses três pontos como diferenças em relação ao programa do @lulaoficial"" 

#vote21 #pcb21 #sofia50mil #sofiamanzano21",0,0,0
11216,2022-06-21 23:43:52 utc,ciro gomes,"""essa é a proposta do flow: somos pessoas normais que conversam com pessoas importantes para a sociedade e trazemos perguntas de pessoas reais. nós queremos saber das questões próximas das pessoas, trazemos um papo mais humano."" @igor_3k na #cirogames",0,0,0
5329,2022-11-28 10:40:13 utc,lulaoficial,"bom dia. hoje tem brasil! <u+0001f1e7><u+0001f1f7> acompanho o jogo em brasília, onde hoje tenho reunião com @geraldoalckmin para seguirmos trabalhando na transição e preparação do novo governo. uma ótima semana para todos.",0,0,0
522,2022-07-30 10:37:54 utc,jairbolsonaro,"- a empresa já havia registrado em 2021 o maior volume da história, movimentando 64 bilhões de tku. o resultado foi impulsionado pelo fluxo de mt, onde cresceu 3,7%, transportando 20 milhões de ton úteis.

- empregos, menos custos, crescimento do país e logística de transporte.",0,0,0
6367,2022-09-11 18:43:24 utc,lulaoficial,"outro importante impacto do bolsa família foi na saúde da população porque o foco do programa era o bem-estar das pessoas, principalmente de crianças e mulheres gestantes que tinham o sistema vacinal e tratamentos básicos em dia. #equipelula",0,0,0
7741,2021-12-20 02:39:48,lulaoficial,"qualquer candidato pode ir pra televisão mentir, fazer promessas vãs. eu não posso. eu tenho um legado, tenho que fazer mais do que eu fiz. vou encontrar uma realidade de fome mais forte, inflação mais forte, descrença mais forte, ódio propagado pelo atual governo.",0,0,0
8324,2021-05-25 18:56:37 utc,lulaoficial,"tenho dito ao pessoal no pt que se for pra ser candidato, vai ter que ser pra fazer muito mais do que a gente fez. não sei se vou ser presidente, mas quero que você tenha certeza que vou ser um soldado da sua luta @pejulio. você pra mim é exemplo e motivo de orgulho.",0,0,0
27525,2022-09-03 23:26:33 utc,soraya thronicke,@elizianegama <u+0001f44f><u+0001f3fc><u+0001f44f><u+0001f3fc><u+0001f44f><u+0001f3fc>,0,0,0
21174,2022-09-07 04:18:43,sofia manzano,"como a classe dominante se apropria das pautas identitárias nesse momento? 
exaltando a leopoldina, imperatriz que defenfia os interesses das metrópoles colonizadoras e não do brasil, mas era mulher!
7 de setembro é dia de luta des excluídos 
#diadosexcluidos",0,0,0
7923,2021-09-22 14:14:54 utc,lulaoficial,@uczai @patriqueuiliam voltou!,0,0,0
16860,2022-09-24 23:39:37 utc,simone tebet,"venceu a democracia e viva a democracia brasileira! apesar dos embates, hoje nós falamos das propostas que são para o brasil. nosso país precisa mudar de verdade e, agora, a palavra final é do eleitor. +",0,0,0
11260,2022-06-13 19:05:52 utc,ciro gomes,"o pib brasileiro está estagnado e não por causa do bolsonaro, que é um desastre, está estagnado porque o modelo econômico  câmbio flutuante, superávit primário, meta de inflação  e o teto de gastos agravam tudo isso, proíbem o brasil de crescer. <u+0001f447>",0,0,0
14228,2020-08-02 20:07:09 utc,ciro gomes,@mazitapnd @pr_alexandregon #reparebem que turma boa incrível <u+0001f339><u+2764><u+fe0f>,0,0,0
4234,2019-02-13 10:06:46 utc,jairbolsonaro,"para maior transparência e melhor empregabilidade do dinheiro público, informamos que todos os patrocínios da petrobras estão sob revisão, objetivando enfoque principal dos recursos para a educação infantil e manutenção do empregado à orquesta petrobras.",0,0,0
12558,2021-07-08 12:54:50 utc,ciro gomes,"o debate dos problemas  nacionais está tão tenso e distorcido, e a percepção  dos fatos políticos tão contaminada, que uma declaração singela do senador omar aziz, retirada do contexto, é capaz de gerar uma nota tão grave - e sem foco - como a emitida pelo ministério da defesa.",0,0,0
28978,2019-09-12 17:38:13 utc,soraya thronicke,"finalmente entregamos, ministro @astro_pontes! o seu trabalho é diferenciado, o brasil lhe agradece! 
@jairbolsonaro",0,0,0
3846,2019-05-27 00:16:55 utc,jairbolsonaro,@beserrote rondônia! <u+0001f44d>,0,0,0
9207,2020-03-10 19:21:40 utc,lulaoficial,nós não fizemos no brasil uma revolução. não fizemos sequer distribuição de riqueza. o que fizemos foi fazer com que o pobre tivesse direito a um pedaço do bolo. pudesse fazer três refeições. ter um diploma universitário. um emprego. luz para sair da escuridão do candieiro.,0,0,0
26369,2013-10-01 01:11:09,vera lucia,o governo federal tenta a todo custo tapar o sol com a peneira. o discurso de que o brasil está com o economia... http://t.co/kiq4wwrgu3,0,0,0
13551,2020-11-06 22:28:49 utc,ciro gomes,dá bilhão de motivos para seguir na luta pelo brasil! abraços ao nosso futuro prefeito de curitiba!,0,0,0
4061,2019-03-31 10:19:02 utc,jairbolsonaro,"após revelação do @minfraestrutura de pedidos prontos de mais de 8.000 novos radares eletrônicos na rodovias federais do país, determinei de imediato o cancelamento de suas instalações. sabemos que a grande maioria destes têm o único intuito de retomo financeiro ao estado.",0,0,0
15185,2019-08-25 13:15:40 utc,ciro gomes,"a floresta vale muitos mais trilhões de dólares em pé do que cortada, dando milhõezinhos por curto prazo.

porque ali estão os princípios ativos da nova farmácia, da nova química, a base da biotecnologia, uma plataforma para a bioenergia: tudo que o mundo cobiça.",0,0,0
12737,2021-05-11 13:33:21,ciro gomes,"há meses, clamo, aqui, contra a ação sistemática de bolsonaro e seus milicianos para acabar com as universidades públicas brasileiras. na semana passada, endossei o alerta para o colapso financeiro de grandes universidades, cujo símbolo mais dramático é a ufrj...",0,0,0
11894,2022-01-22 16:51:13 utc,ciro gomes,"david miranda (@davidmirandario) tem uma história de muita luta e superação. mostra ao brasil que o exemplo da boa educação pública transforma vidas. foi assim com ele, ao estudar no ciep idealizado e construído por brizola. obrigado por vir lutar junto conosco no @pdt_nacional.",0,0,0
21004,2022-09-23 22:18:00 utc,sofia manzano,golpistas!,0,0,0
23705,2022-05-30 15:53:42 utc,vera lucia,"@capitaoplaneta9 verdade, não sabemos o que é pior: esse cidadão folgando com dinheiro público ou fazendo alguma coisa, pq dali só sai desgraça.",0,0,0
20974,2022-09-26 18:51:15 utc,sofia manzano,arte do camarada @vicentearte,0,0,0
1524,2021-12-02 16:03:48 utc,jairbolsonaro,"@rogeriosmarinho <u+0001f91d><u+0001f1e7><u+0001f1f7>, ministro!",0,0,0
22895,2021-01-20 16:37:11 utc,sofia manzano,"como eu sou quase velhinha, nem sei o que é cultura geek, mas se é do meu @pcbpartidao tenho certeza que é pela revolução. todo apoio camaradas.",0,0,0
17035,2022-08-27 13:48:45 utc,simone tebet,"@miriamleitao agradeço as palavras, @miriamleitao. o povo brasileiro merece e precisa saber nossas propostas de reconstrução do país. é possível fazer diferente! <u+270a><u+0001f49c>",0,0,0
28493,2020-02-24 18:08:22 utc,soraya thronicke,@marcobolsonunes lamento lhe informar que os fatos narrados são verdadeiros. quem dera fosse fake!,0,0,0
22064,2022-03-13 16:43:44 utc,sofia manzano,"isso é uma ameaça? 
não é da conta das forças armadas quem vai governar o país.
se for o lula e o pt, ou se formos nós e o pcb, você e as ff.aa. irão respeitar. 
não adianta bradar. 
ditadura nunca mais!",0,0,0
6339,2022-09-14 15:45:15 utc,lulaoficial,"gostaria que este evento aqui hoje com cooperativas fizesse uma homenagem a dona ilza, que foi humilhada de uma forma só pode ser feita por alguém que não tem caráter. eu liguei para ela, mas no momento ela não pôde atender, mas queria prestar minha solidariedade.",0,0,0
22277,2022-01-02 20:16:19 utc,sofia manzano,"enquanto a democracia política é o objetivo real.... esse argumento é muito adequado para levar as massas a acreditar na justiça de sua causa, mas não pode garantir-lhes a certeza da vitória."" g.mayer em friedrich engels: uma biografia.",0,0,0
24999,2020-03-20 20:55:41 utc,vera lucia,"devemos combater o coronavírus dando suporte à pesquisa e fortalecendo o setor de ciência e tecnologia. contudo, a portaria 34 da #capes vai na contramão, ao permitir cortes de até 50% nas bolsas de pós graduação. @jairbolsonaro é inimigo da ciência e da vida. #forabolsonaro",0,0,0
15418,2018-10-01 02:36:36,ciro gomes,as constituições nasceram para frear a prepotência dos poderosos. elas precisam ser respeitadas e estão a serviço do povo! #cironarecord #ciro12 #ovotonarecord,0,0,0
9170,2020-04-02 11:30:50 utc,lulaoficial,"é preciso que a gente tenha muita solidariedade com os profissionais da saúde que colocam a própria vida em risco, inclusive atendendo o pessoal que não está levando o coronavírus a sério e fica defendendo a saída da quarentena.",0,0,0
24175,2021-08-06 00:19:49 utc,vera lucia,"estava até agora a pouco na 11° dp esperando libertarem galo. até agora nada... permanecem lá a sua esposa, sua mãe, alguns ativistas e a imprensa alternativa. somente uma razão para galo não ser libertado até agora: política. porque juridicamente é ilegal e imoral!",0,0,0
3499,2019-10-05 18:45:52 utc,jairbolsonaro,dá para entender o motivo do desespero de alguns. seguimos!,0,0,0
28316,2020-06-15 12:42:44 utc,soraya thronicke,@majorolimpio <u+0001f44f><u+0001f3fc><u+0001f44f><u+0001f3fc><u+0001f44f><u+0001f3fc>,0,0,0
23969,2022-01-09 16:32:12 utc,vera lucia,"a barragem está no alerta máximo para o rompimento! centenas de trabalhadores correm o risco de perder todas suas conquistas, fruto do suor do trabalho. vale tudo pelo lucro, @vallourec? precisamos acabar com esse modelo de mineração já! o capital não está acima da vida!",0,0,0
29810,2019-04-15 13:06:27 utc,soraya thronicke,"legislação específica, direcionada.",0,0,0
28711,2019-10-21 14:13:40 utc,soraya thronicke,@rsallesmma <u+0001f44f><u+0001f3fc><u+0001f44f><u+0001f3fc><u+0001f44f><u+0001f3fc> bravo!!!,0,0,0
3054,2020-03-15 23:22:21 utc,jairbolsonaro,* camboriú,0,0,0
1889,2021-05-06 16:06:26 utc,jairbolsonaro,"a2. estão sendo alcançados vários municípios em al, ba, ce, es, a, mg, ms, mt, pá, pb, pe, pi, pr, rn, rs, sc, ro e sp, conforme as portarias gm/ms 839 e 851, publicadas no diário oficial da união (dou). @secomvc",0,0,0
28381,2020-05-10 15:45:53 utc,soraya thronicke,"retificando o e-mail:

sen.sorayathronicke@senado.leg.br",0,0,0
2037,2021-02-28 18:59:19 utc,jairbolsonaro,"amazonas: r$ 18,5 bilhões.
auxílio: r$ 6,84 bilhões. 

amapá: r$ 6,7 bilhões.
auxílio: r$ 1,47 bilhões.

bahia: r$ 67,2 bilhões.
auxílio: r$ 25,35 bilhões.

ceará: r$ 42,5 bilhões.
auxílio: r$ 15,17 bilhões. 

distrito federal: r$ 9,8 bilhões
auxílio: r$ 3,45 bilhões.",0,0,0
17830,2021-01-17 21:38:29 utc,simone tebet,@cdasnunes acesse a matéria novamente e veja a errata. assessoria,0,0,0
18037,2019-01-26 11:56:55 utc,simone tebet,"lamento que após 3 anos do desastre ambiental de mariana, outro ""mar de lama"" carregue vidas e deixe um rastro de vítimas e prejuízos ambientais, patrimoniais e emocionais.",0,0,0
19196,2022-09-04 10:05:01 utc,felipe davila,"o verdadeiro desastre das políticas populistas veio à tona em 2015.

foi a explosão da dívida pública, o crescimento do desemprego, a disparada da inflação, a queda da atividade econômica e dos investimentos ao nível mais baixo da história do país.

não podemos voltar ao passado.",0,0,0
17144,2022-08-03 22:05:32 utc,simone tebet,sua postura e apoio ao aumento da participação feminina demonstra respeito e entendimento sobre o momento político atual. obrigada!,0,0,0
29085,2019-08-18 22:41:24 utc,soraya thronicke,@abnarakoteski @twitter estou com um pl a respeito disso.,0,0,0
1994,2021-03-29 22:06:30 utc,jairbolsonaro," casa civil da presidência da república: general luiz eduardo ramos baptista pereira;

 ministério da justiça e segurança púbica: delegado da polícia federal anderson gustavo torres;",0,0,0
2836,2020-04-27 20:40:21 utc,jairbolsonaro,- uma coisa é pedir informações sobre inquéritos sigilosos em curso (o que nunca houve) e outra coisa ter acesso a conhecimento de inteligência produzido nos termos da lei (o que sempre me foi dificultado).,0,0,0
23965,2022-01-11 22:05:31 utc,vera lucia,"sobre a situação do cazaquistão:
o elemento decisivo para os protestos foi o aumento do preço do combustível, porém a revolta se inscreve em um contexto mais amplo.

segue o fio <u+0001f9f5>",0,0,0
14136,2020-08-24 13:06:02,ciro gomes,@mazitapnd o povo brasileiro continua sem resposta... #bolsonarocovarde,0,0,0
23334,2022-11-07 23:29:32,vera lucia,"gabriel monteiro foi preso finalmente! uma vitória da luta das mulheres contra o machismo, a violência e os abusos! que este seja o primeiro bolsonarista na cadeia de muitos que ainda faltam ir!",0,0,0
7830,2021-10-31 16:12:11 utc,lulaoficial,entrevista para a @trtworld.,0,0,0
27621,2022-08-29 14:28:35 utc,soraya thronicke,"a reforma tributária é a mãe de todas as reformas. por isso, daremos prioridade a ela já no início do nosso governo e vamos implantar 1 imposto só. #soraya44 #sorayapresidente #fiespcast #votesoraya44",0,0,0
23749,2022-04-26 21:59:01 utc,vera lucia,"@yodaprogress já rolou! hahahha

já estão me chamando de cada coisa!

nossa firmeza mete muito medo. querem desesperadamente vender a frente amplíssima com a burguesia como única opção.

essa adoração ao lula e aos governos do pt apenas beneficia a lógica que elegeu o bolsonaro.",0,0,0
22105,2022-02-22 01:49:43 utc,sofia manzano,"em defesa da lei de responsabilidade social. 
ouçam a minha entrevista no @pgmfaixalivre 
#poderpopular 
#sofiamanzanopcb
#pcb",0,0,0
20237,2021-06-09 00:22:37 utc,felipe davila,@ticostacruz construir pontes é necessário nesses tempos que vivemos. obrigado por participar dessa construção!,0,0,0
22536,2021-05-11 17:09:45,sofia manzano,"@josiasa30279889 @vihhh como dizia kalecki: os trabalhadores gastam o que ganham, os capitalistas ganham o que gastam.",0,0,0
24140,2021-08-22 16:26:44 utc,vera lucia,@aurelionery17 infelizmente essa é uma régua baixa né kkkkkkk,0,0,0
27121,2022-10-29 03:07:39 utc,soraya thronicke,@atwellfilms eu também! kkkk,0,0,0
11454,2022-05-06 17:36:00 utc,ciro gomes,"não surpreende que o clima de ódio, criado pela polarização raivosa e despolitizada que domina o país, comece a gerar estes lamentáveis incidentes. ainda é hora de refletirmos e cobrarmos serenidade para evitar que o ambiente se torne insustentável.",0,0,0
29858,2019-04-06 18:35:15 utc,soraya thronicke,@albertorcf fiz a minha parte dos dois casos. continue cobrando dos demais.,0,0,0
7036,2022-06-16 00:25:56 utc,lulaoficial,acabei de saber que possivelmente a polícia federal encontrou os corpos do dom philips e do bruno. é muito triste. pessoas mortas por defender terras indígenas e nosso meio ambiente. o brasil não pode ser isso.,0,0,0
27290,2022-10-14 00:52:36 utc,soraya thronicke,"@agrotoxicas @majorolimpio ai, vivi, vamos juntas, amore! só preciso de um momento sabático! silêncio, pleaseeee!",0,0,0
13502,2020-11-12 11:17:50 utc,ciro gomes,@osergiosampaio <u+0001f339><u+270a>1<u+20e3>2<u+20e3>,0,0,0
4119,2019-03-18 09:08:20 utc,jairbolsonaro,@sannordic @astro_pontes bom dia! <u+0001f91d>,0,0,0
28092,2021-06-19 20:31:55 utc,soraya thronicke,@araujoaudrea @thykadri o governo orientou voto sim.,0,0,0
16555,2020-03-09 00:02:50 utc,leonardo pericles,@up80_oficial a luta avança em todo brasil!,0,0,0
24034,2021-10-12 16:20:54 utc,vera lucia,"o wagner arrasou nesse texto! 

#negrosenegras #ativismonegro #encarceiramentoemmassa",0,0,0
14073,2020-08-31 23:31:03 utc,ciro gomes,"@midorihirase @marceloadnet vamo lá, turma boa! perguntem com as hashtags #respondabolsonaro #pauloguedesporque",0,0,0
10473,2022-09-26 13:51:34 utc,ciro gomes,"e, se for o caso, de optarem por aqueles que mais se aproxime de suas ideias. querem privá-las do direito de expressar seus sonhos e de testar a força de suas posições, enriquecendo o debate e fortalecendo a pluralidade de ideias. #ciromanifestoànação",0,0,0
28923,2019-09-19 00:54:05 utc,soraya thronicke,@loka1234567893 @rsallesmma @jairbolsonaro no site da câmara você consegue saber.,0,0,0
20917,2022-09-29 11:17:22 utc,sofia manzano,"também defendemos a manutenção da atual política de cotas raciais, a defesa da liberdade de culto religioso, combate ao preconceito e aos ataques às religiões de matriz africana e o fim do genocídio dos povos indígenas e do povo negro, ressalta o plano de governo.<u+0001f447><u+0001f3ff>",0,0,0
28767,2019-10-15 13:41:11 utc,soraya thronicke,"@hugo_valente @jairbolsonaro depois de anos e anos votando errado, a população vê uma luz no fim do túnel. assumamos que a culpa disso tudo é nossa. estamos agora correndo atrás do prejuízo.",0,0,0
27085,2022-11-03 00:04:11 utc,soraya thronicke,@marisoaresrb @dasosomariv <u+0001f60d><u+0001f60d><u+0001f60d>,0,0,0
6103,2022-09-28 15:59:32 utc,lulaoficial,"no tocantins, o time do lula é @paulomouraopt e professora germana para o governo. e no senado é @vileladopt! #brasildaesperança #equipelula",0,0,0
16408,2021-03-21 14:11:11 utc,leonardo pericles,"neste dia internacional d luta contra a discriminação racial,a maioria dos + de 290 mil q sucumbiram d covid, foram nós negros.não p/ sermos negros,mas por sermos a maioria dos desempregados, p/ termos menos acesso a saúde.o racismo mata!
#vidasnegrasimportam
#forabolsonaro
#21m",0,0,0
14666,2020-06-29 19:59:57 utc,ciro gomes,"vai começar! todo mundo ligado no brazil forum uk @brazil_forum!
bora com a hashtag #cironobrazilforum",0,0,0
14636,2020-07-02 15:46:22 utc,ciro gomes,"apesar de todos esses acontecimentos horrorosos, tem muita gente conectada na vida real do nosso povo e tem muita gente com ideias, pensando em como resolver essas equações todas. #ciromarthadinobrizola",0,0,0
3787,2019-06-17 15:02:28 utc,jairbolsonaro,"- hoje, 17 de junho, assinaremos medida provisória que simplifica e desburocratiza a venda e utilização de bens apreendidos do tráfico em políticas de prevenção e combate ao crime organizado. de maneira inteligente, vamos combater o crime com os recursos do crime.",0,0,0
10938,2022-08-05 16:48:31 utc,ciro gomes,"ana paula (@anapaulamatosba): sou conciliadora, firme e quero, junto com o povo  especialmente com ciro, @carloslupipdt, @gisellebezerra e com o nosso @pdt_nacional , apresentar ao brasil um projeto de desenvolvimento econômico e social. #vicedociro",0,0,0
6184,2022-09-26 00:01:30 utc,lulaoficial,"@depretas obrigado pela confiança, @depretas. um abraço <u+2764><u+fe0f>",0,0,0
1015,2022-05-05 23:58:35 utc,jairbolsonaro,@dnitoficial @exercitooficial <u+0001f1e7><u+0001f1f7>,0,0,0
23631,2022-08-25 17:24:01 utc,vera lucia,"@agencialupa @datafolha @simonetebetbr ajude a divulgar essa hashtag: #queroveranodebate
#queroveranojn",0,0,0
12749,2021-05-07 14:44:10 utc,ciro gomes,"universidades como a ufrj, no rio de janeiro, e a unifesp, em são paulo, podem fechar as portas. 50 hospitais universitários, que atendem milhares de pessoas todos os dias, inclusive pacientes com covid, podem fechar as portas.",0,0,0
22829,2021-02-19 19:50:25,sofia manzano,"@julianefurno @deccache enquanto isso os ideólogos de sempre (miriam leitão, sardenberg e cia) continuam tranquilos (des) informando a moçada e encobrindo o que realmente se passa na economia.",0,0,0
24532,2021-03-03 22:29:51 utc,vera lucia,isso é genocídio!,0,0,0
5736,2022-10-20 16:47:39 utc,lulaoficial,essa semana e a próxima são decisivas. precisamos procurar as pessoas que não foram votar no 1° turno para irem votar no 2°. só é necessário levar um documento com foto.,0,0,0
14291,2020-07-29 19:23:48 utc,ciro gomes,@soudijo @assembleia_ce @talderafa <u+0001f44f><u+0001f44f><u+0001f44f><u+0001f44f>,0,0,0
29467,2019-06-14 16:53:08 utc,soraya thronicke,@sjoaocorreia está escrito que sou inimiga dos trabalhadores!! que absurdo.,0,0,0
7691,2022-01-19 14:13:00 utc,lulaoficial,"o brasil precisa se dar conta que é plenamente possível melhorar a vida do povo brasileiro. é possível estudar, trabalhar, fazer três refeições por dia. é possível acreditar que podemos comer o churrasquinho e quem não come carne, que possa comer o que desejar. #lulaaovivo",0,0,0
1874,2021-05-09 19:28:34 utc,jairbolsonaro,"@rogeriosmarinho @mdregional_br <u+0001f91d><u+0001f1e7><u+0001f1f7>, ministro.",0,0,0
3892,2019-05-17 00:10:09 utc,jairbolsonaro,boa noite! valeu! <u+0001f44d><u+0001f3fb>,0,0,0
7095,2022-06-07 19:27:42 utc,lulaoficial,"hoje é dia de celebrarmos um dos principais alicerces da democracia: a liberdade de imprensa. não por caso, o presidente que agride a democracia é o mesmo que ataca os profissionais de imprensa, sobretudo as mulheres jornalistas.",0,0,0
20884,2022-09-30 02:55:39,sofia manzano,"simone tebet representa o retrocesso em termos de direitos ambientais e da classe trabalhadora, ela representa o interesse do grande capital agrário.

#sofianoreaction
#vote21",0,0,0
28613,2019-11-09 18:37:19 utc,soraya thronicke,<u+0001f44f><u+0001f3fc><u+0001f44f><u+0001f3fc><u+0001f44f><u+0001f3fc>dia a dia vamos mudando este brasil!,0,0,0
19551,2022-06-22 17:15:22 utc,felipe davila,"a notícia da prisão preventiva do ex-ministro milton ribeiro, hoje (22/6), é mais um capítulo na longa sucessão de tragédias que bolsonaro coleciona na área da educação. é fato que esse setor nunca foi prioridade para o atual governo, o que considero grave e assombroso.",0,0,0
23225,2020-03-31 18:18:31 utc,sofia manzano,@dcm_online demente,0,0,0
28694,2019-10-25 02:27:45 utc,soraya thronicke,"querem saber o pior? por que não podemos filmar e nem tirar fotos dentro do plenário do stf se o processo é público, não está em segredo de justiça? não entendo isso.",0,0,0
12961,2021-03-17 02:22:16 utc,ciro gomes,"12. isto quer dizer, sem dúvida, que enquanto a vacina não chegar a pelo menos 70% de nós - o que acontecerá só perto de setembro, na melhor hipótese - a única forma de não corrermos o risco de morrer é evitar o contato com outras pessoas.",0,0,0
27210,2022-10-18 01:12:20 utc,soraya thronicke,@atwellfilms @capitaocontar pronto! agora não vale mais faltar! compromisso feito! <u+0001f64f><u+0001f3fc><u+0001f64f><u+0001f3fc><u+0001f64f><u+0001f3fc>,0,0,0
3678,2019-07-23 15:47:20 utc,jairbolsonaro,"- parabéns @borisjohnson, novo primeiro-ministro do reino unido, eleito com o compromisso louvável de respeitar os desígnios do povo britânico. conte com o brasil na busca por livre comércio, na promoção da prosperidade para nossos povos, e na defesa da liberdade e da democracia.",0,0,0
22593,2021-04-16 15:27:47 utc,sofia manzano,"""o ser da esfera de vida está baseado na natureza inorgânica de modo tão irrevogável quanto o ser social o está no conjunto do ser natural""
isso é tão óbvio, no entanto, tão estranho ao ser social alienado que deve ser enfatizado.",0,0,0
8581,2021-01-21 20:17:53 utc,lulaoficial,"8 - o ex-presidente não necessitou de internação hospitalar, assim como os demais membros da equipe, exceto o escritor fernando morais, que permaneceu sob cuidados hospitalares pelo período de 14 dias, por complicações pulmonares.",0,0,0
20900,2022-09-30 00:35:28 utc,sofia manzano,"é hora de intensificar a campanha nas redes e nas ruas!

é hora de subir a tag #vote21

sofia manzano presidenta!

#equipesofia",0,0,0
7660,2022-01-28 16:20:00 utc,lulaoficial,"eu faço musculação nas pernas, nos braços, nas coxas, porque eu quero viver 120 anos. o homem que vai viver 120 anos já nasceu, então pode ser eu. eu tenho muita disposição e muita vontade de fazer as coisas.",0,0,0
6886,2022-07-09 16:01:40 utc,lulaoficial,minha história se confunde com a história de diadema. vim pela primeira vez em 1969. a única rua asfaltada era a av. antônio piranga. essa cidade foi a primeira a ter a coragem de eleger um metalúrgico prefeito.,0,0,0
658,2022-07-07 11:50:53 utc,jairbolsonaro,"26) eleição do brasil para o conselho de segurança da onu;

27) abertura do 1º escritório regional da organização mundial do turismo nas américas;

28) extinção da unasul e criação do prosul;

29) conclusão das negociações dos acordos comerciais com a união européia e com o efta;",0,0,0
29375,2019-06-29 11:47:06 utc,soraya thronicke,"mara, você é um exemplo de superação e principalmente de fé! que deus te abençoe! muito obrigada! <u+0001f64f><u+0001f3fc>",0,0,0
27901,2022-03-07 00:40:59 utc,soraya thronicke,"@wallace_msilva @arthurmoledoval interprete o texto, leia antes de se manifestar.",0,0,0
7987,2021-08-26 14:58:17 utc,lulaoficial,"2 - não podemos aceitar provocação do bolsonaro. ele anda desesperado, tentando desacreditar as instituições. não temos que dar muita importância pra ele. bolsonaro vai caindo em descrédito a cada manifestação que faz. nossa preocupação precisa ser a situação do povo brasileiro.",0,0,0
12407,2021-09-08 13:31:43 utc,ciro gomes,"nós precisamos ler com muita humildade por um lado e muita coragem e determinação por outro lado: as manifestações de ontem foram grandes, mas confinaram-se a uma bolha radicalizada, barulhenta, extremista e bem aquém daquilo que eles esperavam. #cironouol",0,0,0
5728,2022-10-20 23:17:17 utc,lulaoficial,"quando nós descobrimos o pré-sal, fizemos a lei da partilha pra que 75% dos royalties fossem destinado à educação, saúde, ciência e tecnologia. e quando veio a pandemia, graças a deus a gente teve um sus que salvou muita gente.",0,0,0
23009,2020-12-16 23:15:59 utc,sofia manzano,@pauloteixeira13 e uma boa parte da população que o apoia. infelizmente.,0,0,0
23448,2022-09-15 10:50:38 utc,vera lucia,@da_goiabeira sou mais eu.,0,0,0
3508,2019-09-30 22:52:00 utc,jairbolsonaro,"pesquisa do spc brasil/cndl mostra que, em 2019, cresceu de 33% para 41% a intenção de micro e pequenos empresários brasileiros de investir nos próximos meses. mais um sinal da confiança dos investidores na recuperação de nossa economia.",0,0,0
15950,2022-12-05 19:06:02 utc,leonardo pericles,"@brunafrey precisamos de vc, camarada, <u+270a><u+0001f3ff>",0,0,0
26788,2022-12-18 18:18:45 utc,soraya thronicke,@pr3sepada respondido!!!,0,0,0
21840,2022-05-11 15:47:15 utc,sofia manzano,a jornalista shireen abu akleh foi executada com um tiro na cabeça por um soldado de israel.,0,0,0
12118,2021-11-27 12:05:02,ciro gomes,"o mundo ameaçado por uma nova onda mortal da pandemia e o governo bolsonaro e seus satélites seguindo o mesmo ritual de descaso, imprudência, imprevidência, incompetência e desprezo à vida. incurável não é a covid, mas sim bolsonaro!",0,0,0
24095,2021-09-11 20:12:03 utc,vera lucia,bora assinar!?,0,0,0
20294,2021-05-23 00:40:02 utc,felipe davila,@leobudget @kennedy_school @clp_brasil @soracy @estadao @harvard obrigado!,0,0,0
13817,2020-09-29 16:58:31 utc,ciro gomes,o brasil precisa construir um mecanismo de financiamento da economia fora dos juros abusivos que hoje matam a economia brasileira. #cironopanico,0,0,0
24760,2020-10-05 22:05:43 utc,vera lucia,"todo apoio aos professores em luta contra a volta às aulas, em defesa da vida!",0,0,0
27046,2022-11-03 01:10:21 utc,soraya thronicke,"@atwellfilms kkkkk vcs foram lá atrás, né???",0,0,0
22306,2021-12-20 00:04:59 utc,sofia manzano,@mairakubik viva chile!,0,0,0
23662,2022-08-22 12:56:16 utc,vera lucia,"também apoiamos a implementação de tecnologias de captação e manejo de água de chuva para produção de alimentos, que vai garantir a produção sustentável e agroecológica de alimentos e abastecimento das comunidades locais.",0,0,0
28791,2019-10-11 03:52:56 utc,soraya thronicke,@claudioedantas @tcuoficial boa!!!! gostei!,0,0,0
19144,2022-09-14 14:33:58 utc,felipe davila,"minha solidariedade à @veramagalhaes diante de mais um ataque direto sofrido no exercício do seu trabalho.

a incapacidade de conviver com críticas e questionamentos da imprensa é comportamento típico dos populistas e de quem não tem vocação para a vida pública.",0,0,0
16177,2022-07-26 21:49:01 utc,leonardo pericles,boa!,0,0,0
27754,2022-08-17 13:57:08 utc,soraya thronicke,@sergiorinaldos1 <u+0001f44f><u+0001f3fc><u+0001f44f><u+0001f3fc><u+0001f44f><u+0001f3fc> nossa deputada federal!  orgulho deste time!!,0,0,0
22855,2021-01-31 00:57:15 utc,sofia manzano,"@felipeneto que bom que você, @felipeneto fez essa postagem. imagina quando você comecar a ler dostoievski! sério, seu alcance pode elevar muito o nível geral. a literatura brasileira e mundial é espetacular.",0,0,0
10994,2022-07-28 01:23:57 utc,ciro gomes,"repetir as mesmas coisas vai dar nas mesmas coisas. estar em dúvida e querer ver debate, ouvir os candidatos, deveria ser o essencial. o esperado. toda pessoa sensata nesse momento deveria estar em dúvida, mas muita gente tá se rendendo pra não ser 'cancelado na internet'. pena.",0,0,0
27348,2022-09-30 20:08:04 utc,soraya thronicke,o mentiroso.,0,0,0
14942,2020-05-14 15:15:41,ciro gomes,"(...)o debate é o modelo de apoio à massa de trabalhadores desempregados ou na informalidade? problema esse que foi agravado pelas reformas trabalhista e previdenciária que, agora, os empurra, humilhados em filas imorais, nas agencias da caixa econômica. muito longe disto (...)",0,0,0
16701,2022-12-01 12:17:43 utc,simone tebet,@poemsturn bom diaaaaaaaa<u+0001f923><u+0001f923><u+0001f923>,0,0,0
11459,2022-05-06 15:40:55 utc,ciro gomes,"bolsonaro, que acabou de trocar o presidente da petrobras, reagiu com o teatro cínico e demagógico de sempre. chamou o lucro de estupro, mas não disse uma palavra sobre mudar a política de preços da empresa. é um covarde mesmo. (...)",0,0,0
22061,2022-03-14 13:11:08,sofia manzano,"marielle, que cumpria um importante e combativo mandato na câmara de vereadores; e anderson, seu motorista na fatídica noite e pai, foram covarde e brutalmente assassinados.",0,0,0
29449,2019-06-16 00:45:33 utc,soraya thronicke,@livreuff @jairbolsonaro seguindo!,0,0,0
16443,2020-10-28 13:25:19 utc,leonardo pericles,"bolsonaro através do programa d parcerias e investimentos prevê entregar para o setor privado ""construção, a modernização e a operação de unidades básicas d saúde"". quer privatizar os postos d saúde e criar um caminho a mais p/ destruir o sus. defendamos a saúde pública, lutemos!",0,0,0
10703,2022-09-02 00:12:38 utc,ciro gomes,"essa polarização tá rachando a nação brasileira. é só parar pra pensar: qualquer um dos dois que sejam eleitos, o brasil vai amanhecer mais ou menos radicalizado? mais ou menos assentado no ódio?",0,0,0
5749,2022-10-19 19:13:37 utc,lulaoficial,"o cidadão que comete racismo deve ser punido, o cidadão que é racista está transmitindo ódio, se achando superior e não podemos admitir isso.",0,0,0
17343,2022-06-07 12:59:47 utc,simone tebet,"eu e o deputado federal @baleia_rossi pedimos ao presidente do mdb-rs, @fabiobrancors, e ao ex-governador germano @rigotto para avançar nas discussões com o psdb e o ex-governador @eduardoleite_, com vistas à formação de uma aliança estadual e nacional. estamos confiantes!",0,0,0
24979,2020-03-29 19:08:16 utc,vera lucia,"o governador de são paulo, @joaodoria45, tem que rever tal medida. a suspensão do serviço às vítimas de estupro no hospital pérola byington pode causar danos irreversíveis para a saúde e a vida de muitas mulheres.",0,0,0
19369,2022-08-17 16:43:37,felipe davila,"não dá para acreditar que lula ou bolsonaro farão as reformas que o brasil e os brasileiros tanto precisam.

não fizeram. não farão.",0,0,0
27123,2022-10-26 00:45:03 utc,soraya thronicke,não é à toa que @eduardoleite_ é a melhor opção para o rio grande do sul!,0,0,0
12116,2021-11-30 08:48:06,ciro gomes,"nesta sua delação premiada, moro admite não ter visto crimes nas rachadinhas nem nas seguidas agressões de bolsonaro às instituições. também não viu problema na enquadrada  do general villas boas ao supremo.",0,0,0
27749,2022-08-19 20:13:54 utc,soraya thronicke,"estamos juntas nesta luta, @rosangelamorosp! como presidente da república, vou ampliar a autonomia da pf e defender o fim do foro privilegiado para todas as autoridades. bandeiras de @sf_moro que sempre encampei desde que entrei na vida pública. combater a corrupção é prioridade!",0,0,0
6732,2022-08-01 01:16:38 utc,lulaoficial,eu quero garantir que toda criança vá dormir com um copo de leite e que acorde e tenha um bom café da manhã pra tomar antes de ir para a escola. é isso que acham radical? boa noite.,0,0,0
29941,2019-03-17 19:23:06 utc,soraya thronicke,@bfr_dinho_rj @silvioluiz que absurdo!,0,0,0
14380,2020-07-27 17:40:03 utc,ciro gomes,"@ilmacosta2 agradeço pelas palavras, querida @ilmacosta2. seguimos juntos na luta <u+270a><u+0001f1e7><u+0001f1f7>",0,0,0
9190,2020-04-01 12:27:40 utc,lulaoficial,"hoje, às 15h, o ex-presidente lula dá entrevista à mídia alternativa. acompanhe ao vivo pelas nossas redes! #equipelula",0,0,0
23578,2022-08-30 16:35:30 utc,vera lucia,outro limite da lei que precisa ser superado é o fato de não está inserido num projeto global de reparações. a nossa luta é por inserir as ações afirmativas numa perspectiva global de luta contra o racismo em toda a sociedade e pela destruição do sistema que dele se beneficia.,0,0,0
14319,2020-07-29 00:00:38 utc,ciro gomes,"@btu_dj @lerlanger @prialopes_ logo mais, às 21h55. espero vocês! #ciroeerlanger",0,0,0
12897,2021-03-27 15:24:37,ciro gomes,são muitas as respostas que bolsonaro deve ao brasil! deixe seu questionamento sobre este desgoverno e ajude a divulgar. vamos pressionar pela verdade! #respondabolsonaro,0,0,0
935,2022-05-20 11:11:58 utc,jairbolsonaro,"- radar anticorrupção:

. 930 análises de integridade;

. 725 denuncias apuradas nos últimos 3 anos;

. 17 acordos de leniência celebrados;

. 25 negociações em andamento;

. r$15,45 bilhões de valores acordados;

. r$ 6,08 bilhões de valores já pagos.

@secomvc @govbr",0,0,0
13048,2021-02-27 13:27:12 utc,ciro gomes,quem pode ser contra o uso de máscaras se elas ajudam a proteger contra o coronavírus e podem salvar vidas?,0,0,0
17777,2021-02-22 14:51:27 utc,simone tebet,@josucunha7 muito obrigada pela lembrança do meu aniversário. fico muito feliz com as manifestações de carinho.,0,0,0
16907,2022-09-19 14:55:53 utc,simone tebet,"agradeço à @nafaap e ao @estadao pela oportunidade de falar do nosso projeto para o país, e lamento que outros candidatos não venham falar. isto faz mal para a democracia. tenho coragem para dizer o que penso e amor para defender o brasil e as pessoas. #sabatinaestadãofaap",0,0,0
22102,2022-02-22 02:23:17,sofia manzano,"eu trabalho todos os dias. por isso, não tenho muito tempo de ficar acompanhando tuiteiro que nos ameaça. na verdade, não tenho medo deles, porque sei que se escondem atrás das redes para destilar sua violência e insignificância real.
força aos nossos camaradas. 
vamos em frente.",0,0,0
15009,2020-04-06 12:13:17 utc,ciro gomes,meu abraço a todos e todas as pessoas que já perderam seus entes queridos nesta pandemia. minha prece se soma a todos e todas que tem hoje pessoas suas em tratamento. sejamos fortes e que deus possa a todos e todas confortar.,0,0,0
22798,2021-02-28 02:48:10 utc,sofia manzano,eu passaria horas ouvindo. que paz a natureza traz!,0,0,0
11053,2022-07-21 22:07:19 utc,ciro gomes,"é preciso muita paixão, muita energia e coragem para enfrentar o que está errado em nosso país. porque é muito poderosa a força reativa que nos amarra nesse atraso, nessa estagnação. #cironafiesp",0,0,0
21456,2022-07-30 13:05:47 utc,sofia manzano,@o_caio_andrade @anton2alves estamos juntos.,0,0,0
16724,2022-11-16 19:15:27 utc,simone tebet,"100 anos de saramago, único escritor de língua portuguesa a ganhar um nobel. ensaio sobre a cegueira é o livro dele que mais gosto. cheio de metáforas e simbolismos, saramago usa a cegueira como ferramenta para apontar as contradições do comportamento da humanidade. +",0,0,0
6313,2022-09-16 01:45:10 utc,lulaoficial,<u+0001f601><u+0001f44d>,0,0,0
7114,2022-06-03 14:01:44 utc,lulaoficial,"um país pode ter toda a riqueza do mundo, mas se um governante não cuida de forma responsável da política ambiental, onde está nossa soberania? reconstruir o brasil significa colocar a pauta ambiental em nossas discussões.",0,0,0
7954,2021-09-09 16:12:11 utc,lulaoficial,@mussumalive @manobrown <u+0001f44a><u+0001f3fc>,0,0,0
21750,2022-06-04 16:16:44 utc,sofia manzano,sigam a @renatareginapcb,0,0,0
8573,2021-01-23 19:02:58 utc,lulaoficial,"mi hermano evo, espero que estés bien y ya recuperado de esta enfermedad. tengo fe en que nuestra gente superará el covid19 y tantas injusticias. un gran abrazo desde brasil.",0,0,0
9160,2020-04-07 22:10:27 utc,lulaoficial,"é uma vergonha que um país como o brasil, que já foi a sexta economia do mundo, ainda não fez reconversão industrial. e não apenas para dar conta dos insumos que estamos precisando, mas também para exportar e manter nossa economia.",0,0,0
17483,2022-02-06 13:11:03 utc,simone tebet,@carlosb23557198 bom dia. ainda não.,0,0,0
5834,2022-10-14 18:13:20 utc,lulaoficial,"não aceitem provocações. se alguém vier brigar com vocês, não aceitem. nossa resistência será pacífica, será a paciência. e nossa vitória será no dia 30 de outubro.",0,0,0
5274,2022-12-12 17:53:27 utc,lulaoficial,"a democracia enfrenta um desafio no mundo. na américa latina, europa e eua, inimigos da democracia se organizam e se movimentam. o combate, portanto, precisa ser nas trincheiras da governança global, com tecnologias avançadas e uma legislação internacional mais dura e eficiente.",0,0,0
1563,2021-11-08 18:33:02 utc,jairbolsonaro,"@fabiofaria @govbr <u+0001f91d>, ministro!",0,0,0
28177,2021-03-19 00:09:54 utc,soraya thronicke,"diego, assessor do @majorolimpio, um rapaz de 30 e poucos anos, novo, forte, ainda está na uti, em situação muito crítica. nossas orações não cessam... que deus tenha piedade de todos nós. <u+0001f64f><u+0001f3fc>",0,0,0
14170,2020-08-13 14:29:45 utc,ciro gomes,@vana_fn @manoeldiaspdt <u+270a><u+0001f339><u+2764><u+fe0f>,0,0,0
6240,2022-09-22 15:48:20 utc,lulaoficial,"o trabalhador não precisava mais apresentar documento, era a presidência que era responsável por comunicar o cidadão. nenhum trabalhador demorava mais de 20 dias para receber a sua aposentadoria.",0,0,0
24970,2020-04-07 16:06:39 utc,vera lucia,"no dia mundial da saúde temos que defender e fortalecer o sus. verbas públicas para a saúde pública, estatização da saúde privada. saudamos todos os profissionais da saúde e apoiamos a luta por melhores condições de trabalho e segurança. hoje, aplausos nas janelas, às 20h!",0,0,0
7489,2022-03-22 11:15:20 utc,lulaoficial,"a gente não pode aceitar a situação criada de desmonte dos direitos trabalhistas. isso não foi um benefício, não aumentou os empregos. e hoje muitos não tem segurança social, aposentadoria, direitos. se um carro quebra, se tem um acidente, o trabalhador está lascado.",0,0,0
28232,2021-01-15 23:53:42 utc,soraya thronicke,"@salimmattarbr exatamente, mattar! está sobrando recurso para quem administra bem, eu tenho acompanhado. foi ineficiência local. no entanto, isso pode acontecer em outros lugares. alerta máximo!",0,0,0
24687,2020-11-06 14:31:59 utc,vera lucia,"o governo federal afirma que pode demorar pelo menos 15 dias pra regularizar a situação. isso no meio da pandemia, com muita gente nos hospitais, necessidade de lavar as mãos etc. anos de desigualdades regionais se aprofundando. força amapaenses!",0,0,0
23556,2022-09-01 15:22:46 utc,vera lucia,@fpcoliveira e bota coragem nisso. porque mesmo sem uma campanha milionária como a de d'ávilla ainda pontuei mais que ele (e não me convidaram para o debate),0,0,0
24267,2021-07-14 18:54:27,vera lucia,@luizgustavoba15 @_makavelijones triste é ver a naturalização dos métodos stalinista de ataque a democracia operária no interior do movimento comunista que no passado massacrou gerações de comunistas revolucionários. mas mostra mais ainda a necessidade de se luta contra essa estratégia contrarrevolucionaria.,0,0,0
2569,2020-06-26 15:30:35 utc,jairbolsonaro,"@tarcisiogdf @rogeriosmarinho @terezacrisms @minfraestrutura <u+0001f91d>, ministro capitão @tarcisiogdf !",0,0,0
7738,2021-12-21 14:11:19 utc,lulaoficial,@ricardostuckert fotos: @ricardostuckert,0,0,0
1623,2021-10-13 16:39:14 utc,jairbolsonaro,"- além desses títulos definitivos, o governo do brasil já emitiu 3.404 contratos de concessão e uso (ccu) no estado desde 2019, somando 4022 documentos titulatórios em são paulo. 

- é a maior entrega de títulos desde 2000. @mapa_brasil",0,0,0
5216,2022-12-24 13:56:27 utc,lulaoficial,"mas a mensagem que trago para cada brasileiro e cada brasileira é de esperança. a esperança que a maioria do povo brasileiro depositou nas urnas no dia 30 de outubro. a esperança que nos faz seguir sempre em frente, apesar de todos os obstáculos.",0,0,0
23660,2022-08-22 12:56:18 utc,vera lucia,"revitalização do velho chico! conviver com o semiárido é possível e é a solução.

eu sou filha do semiárido. no semiárido a vida pulsa. semiárido o povo resiste!",0,0,0
3917,2019-05-08 18:00:38 utc,jairbolsonaro,"importante ressaltar que o investimento será totalmente de iniciativa privada, com custo zero para os cofres públicos. boa tarde a todos!",0,0,0
7942,2021-09-17 11:40:33 utc,lulaoficial,"quero saber por que os mesmos que foram atrás dos meus filhos, e não encontraram nada, não podem ir atrás dos filhos do bolsonaro. por que meus filhos podiam prestar depoimento e os filhos do bolsonaro não?!",0,0,0
4227,2019-02-14 10:39:24 utc,jairbolsonaro,"3- esta falta de sensibilidade e os milhões que ficariam sem atendimento. o ministério da saúde, porém, agiu rapidamente e as vagas deixadas foram preenchidas - as últimas nesta quarta (13) por brasileiros formados no exterior.",0,0,0
13499,2020-11-12 11:21:16 utc,ciro gomes,@wagnerrlima tamo junto! <u+0001f339><u+0001f1e7><u+0001f1f7>,0,0,0
27639,2022-08-29 02:26:38 utc,soraya thronicke,@douggabrielrp <u+2764><u+2764><u+2764><u+2764><u+0001f609> #equipesoraya44,0,0,0
6100,2022-09-28 20:03:20 utc,lulaoficial,"o brasil precisa de esperança! vamos juntos, @paolla. obrigado pelo apoio. um abraço.",0,0,0
21268,2022-08-24 02:51:35 utc,sofia manzano,"compartilhe e marque seus amigos e amigas que ainda não conhecem nossa proposta de redução da jornada de trabalho para 30h semanais!
vamos fazer esta bandeira chegar a milhões de brasileiros!
#vote21 
#sofiamanzano21",0,0,0
9232,2020-03-02 17:48:22 utc,lulaoficial,"eu ainda me emociono quando lembro das pessoas que ficaram gritando bom dia e boa noite durante aqueles 580 dias em curitiba, debaixo de chuva, debaixo de sol.",0,0,0
30034,2019-03-09 10:18:55 utc,soraya thronicke,@jairbolsonaro @dannyfcgomes,0,0,0
25011,2020-03-19 00:27:01 utc,vera lucia,goiânia (go). #forabolsonaros #acaboubolsonaro #janelascontrabolsonaro,0,0,0
11468,2022-05-05 15:47:59 utc,ciro gomes,"os gestores da antipolítica econômica aumentaram mais uma vez os juros, insistindo nos erros que destroem o país há décadas. voltaram a utilizar o remédio que, invés de curar, mata o paciente. desta vez, numa decisão simultânea aos americanos, em um caso de viralatismo explícito.",0,0,0
23567,2022-08-31 17:19:24,vera lucia,"estatizar, sem indenização e sob o controle dos trabalhadores, as empresas que provocam desastres ambientais: mineradoras a exemplo da vale, ou empresas do agronegócio e da indústria extrativista.",0,0,0
17001,2022-08-29 23:13:08 utc,simone tebet,"a democracia permite quase tudo, mas não atos contra ela. o stf e o tse devem investigar rigorosamente se há algum tipo de tentativa de golpe no país, seja por parte de empresários ou do poder executivo. #simonenacnn",0,0,0
12815,2021-04-16 14:43:06 utc,ciro gomes,"nós precisamos reconciliar a sociedade brasileira, interromper essa brigalhada. são parentes e amigos se agredindo por essa loucura. bolsonaro faz os maiores disparates e seus fanáticos relativizam. isso está matando gente literalmente, um exemplo é essa apologia à cloroquina!",0,0,0
22296,2021-12-20 03:58:20 utc,sofia manzano,@requiaooficial não são muitos os que pensam o brasil sem a autocracia dominante. mas eu não perco as esperanças. boa noite.,0,0,0
25047,2020-02-07 20:22:22 utc,vera lucia,"é nosso dever apoiar a luta dos povos indígenas, contra os ataques deste governo de ultradireita, contra as invasões de suas terras e todo tipo de crimes. essa luta precisa ser intensificada e apoiada pelo conjunto dos movimentos sociais e pela classe trabalhadora brasileira.",0,0,0
15000,2020-04-15 17:15:31,ciro gomes,"justiça acolhe ação do meu amigo e presidente do pdt, @carloslupipdt , contra o abuso dos bancos, que receberam ajuda federal de r$ 1,2 trilhão. 
eles estão proibidos de aumentar juros e exigências explorando esta crise! 
vitória do povo brasileiro!",0,0,0
13715,2020-10-20 22:23:30 utc,ciro gomes,@universo_12 @laurinha_f2010 feliz aniversário para a nossa querida @laurinha_f2010! <u+0001f44f><u+0001f44f><u+0001f382><u+0001f339><u+2764><u+fe0f>,0,0,0
17548,2021-10-07 15:55:14 utc,simone tebet,"@marialu99655081 boa tarde. como a bancada feminina não tem assento na cpi, as senadoras fazem um rodízio entre elas para participar das reuniões.",0,0,0
13526,2020-11-09 14:55:06 utc,ciro gomes,"tuma boa, estou ao vivo com @marciofrancasp e @antonionetopdt para a #virada40 em são paulo! acompanhe no facebook. <u+0001f339><u+0001f54a><u+fe0f>#40spcomciro",0,0,0
8899,2020-07-17 21:38:15 utc,lulaoficial,"hoje refleti muito sobre a morte dele. nossa última entrevista foi há apenas duas semanas e ele estava bem, era um homem que se cuidava. fica o alerta de que o coronavírus não escolhe raça, gênero, nem classe social. é um vírus que mata e que ainda não temos cura.",0,0,0
2869,2020-04-20 14:50:25 utc,jairbolsonaro,@ernestofaraujo <u+0001f1e7><u+0001f1f7>,0,0,0
13915,2020-09-12 12:50:33 utc,ciro gomes,@antonionetopdt viva o pdt! viva o trabalhismo! <u+0001f1e7><u+0001f1f7><u+270a><u+0001f339>,0,0,0
23062,2020-11-18 11:57:55 utc,sofia manzano,vamos seguir na luta. pela legalização do aborto.,0,0,0
10949,2022-08-04 20:59:06 utc,ciro gomes,"vou renegociar as dívidas de todos os trabalhadores brasileiros, tirando o banco do brasil e a caixa econômica do cartel em que apenas cinco bancos acumulam 85% de todas as transações financeiras.",0,0,0
862,2022-05-31 09:33:51 utc,jairbolsonaro,"- casa verde e amarela: o @govbr retomou construções paralisadas, ampliou o programa nacional de habitação popular, ultrapassando 1,2 milhão de unidades entregues à população em todo o país desde 2019, uma média de 1,1 mil por dia, beneficiando mais de 4,8 milhões de pessoas.",0,0,0
14878,2020-05-28 19:22:43 utc,ciro gomes,"é uma obrigação nossa ter esperança, mas não porque ela vai cair do céu, e sim porque vamos construí-la. ciro gomes

no programa mais opinião, da @fundacaobrizola.",0,0,0
12010,2021-12-19 11:54:55 utc,ciro gomes,"a @theeconomist destaca que o modelo adotado em sobral deveria ser exemplo para o mundo e que desencadeou melhorias em todo o ceará. nenhum estado viu o seu desempenho escolar crescer tão rápido  em 2019, 12 das 20 melhores escolas primárias do país eram cearenses!",0,0,0
21670,2022-06-28 02:57:00 utc,sofia manzano,"para nós, medidas eficazes de promoção de renda e emprego e combate à pobreza devem combinar a taxação das grandes fortunas, uma política de reforma agrária e reforma urbana.",0,0,0
28922,2019-09-19 01:12:32,soraya thronicke,"o que querem com tudo isso é muito simples: frear a nossa economia com a ajuda da esquerda, que adora cabides de empregos de ongs e até órgãos públicos viciados e vendidos. o desaforo é grande, mas ainda sai barato para eles.",0,0,0
24224,2021-07-26 17:08:04,vera lucia,"nem bala, nem fome, nem covid!

abaixo a repressão! contra as ameaças de golpes, precisamos de organização

pelo direito de organização dos cabos e soldados lutarem ao lado do povo.

precisamos organizar a nossa defesa nas manifestações e nos bairros contra a repressão do estado.",0,0,0
24359,2021-06-28 14:34:11 utc,vera lucia,"há 52 anos, lgbtis se levantaram nos eua e protagonizaram a revolta de stonewall, espalhando para todo mundo o orgulho de amar,  existir e resistir.  uma luta que continua vigente e precisa  ser assumida por toda nossa classe, contra a opressão e a exploração.",0,0,0
2802,2020-05-06 09:46:14 utc,jairbolsonaro,"5.2- recursos para projeto de integração do rio são francisco, o maior empreendimento hídrico do país. até o momento, foram empenhados r$ 271,5 mi e pagos r$ 184 mi. perfurações de poços, redutos de dessanilização e ampliação de polos de irrigação também são parte das ações.",0,0,0
10644,2022-09-06 15:47:45 utc,ciro gomes,"nós podemos desenvolver a amazônia e ter, ao mesmo tempo, uma exemplar resposta para o mundo que se preocupa com a sustentação ambiental. em tudo isso o brasil tem capacidade, como nenhuma outra nação do mundo, de liderar e não de ser uma espécie de pária internacional.",0,0,0
16129,2022-09-09 20:26:00 utc,leonardo pericles,"a violência é um dos sinais do avanço do fascismo. mais um assassinato que envolve ódio político e que o assassino é um admirador de bolsonaro. por isso, é essencial que sigamos ocupando as ruas para que casos como esse não se tornem rotina no país. nossa solidariedade!",0,0,0
8933,2020-07-01 23:31:15 utc,lulaoficial,o objetivo era a petrobras. era o pré-sal. e as empresas brasileiras que estavam ganhando licitações das empresas dos eua no oriente médio. um dia essa história vai ser contada em toda sua verdade.,0,0,0
12054,2021-12-15 03:06:45 utc,ciro gomes,"eu proponho uma restruturação de todas as contas do governo, um sistema de impostos que diminua os impostos sobre o consumo do povão e da classe média e cobre mais dos ricos. #cironaglobonews",0,0,0
2543,2020-07-04 20:31:30 utc,jairbolsonaro,- também cumprimento meu amigo @realdonaldtrump pelo belíssimo e corajoso discurso do dia de ontem. palavras de um grande estadista. que o legado e os valores dos fundadores dessa grande nação permaneçam sólidos e jamais sejam apagados por radiciais.,0,0,0
5378,2022-11-16 16:00:47 utc,lulaoficial,"se pudermos resumir em uma palavra a contribuição do brasil neste momento, que essa palavra seja aquela que sustentou o povo brasileiro nos tempos mais difíceis: esperança. a esperança combinada com uma ação imediata e decisiva, pelo futuro do planeta e da humanidade. #cop27",0,0,0
27981,2021-10-20 15:24:14 utc,soraya thronicke,"@visibelli @crisvector na verdade aquilo representa apenas 10% dos documentos que recebemos para analisar do mato grosso do sul, caso fossem impressos. assessoria.",0,0,0
3776,2019-06-20 21:57:43 utc,jairbolsonaro,@netobegalli fãs de dragon ball <u+0001f44d>,0,0,0
9356,2019-11-20 16:18:40 utc,lulaoficial,"o movimento sindical está em um momento que precisa repensar seu papel. o trabalhador hoje está brigando pela sua cidadania, por direitos conquistados há 50 anos.",0,0,0
24374,2021-06-23 19:11:58 utc,vera lucia,"daqui a pouco vou no ato contra o despejo do sindicato dos metroviários...pois é, os trabalhadores não têm sossego. dória, se aproveita das atenções voltadas para pandemia e ataca, dessa vez, os metroviários. adivinhe pra que? para vender área para construtora. absurdo!",0,0,0
919,2022-05-23 19:23:37 utc,jairbolsonaro,@_jiaoguilherme - borutos <u+0001f44d>,0,0,0
497,2022-08-08 09:35:36 utc,jairbolsonaro,"- também, a ampliação do teto do financiamento para o curso de medicina foi aumentado em mais de 20%, em 2022, sendo mais uma novidade aos estudantes da área de saúde.
 
- implemento de 22,8% passando do atual valor, r$ 42.983,70, para r$ 52.805,66.",0,0,0
23186,2020-06-24 12:57:51 utc,sofia manzano,"não é apenas uma questão de ser influenciado. infelizmente o fato de ser artista - e, muitas vezes, bom- não determina, no plano da consciência,  uma postura política progressista. a história está repleta de casos.",0,0,0
15131,2019-11-06 12:23:25 utc,ciro gomes,@rheringerartes <u+2764><u+fe0f>,0,0,0
9476,2019-09-04 17:11:20 utc,lulaoficial,"a petrobrás está sendo vendida aos pedaços a suas concorrentes estrangeiras. já entregaram dois gasodutos estratégicos, a distribuidora e agora querem as refinarias, para reduzi-la a mera produtora de petróleo bruto e depois vender o que restou.",0,0,0
21831,2022-05-17 02:35:27 utc,sofia manzano,@nedjalves é isso aí. revolução é só amor.,0,0,0
13876,2020-09-18 14:27:34 utc,ciro gomes,"@paulozac @amazonbr oi, @paulozac! ainda não temos essa opção, mas você pode receber o livro na sua casa. envie um e-mail para casadosmundos@casadosmundos.com.br com seu endereço completo. a editora informará o valor do frete e as formas de pagamento disponíveis. abraços! #equipecirogomes",0,0,0
1218,2022-03-22 10:01:23 utc,jairbolsonaro,"@tarcisiogdf <u+0001f1e7><u+0001f1f7>, ministro!",0,0,0
16023,2022-10-13 18:09:36 utc,leonardo pericles,"1. pelos direitos dos trabalhadores! fim do desemprego!

hj mts buscam emprego e ñ conseguem. a reforma trabalhista, ao invés de resolver a crise, aprofundou ela. garantir o direito dos trabalhadores e gerar empregos através das demandas da população é uma proposta da up.",0,0,0
7172,2022-05-24 12:41:11 utc,lulaoficial,"não vou misturar religião com política. cada um segue a fé que quiser. o governante não tem que se meter nisso, nem ficar usando padre ou pastor. o governante tem que deixar as pessoas cuidarem da sua fé com paz e respeito, sem usar o nome de deus em vão.",0,0,0
1753,2021-07-14 19:04:49 utc,jairbolsonaro,"- que deus nos abençoe e continue ilumando a nossa nação. um forte abraço! 

- brasil acima de tudo; deus acima de todos! <u+0001f1e7><u+0001f1f7>",0,0,0
423,2022-08-25 21:54:57 utc,jairbolsonaro,"- por conta de atraso em cerimônia no stj, na qual estamos presentes, a live de hoje será iniciada às 19:30h. até lá! <u+0001f44d>.",0,0,0
10367,2018-08-02 15:38:10,lulaoficial,"(...)"" quero informá-los que estou firme e cada dia mais preocupado com a situação do povo brasileiro.
permaneço com firmeza pois tenho consciência tranquila da minha inocência, enquanto os que me prenderam com bases em mentiras ficam cada vez mais raivosos"" (...)",0,0,0
16499,2020-07-08 17:49:16 utc,leonardo pericles,@iaurames leo e os estudantes kkkkk,0,0,0
24793,2020-10-02 03:18:31 utc,vera lucia,"vivi isso a vida inteira mas não deixa de causar indignação ver covas e orlando silva discutirem políticas para mulher negra e eu, ter sido vetada e não poder falar sobre nós, mulheres, negras, operárias a apresentar uma proposta realista por fora desta hipocrisia.
#debatenaband",0,0,0
4202,2019-02-20 12:23:48 utc,jairbolsonaro,"a violência é um dos grandes problemas que temos. a maior preocupação de um pai, de uma mãe, é que os filhos voltem para casa em paz. com este projeto nós queremos acabar com aquela sensação de que o crime compensa no brasil #projetoanticrime",0,0,0
27422,2022-09-09 16:40:52 utc,soraya thronicke,"chega de briga e confusão, o brasil quer paz e união.
#votesoraya44 #sorayapresidente #soraya44 #vote44 #uniãobrasil #grupoliberal",0,0,0
16444,2020-10-26 12:16:54 utc,leonardo pericles,"ventos de esquerda sopram com mais força na al! 
há um ano o chile vive gigantescas manifestações populares q foram determinantes p/ a realização e vitória do povo no plebiscito, haverá uma constituinte p/ enterrar a constituição da ditadura de pinochet. viva o povo chileno!",0,0,0
22842,2021-02-15 00:33:29 utc,sofia manzano,@thiago24544129 @aruarunam @deccache @carloshortmann independente de quem?,0,0,0
28124,2021-04-04 18:16:58 utc,soraya thronicke,@fabiana92804732 @israelinbrazil <u+0001f60d>que deus te abençoe também! <u+0001f64f><u+0001f3fc>,0,0,0
12717,2021-05-15 14:04:52 utc,ciro gomes,nós temos que capacitar os filhos e filhas do povo trabalhador para a economia do conhecimento e o mundo digital. #ciroegabrielaprioli,0,0,0
23181,2020-07-01 12:20:07 utc,sofia manzano,uma categoria de trabalhadores que não tem um nome. a precarização não tem limites. #brequedosapps #brequedosapp,0,0,0
22107,2022-02-21 14:09:28 utc,sofia manzano,"saudamo a pré candidata #renatareginapcb.
vamos segui-la nas redes e fazer o debate do #poderpopular",0,0,0
3187,2020-02-02 20:43:46 utc,jairbolsonaro,"2. - porque os governadores cobram, em média 30% de icms, sobre o valor médio cobrado nas bombas dos postos e atualizam apenas de 15 em 15 dias, prejudicando o consumidor.",0,0,0
29753,2019-04-29 20:31:57 utc,soraya thronicke,"@eliwanderlei @jairbolsonaro @ernestofaraujo falácia! o regime pssc é mais rígido que o geral, mulheres e homens na mesma idade mínima, contribuição 11% do bruto (maior que inss), autossustentável, proporcional ao tempo contribuído. o que vc prova contra? não acuse qdo não sabe. eu te respeito e você me respeita. é simples.",0,0,0
8420,2021-04-08 14:58:37 utc,lulaoficial,"eu não acho que o bolsonaro tem que saber de tudo. mas também não gosto de ver que ele não sabe nada. tem que saber no mínimo alguma coisa. um presidente é igual um maestro: não precisa saber tocar todos os instrumentos, basta entender de música. #lulanodcm",0,0,0
4303,2019-01-22 21:52:11 utc,jairbolsonaro,"há pouco participamos de jantar com grandes líderes empresariais e chefes de estado a convite do presidente do fórum econômico mundial, professor schwab. uma enorme satisfação partilhar este momento e dividir experiências!",0,0,0
8038,2021-08-18 22:54:31 utc,lulaoficial,"@flaviodino cheguei, companheiro!",0,0,0
1832,2021-05-27 10:36:56 utc,jairbolsonaro,"- apesar de todas as dificuldades causadas por medidas restritivas radicais, irracionais e irresponsáveis, nossos esforços para, além de combater o vírus, garantir a dignidade dos brasileiros que precisam trabalhar, hoje se traduzem em quase 1 milhão de empregos gerados em 2021.",0,0,0
23140,2020-09-08 12:29:23 utc,sofia manzano,"@samuelsilvafb você tem razão. eu estudo o reformismo keynesiano em economia. mas vou confessar, tem coisa tão ruim que tenho que ler, que fico muito tentada a largá-los e só ler os marxistas mesmo.",0,0,0
7081,2022-06-08 13:37:49 utc,lulaoficial,"eu perdi para o collor e para o fernando henrique cardoso, e vocês não me viram protestar contra o resultado nenhuma vez. nós voltamos para a casa e trabalhamos. ganha, toma posse, perde, chora e se prepara para outra.",0,0,0
1619,2021-10-14 14:22:21 utc,jairbolsonaro,"@joaoromaneto <u+0001f91d><u+0001f1e7><u+0001f1f7>, ministro.",0,0,0
12853,2021-04-04 21:46:18 utc,ciro gomes,uma análise da crise brasileira antes da pandemia. essa é a conta de uma gestão terrivelmente incompetente da nossa economia... detesto dizer que tentei avisar muitas vezes.,0,0,0
416,2022-08-28 18:03:10 utc,jairbolsonaro,"- fato novo: após construção de centros da cidadania para prática de esportes em todos com estados com instrutores capacitados, extensão do bolsa atleta para estudantes e redução de mais impostos envolvendo gêneros para capacitação atlética e alimentar.",0,0,0
2650,2020-06-05 00:02:36 utc,jairbolsonaro,com @filgmartin,0,0,0
27833,2022-04-29 02:21:29 utc,soraya thronicke,@edugiraooficial <u+0001f44f><u+0001f3fc><u+0001f44f><u+0001f3fc><u+0001f44f><u+0001f3fc>,0,0,0
11066,2022-07-19 23:17:16 utc,ciro gomes,"lupi (@carloslupipdt): ""não tem um dia que eu não lembre do brizola porque gratidão não prescreve. não é gratidão só com a pessoa física, mas também com as ideias que ele representa. e ciro é a garantia de que essas ideias continuam vivas, atuais.""",0,0,0
7654,2022-01-31 13:04:02 utc,lulaoficial,quero parabenizar o @psocialista e o primeiro-ministro @antoniocostapm pela grande vitória nas eleições em portugal. toda a sorte para o primeiro-ministro na continuidade do trabalho que tem feito na nossa nação irmã portuguesa.,0,0,0
525,2022-07-29 20:22:49 utc,jairbolsonaro,@marcelosampaio <u+0001f1e7><u+0001f1f7>,0,0,0
11530,2022-04-26 14:11:00 utc,ciro gomes,"o lula se compromete, publicamente, de manter a diretoria do banco central. chama todo mundo para radicalizar contra o bolsonaro, que tem que tirar o bolsonaro, tira ele e fica a mesma política? esse é o jogo! eu tô noutra!",0,0,0
8184,2021-07-13 12:31:17 utc,lulaoficial,4 - os americanos precisam parar com esse rancor. o bloqueio é uma forma de matar seres humanos que não estão em guerra. do que os eua tem medo? eu sei o que é um país tentando interferir no outro.,0,0,0
20160,2021-07-19 14:42:49,felipe davila,"enquanto o brasil tem problemas urgentes para resolver, como enfrentar a pandemia, vacinar a população e encarar a inflação mais alta dos últimos 25 anos (e que vem corroendo o salário do trabalhador), os nossos governantes tumultuam e criam novos problemas. segue o fio. (1/7)",0,0,0
7165,2022-05-27 22:07:50 utc,lulaoficial,"nós que lutamos para derrubar um governo fascista no brasil, pedimos ao povo da colômbia e todos que defendem a democracia, que no próximo domingo, vote no companheiro @petrogustavo como presidente da colômbia.",0,0,0
22733,2021-03-13 13:49:14 utc,sofia manzano,como o estado de bem-estar social foi construído com o trabalho escravo.,0,0,0
24058,2021-09-29 20:36:20 utc,vera lucia,#02outforabolsonaro,0,0,0
30256,2022-09-10 14:19:33 utc,padre kelmon,@cristia64583054 vamos juntos!<u+0001f64f><u+0001f3fb><u+0001f1e7><u+0001f1f7>,0,0,0
21730,2022-06-11 21:20:56 utc,sofia manzano,"a privatização da eletrobrás  é um crime de lesa pátria! 
ataca a soberanía nacional e terá como consequências o aumento nas contas de luz e a queda na qualidade dos serviços de energia.
nosso programa prevê a reversão da privatização por uma eletrobrás 100% estatal!",0,0,0
21224,2022-09-01 16:42:41 utc,sofia manzano,"<u+0001f333>defesa dos recursos naturais da biodiversidade da amazônia, pantanal, mata atlântica, cerrado, caatinga e pampa(+)",0,0,0
3214,2020-01-24 01:18:57 utc,jairbolsonaro,"- também determinei ao ministro da cgu que dê transparência às notas fiscais de compras do governo, permitindo que a sociedade exerça o controle efetivo dos gastos públicos.",0,0,0
12165,2021-11-12 13:41:45 utc,ciro gomes,venderam para acionistas privados aquilo que é um patrimônio sensível no mundo inteiro. #cironodatena,0,0,0
22329,2021-12-19 12:35:02 utc,sofia manzano,"@pcp_pt josé dias coelho, presente!",0,0,0
2106,2020-12-23 17:57:02 utc,jairbolsonaro,"- 414.556 novos postos de trabalho formais criados em novembro.

- dados do caged neste mês é o melhor da série histórica.

- é a economia reagindo.",0,0,0
8627,2020-11-21 15:46:21 utc,lulaoficial,@flaviogomes69 <u+270a><u+0001f3fd>,0,0,0
431,2022-08-24 22:34:16 utc,jairbolsonaro,"- sob comando do pt, o brasil atuava como mina de ouro da esquerda na américa latina, servindo a aliados aversos à democracia e deixando em segundo plano os interesses de nossa nação. enquanto bancavam obras em cuba e na venezuela, por exemplo, abandonavam as do próprio país.",1,1,1
604,2022-07-18 13:06:31 utc,jairbolsonaro,"- ciente de que o desemprego traria ainda mais sofrimento ao povo, a esquerda pediu para ignorarmos a economia, o que não aconteceu. além de repassar recursos e disponibilizar vacina a quem desejasse, criamos o auxílio emergencial, o pronampe e o bem, que reduziram os impactos.",1,1,1
1367,2022-02-09 23:17:13 utc,jairbolsonaro,"- assim, reitero todo nosso apoio ao povo judeu, que hoje sofre não só com as cicatrizes deixadas pela história, mas também com o desrespeito daqueles que banalizam um assunto tão grave, rotulando tudo e todos na ânsia de conquistar ainda mais poder e controle sobre as pessoas.",1,1,1
3169,2020-02-06 09:50:02 utc,jairbolsonaro,4- nossa economia está em plena recuperação. o desemprego cai; a inflação está controlada; a taxa de juros é a menor da nossa história. estamos honrando o nosso compromisso de tirar o peso do estado das costas de quem produz.,1,1,1
8621,2020-11-23 22:49:28 utc,lulaoficial,"2- com matéria inédita sobre a parceria da globo com moro e dallagnol, e @czmartins para falar sobre seu livro lawfare. a rede globo tem que parar de censurar quem conta o que ela não quer que o povo saiba. #equipelula",1,1,1
8880,2020-07-31 15:16:19 utc,lulaoficial,bolsonaro não está nem um pouco preocupado em resolver os problemas do povo brasileiro. tudo o que ele faz é calculado pra resolver os problemas da família dele.,1,1,1
9523,2019-08-16 21:13:20 utc,lulaoficial,"agora a gente tem um presidente que faz palhaçada o tempo inteiro. e o povo desempregado, o povo passando fome, o povo morando na rua. #lulanatvebahia",1,1,1
10950,2022-08-04 20:57:44 utc,ciro gomes,"o dinheiro pra financiar o desenvolvimento brasileiro está no bolso de uma minoria de poderosos, mas nós temos um modelo para cobrar tributos que diminui a cobrança em cima do povo trabalhador e aumenta a tributação sobre os super-ricos.",1,1,1
11528,2022-04-26 14:14:28 utc,ciro gomes,"o lula e o pt concentraram na mão de apenas 5 bancos, 85% de todas as transações financeiras do brasil! ou seja, de 5 bancos, 4 já estão como os mais rentáveis  de 10  do mundo. meu irmão, é o maior assalto a mão desarmada que a humanidade já conheceu em todos os tempos.",1,1,1
11889,2022-01-24 09:29:25 utc,ciro gomes,"quando vamos arrancar a pedra de gelo que alguns dos nossos governantes têm no peito e transformá-la em água de beber para dar a quem tem sede de vida e justiça? até quando essa gente vai ser subjugada, injustiçada e humilhada por esse governo incompetente e genocida?",1,1,1
11994,2021-12-22 00:12:53 utc,ciro gomes,"""é hora de questionar a lógica do sistema sem medo! não existe essa superioridade intelectual que eles querem passar para poder segurar na marra um sistema que escraviza, oprime e saqueia os realmente capazes de produzir, que são os pequenos e médios empresários"". @eduardomoreira",1,1,1
12629,2021-06-10 21:59:12 utc,ciro gomes,criminoso! assassino! bolsonaro quer levar mais brasileiros à morte com suas atitudes anticientíficas. quem já teve covid ou foi vacinado continua sendo um possível vetor de contaminação para outras pessoas. usar máscaras salva vidas!,1,1,1
13009,2021-03-07 15:24:07 utc,ciro gomes,"imoral! mansão de flávio bolsonaro está sendo protegida pela polícia legislativa do senado federal. é segurança particular paga com dinheiro público! enquanto bolsonaro está afundando o país, seu filho está esfregando luxo e roubalheira na cara dos brasileiros.",1,1,1
13113,2021-02-09 21:47:21 utc,ciro gomes,o governo declarar a autonomia do banco central é a mais profunda e definitiva formalização da entrega do destino da nação brasileira aos bilionários do sistema financeiro. esta é uma aberração a qual nós temos que reagir duramente!,1,1,1
13140,2021-02-03 21:40:05 utc,ciro gomes,"milhões estão desempregados, afundando na tragédia de um governo perdido que não teve competência para salvar empresas nem as vidas do nosso povo. sem o auxílio emergencial, os brasileiros voltaram a sofrer com fome e miséria. e o governo não tem solução para desenvolver o país!",1,1,1
13327,2020-12-13 15:31:30 utc,ciro gomes,"bolsonaro é uma fraude, um genocida que ameaça a vida de todos os brasileiros! #bolsonaro171",1,1,1
13410,2020-11-28 14:13:05 utc,ciro gomes,"gente querida, o voto de cada um de vocês é muito importante! o povo brasileiro já mostrou sua força e a vontade de mudar o país. neste domingo, vamos seguir lutando contra o presidente genocida e corrupto!",1,1,1
13514,2020-11-10 23:22:39 utc,ciro gomes,"o fato é que o governo está perdido, não tem proposta, não tem projeto e está levando o brasil para o fundo do poço e todos os brasileiros e brasileiras junto. guedes está procurando um pretexto para pular do barco que ele está trabalhando para afundar.",1,1,1
14011,2020-09-02 23:06:10 utc,ciro gomes,"guedes e bolsonaro vão acabar de liquidar o brasil! estão esquartejando a petrobras e vendendo aos pedaços, esquartejando a eletrobras e vendendo aos pedaços... estão entregando o brasil para o estrangeiro a preço de banana e com muita roubalheira! #cironometeorobr",1,1,1
14419,2020-07-20 22:53:36 utc,ciro gomes,"a corrupção está no centro do governo bolsonaro: milhares de militares da ativa receberam o auxílio emergencial, enquanto foi negado para milhões de brasileiros famintos. você acha que foi um erro da caixa econômica? #cirocomgustavomendes",1,1,1
14782,2020-06-08 23:27:59 utc,ciro gomes,"agora é hora de construir, com humildade, no seio da opinião pública, respeitando nossos irmãos que pensam diferente de nós, um diálogo para mostrar a essas pessoas que bolsonaro está cometendo crimes que vão dilacerar a nação brasileira.",1,1,1
15963,2022-11-18 15:05:19 utc,leonardo pericles,"quem já fez ocupação sabe o que é ser atacado na covardia, mas tbm sabe que depois que o povo se une e se organiza, fascista não tem vez! 

pra cima deles @fbctadoido",1,1,1
15980,2022-10-29 02:03:38 utc,leonardo pericles,"repito! lave sua boca para falar das favelas, seu fascista! 

quem tem vizinho bandido é você, que dorme e acorda aliado a ladrões que roubam dinheiro público, matam pobres e trabalhadores! 

fascista, genocida, bandido, miliciano! 

respeite a favela! #debatenaglobo",1,1,1
16227,2022-04-15 00:15:17 utc,leonardo pericles,a @up80br é uma das organizações políticas que defende a permanência do povo nas ruas para a derrubada do genocida e de todos os milicos que se beneficiam de seus mandos. bolsonaro ri da cara do povo brasileiro que sofre diariamente com a alta do preço dos gás e dos alimentos.,1,1,1
16411,2021-03-08 23:33:36 utc,leonardo pericles,"a decisão de fachin d restituir os direitos políticos de lula é + um episódio d desmascaramento da farsa da lava jato. no entanto, todos q participaram dessa conspiração contra a democracia e o povo devem ser punidos a exemplo do juiz parcial sérgio moro.
#vazajato #forabolsonaro",1,1,1
19110,2022-09-27 18:05:01 utc,felipe davila,"a pauta do @partidonovo30 defende as gerações futuras. 

converso com a meninada de 20 a 35 anos. eles têm exatamente o nosso dna. querem tirar o estado das costas deles e têm um espírito empreendedor.

vamos ter um novo brasil com mais oportunidades para todos. vote 30!",1,1,1
19178,2022-09-06 20:01:49 utc,felipe davila,"sempre digo e repito: governos existem para servir as pessoas e não para se servir da sociedade. 

não há antídoto melhor contra o populismo eleitoreiro do que a participação ativa das pessoas. todos na busca de soluções concretas para os reais problemas da sociedade.",1,1,1
19447,2022-07-26 01:37:03 utc,felipe davila,"em uma clara atitude antidemocrática, lula e bolsonaro se recusam a participar de debates promovidos pelos jornais e tv. 

assim o brasil da polarização caminha, sem diálogo e com o vazio de ideias do populismo. quem perde é a população.",1,1,1
19682,2022-03-22 13:44:59 utc,felipe davila,"@ideias_radicais lula acha que o brasileiro tem memória curta, é a única explicação para mentir tanto.",1,1,1
19748,2022-03-09 19:54:31 utc,felipe davila,@salimmattarbr a elite do funcionalismo não tem a menor empatia pelos pagadores de impostos que perderam renda na pandemia.,1,1,1
19963,2021-11-21 13:08:41 utc,felipe davila,a simbiose entre o populismo e o corporativismo é nociva p o brasil.não se cria igualdade de oportunidades numa nação em que o estado é refém de feudos de privilégios. não se prospera numa nação carcomida pela corrupção e pela atroz desigualdade social. juntos por um novo brasil.,1,1,1
20869,2022-09-30 19:59:54 utc,sofia manzano,"vote 21 para enfrentar os programas da direita e da extrema-direita, que são como duas faces de uma moeda falsa, uma vez que são todos favoráveis às políticas neoliberais que destruíram a economia e os direitos e garantias dos trabalhadores.",1,1,1
21049,2022-09-19 23:28:33 utc,sofia manzano,"trabalhadores e trabalhadoras de aplicativos estão submetidos ao mercado de trabalho mais precarizado do país, onde os oligopólios ganham rios de dinheiro com esse sistema de precarização trabalhista. 

para reverter essa situação, nosso programa propõe:
<u+0001f447>",1,1,1
21511,2022-07-26 00:34:51 utc,sofia manzano,"está aí porque a mídia boicota minha pré candidatura: já tem uma mulher para massacrar a classe trabalhadora. 
a reforma trabalhista será revogada e iremos implementar a jornada de 30h semanais sem redução salarial. 
é assim que se gera emprego,renda e qualidade de vida.",1,1,1
21558,2022-07-19 19:58:26 utc,sofia manzano,"ele busca encontrar justificativas para cancelar as eleições e preparar suas milícias fascistas para desencadear o caos no país às vésperas das eleições e dessa forma  consolidar seu projeto de poder político reacionário, elitista e nocivo aos trabalhadores.",1,1,1
23358,2022-10-27 14:53:07 utc,vera lucia,"@leoc1310 não defendi isso 20 anos atrás, fui oposição e serei de novo.  lula vai governar com os ricos, atacar os trabalhadores e promover mais exploração igual 20 anos atrás?",1,1,1
23383,2022-10-16 23:20:50 utc,vera lucia,"bolsonaro é genocida e negacionista da pandemia!

é preciso uma saúde pública e de qualidade no país, estatizando as empresas privadas de saúde, como os planos, que lucram muito com a dor e sofrimento do povo brasileiro. infelizmente ninguém no debate defende isso.

#debatenaband",1,1,1
23401,2022-09-30 02:56:32 utc,vera lucia,"o agronegócio dos capitalistas não alimenta o povo no país. eles alimentam o mundo em troca de dólares e seus lucros enquanto a classe trabalhadora passa fome.

#debatenaglobo",1,1,1
23651,2022-08-24 19:56:40 utc,vera lucia,o problema é que essas bolsas não saem do bolso do empresário como seria o certo. mas é o governo transferindo dinheiro público para os empresários da educação ficarem mais ricos. usam o sonho da juventude entrar na faculdade pra enriquecer donos de faculdade.,1,1,1
23796,2022-04-01 21:19:07 utc,vera lucia,"bolsonaro governa para os ricos!  os lucros de 291 empresas aumentaram em 235%. 

enquanto isso, os preços dispararam e o salário dos trabalhadores não consegue comprar mais nada. 

enquanto a gasolina beira os 7 reais, o lucro da petrobras foi de 7,1 para 106 bilhões de reais.",1,1,1
23799,2022-03-30 14:04:52 utc,vera lucia,"132 mil famílias não terão para onde ir se a adpf 828 não for prorrogada!
são vítimas da política genocida desse desgoverno que só pensou em seu próprio bolso na pandemia!
por um #brasilsemdespejo já! e uma revolução que garanta moradias populares para todos!",1,1,1
23801,2022-03-28 14:29:01 utc,vera lucia,"a polícia e o sistema judiciário do brasil, racistas, prejudicam a vida de jovens trabalhadores, mesmo quando eles ""correm pelo certo"". 

isso tem que ser denunciado! 

minha solidariedade! desejo sorte no julgamento hoje a tarde e que a justiça seja feita dessa vez.",1,1,1
23950,2022-01-22 12:58:00 utc,vera lucia,"um crime praticado pela justiça, o prefeito cury, governador alckimin e a presidente dilma, a pedido de naji nahas.

o sossego da classe trabalhadora só vira com a expropriação da propriedade privada.",1,1,1
24015,2021-10-26 15:59:19 utc,vera lucia,"gasolina a quase 7 reais, em mais um aumento.  a classe trabalhadora paga a conta enquanto guedes lucra com o aumento das ações, ao anunciar a  privatização da empresa. a petrobrás 100% estatal, sob o controle dos trabalhadores, é a única saída para barrar essa patifaria.",1,1,1
24073,2021-09-21 14:45:47 utc,vera lucia,"bolsonaro:  mente na assembleia da onu, conspira contra o controle da pandemia e compra de vacinas,  toca fogo na amazônia. corrompe,  mata, ameaça, persegue. mas continua governando. o povo é vitima! de quem é a culpa?",1,1,1
24144,2021-08-19 14:51:40 utc,vera lucia,"a vinda de rodrigo maia para o governo de doria é absurda, não só porque arranja uma boquinha, mas por sua tarefa de ""potencializar os projetos de desestatização e acelerar parcerias público-privadas, ou seja, mais destruição dos serviços público e privilégio pros capitalistas.",1,1,1
24314,2021-07-09 20:21:04 utc,vera lucia,"a despeito da propaganda quase centenária da chamada #revolucaoconstitucionalista de 32, esta não passou de uma guerra civil entre as frações da burguesia, cafeeira e industrial, pelo controle do estado e que usou nossa classe como bucha de canhão, até se acertarem novamente...",1,1,1
24414,2021-05-23 16:15:09 utc,vera lucia,"hoje o genocida bolsonaro foi as ruas com sua trupe, incluindo pazuello que passou horas mentindo na cpi durante esta semana. enquanto isso, o povo segue morrendo pelo vírus ou de fome. mais do que nunca é preciso fazer do dia 29/05 uma grande manifestação! chega!",1,1,1
24484,2021-03-19 16:40:53 utc,vera lucia,"fora o governo genocida de bolsonaro e mourão!
chega de sabotagem a pandemia!
e nem diga precisa salvar a economia. a fome e a morte, o desemprego, quebradeira dos pequenos é para salvar os super ricos.",1,1,1
24521,2021-03-09 15:13:39 utc,vera lucia,"eita, quer dizer que bolsonaro acha um crime chamar ele de genocida?! nossa... achei que crime fosse ser responsável pela morte de mais de 250 mil pessoas, falta de vacina, uti, emprego e renda: brincar com a vida das pessoas... e vocês que acham sobre disso?",1,1,1
6316,2022-09-15 23:26:04,lulaoficial,"precisamos eleger uma grande bancada para mudar as coisas que estão erradas no país. bolsonaro está destruindo o farmácia popular, porque pra essa gente o povo pobre não é povo, é coisa. só tem valor para eles na época das eleições.",1,1,1
6614,2022-08-17 15:47:54,lulaoficial,"hoje vendemos metade dos carros que vendíamos em 2010, estamos licenciando metade dos carros que tínhamos em 2010. tudo caiu pela metade. a única coisa que não diminuiu foi a grosseria e o desrespeito do atual presidente da república com os trabalhadores.",1,1,1
6885,2022-07-09 16:12:19,lulaoficial,"governar era algo de cima pra baixo. na história política do brasil nós fomos governados muitas vezes por alguém que não tinha nada a ver com o povo. e governava para quem? quando um barão era indicado para governar um estado, ele governava para a elite.",1,1,1
7746,2021-12-20 02:14:14,lulaoficial,"a perseverança me impediu de desistir da sonhada profissão de metalúrgico, mesmo quando tive o dedo esmagado numa prensa. ou mais tarde, quando amarguei oito meses de desemprego, pesadelo que hoje assombra 14 milhões de trabalhadores, vítimas de uma política econômica criminosa.",1,1,1
8767,2020-09-22 10:53:59,lulaoficial,o bolsonaro precisa começar a governar para o povo brasileiro e parar de ser subalterno aos eua.,1,1,1
9407,2019-11-09 18:15:38,lulaoficial,eu duvido que o bolsonaro durma com a consciência tranquila. duvido que o ministro dele destruidor de sonhos do povo brasileiro durma bem.,1,1,1
11304,2022-06-06 12:00:05,ciro gomes,"[siga o fio] a frase popular além da queda o coice traduz muito bem a tragédia produzida pelo desgoverno bolsonaro na vida do trabalhador brasileiro. em especial, dos trabalhadores menos qualificados.",1,1,1
11329,2022-05-31 15:35:17,ciro gomes,"agora nós vamos chamar o povo brasileiro, decepcionado com as promessas mentirosas do bolsonaro, pra votar no lula  como solução para o que deu causa? (...)",1,1,1
12122,2021-11-24 00:15:45,ciro gomes,"""a esperança do brasil é o povo. o empresariado brasileiro tem que parar de desconsiderar nosso povo."" pedro cardoso na #cirogames",1,1,1
15196,2019-07-24 18:35:53,ciro gomes,"avisei que se não tivesse ação concreta e definitiva do governo, o sarampo se espalharia rapidamente por todo o país. 
infelizmente, esse governo despreparado foi omisso e covarde e agora quem sofre é o nosso povo.",1,1,1
16062,2022-09-30 03:13:54,leonardo pericles,"avançar c/ a agenda liberal? a agenda liberal nos trouxe ao mapa da fome, ao desemprego em massa no brasil e a privatizações, ressuscitou o fascismo e q só tiram direitos do povo! precisamos acabar c/ a agenda liberal e governar para e com os trabalhadores! #voto80 #leonosdebates",1,1,1
16203,2022-05-26 13:25:42,leonardo pericles,"tamanhos requintes de crueldade como os casos do homem negro em sergipe morto asfixiado numa câmara de gás numa viatura, a chacina na vila cruzeiro (rj), são feitos para botar terror no povo, o estado tentar passar a ideia que podem fazer o que querem e que o povo fique calado<u+0001f447><u+0001f3ff>",1,1,1
16375,2021-08-16 18:48:25,leonardo pericles,"as cenas de barbárie no afeganistão têm responsável: o maldito imperialismo dos eua, q invadiu o país e impôs 21 anos d intervenção militar que serviu à indústria d guerra dos eua, ao saque do petróleo e jogou o povo à miséria, fatores q deram condições do talibã retomar o poder.",1,1,1
16594,2019-11-14 19:10:39,leonardo pericles,urgente: câmara de deputados e senadores rechaçou o golpe de estado na bolívia! a força dos povos indígenas e da classe trabalhadora avança ainda mais contra o golpe. viva a resistência do povo boliviano! #bolivia,1,1,1
16827,2022-09-28 23:16:03,simone tebet,quem acha que o eleitor não sabe o que acontece e não tem sabedoria menospreza a força do povo brasileiro. o povo é sábio e sabe que o ex-presidente lula ainda responde à justiça em diversos processos. +,1,1,1
16846,2022-09-28 00:29:55,simone tebet,"os ministros do stf devem ter mandatos de 10 anos. essa vitaliciedade faz mal para o brasil, pois pode gerar tendências e não atender à vontade da população. por entender que a corrupção mata, é meu papel defender o povo e resolver os problemas reais do brasil. #simonenajovempan",1,1,1
19462,2022-07-16 17:15:18,felipe davila,"orgulho do trabalho do @clp_brasil por mostrar, através de dados e evidências, o desastre de políticas que garantem privilégios para corporações e deixam a conta para o povo pagar.

combater privilégios é o mínimo que se espera de quem quer um país mais justo e menos desigual.",1,1,1
23352,2022-10-29 01:05:20,vera lucia,"lula na crítica econômica ao bolsonaro sempre esbarra nos limites do seu próprio programa capitalista. por isso parece sempre incompleta e fica aquela sensação de faltar algo. falta atacar os lucros dos bilionários e revogar aos ataques aos trabalhadores.

#debatenaglobo",1,1,1
23533,2022-09-02 18:26:59,vera lucia,"- expropriar e estatizar as grandes empresas de alimentos, que lucrar milhões à custa da fome do povo brasileiro.  
- créditos aos agricultores familiares, através dos bancos públicos. 
- proteção aos povos indígenas, quilombolas e outras comunidades e povos tradicionais [9]",1,1,1
23832,2022-03-13 20:12:30,vera lucia,"@vncsromera não somos nós que temos que abrir mão do nosso programa em uma falsa analogia onde a classe trabalhadora é ignorada.

defendemos que os trabalhadores se organizem e lutem com suas próprias forças, sem dependerem de governos traidores. isso não é neutro. é a tarefa prioritária.",1,1,1
24217,2021-07-28 13:12:37,vera lucia,"quem tem que prestar contas ao povo são os genocidas e não aqueles que lutam por vidas dignas. 

toda solidariedade a @galodeluta, conte conosco!",1,1,1
24708,2020-10-26 23:04:33,vera lucia,"jajá começa o debate na @redeconectv onde fomos mais uma vez vetados! uma expressão dessa democracia dos ricos que favorece os mesmos de sempre enquanto excluem as candidaturas dos trabalhadores. inaceitável!
#queremosveranodebate",1,1,1
25059,2020-02-05 13:07:57,vera lucia,"para julgar as lutas dos trabalhadores, a justiça burguesa é rápida. o ministro do tst (tribunal superior do trabalho) ives gandra martins filho determinou que 90% dos petroleiros mantenham atividade durante greve. isso é um ataque ao direito de greve garantido na constituição.",1,1,1
13456,2020-11-18 15:40:04,ciro gomes,"todos que pudermos estar juntos para derrotar o bolsonarismo corrupto e antipovo ! boa sorte, @manueladavila ! boa sorte, brava gente gaúcha de porto alegre . parabéns à @julianabrizola que nos lidera nesta luta !",1,1,1
20787,2022-10-17 00:03:21,sofia manzano,"só tem uma forma de governar: com o povo trabalhador organizado e mobilizado. 
o congresso sempre foi dominado pelo centrão, mas, quando o povo está organizado, como na constituinte, o centrão não se cria.",1,1,1
21171,2022-09-07 19:34:08,sofia manzano,"a convocação de uma assembleia constituinte de novo tipo, com representação que corresponda à maioria social do país e às organizações de massas dos trabalhadores, revertendo de uma vez por todas o sistema que transforma maiorias sociais em minorias na representação política.<u+2b07><u+fe0f>",1,1,1
19821,2022-02-22 18:01:21 utc,felipe davila,"os governos petistas foram terríveis.

no governo dilma, por exemplo, o desemprego saltou de 5,3% para 8,2%.

a verdade é uma só:

o pt não foi e nunca será a solução para o brasil.",1,0,0
22028,2022-03-21 00:26:01,sofia manzano,"só com o controle estatal e para os interesses da classe trabalhadora a riqueza do país pode gerar desenvolvimento e não destruição. 
#poderpopular 
#pcb100anos",0,1,0
12117,2021-11-30 08:48:05 utc,ciro gomes,"confissão de crimes em cascata, cumplicidade, subserviência, oportunismo e cinismo deslavado, são as definições mais civilizadas que se pode fazer sobre o conteúdo do livro de sérgio moro, no resumo apresentado pela @folha.",1,0,0
7983,2021-08-28 15:27:29 utc,lulaoficial,"bolsonaro é desprovido de qualquer resquício de humanidade. chamou de idiota quem diz que a prioridade do governo devia ser comida na mesa do povo ao invés de fuzil. ninguém aguenta mais conviver com um presidente tresloucado, governando na base do absurdo. o país precisa de paz.",1,0,0
10968,2022-08-03 00:09:50 utc,ciro gomes,bolsonaro e a maioria do congresso deram permissão para que os bancos confisquem o auxílio emergencial de milhões de brasileiros usando o disfarce do empréstimo consignado. eu fui o primeiro e continuo sendo o único candidato a abordar esse tema.,1,0,0
22512,2021-05-29 17:23:41 utc,sofia manzano,hoje vamos às ruas. vamos marchar para derrubar esse governo fascista e genocida. #povonarua #forabolsonaroemourao #impeachmentja #foragenocida,1,0,0
9199,2020-03-20 00:21:21,lulaoficial,"no mesmo instante que o bolsonaro chama a pandemia de ""histeria"", ele pede pra passar um decreto de calamidade pública. ele deveria governar pra 210 milhões de brasileiros e não para satisfazer o seu ego. parar de se olhar no espelho e olhar para os habitantes desse país.",0,1,0
19142,2022-09-14 20:55:01 utc,felipe davila,"achar que lula é uma pessoa que vai ajudar a democracia no brasil é brincadeira.

na verdade, ficaram 14 anos no poder, criaram o maior escândalo de corrupção da história e deixaram 13 milhões de desempregados.",1,0,0
19566,2022-05-24 13:21:32 utc,felipe davila,"mais uma troca na presidência da petrobras não vai resolver problemas que realmente precisam ser sanados. bolsonaro tenta disfarçar a incapacidade administrativa promovendo uma nova dança das cadeiras. enquanto isso, os preços seguem descontrolados e a população paga o preço!",0,1,0
29845,2019-04-07 22:45:26 utc,soraya thronicke,"@nilsonp72898420 @jairovpm no brasil, dando de cara com a realidade que o seu governo ladrão deixou para consertarmos. nos 100 primeiros dias já fizemos milagres que os seus longos anos estragaram.",1,0,0
8838,2020-08-20 13:16:11 utc,lulaoficial,"o ""doleiro dos doleiros"" deu uma declaração de que ele costumava entregar malas de dólares para os marinho. simplesmente o jn diz que não procede e acabou. se fosse o lula... era bom dia brasil, boa noite brasil, bom almoço brasil... seria todo mundo durante uma semana.",1,0,0
19862,2022-02-15 15:39:45 utc,felipe davila,"""não se trata apenas do dinheiro que é desviado, não é apenas o que se põe no bolso. hoje sabemos que corrupção não é um pecado individual. é um sistema político."" 

frase precisa de arnaldo jabor.

hoje, perdemos um de nossos melhores cineastas e um grande cidadão brasileiro.",1,0,0
9587,2019-03-16 21:16:25 utc,lulaoficial,"sérgio moro é cúmplice de um governo de milicianos. assim como dallagnol, irá pra lata do lixo da história. as máscaras estão caindo - @guilhermeboulos #liberdadeparalula",1,0,0
28107,2021-05-24 12:57:37 utc,soraya thronicke,"já sabemos o que nos desune, e sabemos tb que na democracia sempre haverá divergências ideológicas. 

o que precisamos agora é de consciência daquilo que nos une como povo, como nação.

que deus nos oriente!

boa semana a todos!",0,1,0
15935,2023-01-05 23:24:10,leonardo pericles,"enquanto isso, fascistas como carla zambelli empunham livremente armas nas ruas e como roberto jefferson abatem policiais. é urgente o desmilitarização das polícias.",1,0,0
8310,2021-05-27 15:57:46 utc,lulaoficial,esses dias fui no @pejulio e uma moça me pediu pra voltar a ser presidente porque ela queria voltar a ter o que comer. eu senti na minha barriga o que é a fome. aumenta muito nossa responsabilidade. não é tarefa de ninguém sozinho. vamos consertar esse país com ajuda do povo.,0,1,0
21273,2022-08-23 13:54:40,sofia manzano,"a regularização fundiária é energencial no nosso programa. 
a especulação imobiliária e o agronegócio são os setores que mais invadem a propriedade do povo trabalhador.",0,1,0
12387,2021-09-10 22:21:23 utc,ciro gomes,"bolsonaro tentou, pessoalmente, um golpe nesse 7 de setembro com muita grana pública, envolvimento de bandidos do agronegócio. as informações estão muito claras sobre isso. #cironoricaperrone",1,0,0
13561,2020-11-05 21:40:33 utc,ciro gomes,"sobrinho de bolsonaro, ex-assessor do senador flagrado com dinheiro na cueca, ganhou novo cargo no senado. sob pretexto de reforma administrativa, ele persegue servidores concursados. enquanto isso, privilégio e peculato para a família de bandidos q atende pelo nome bolsonaro!",1,0,0
24489,2021-03-17 22:27:31 utc,vera lucia,@jailtonsantana_ mais um crime lgbtfóbico. esse sistema não presta mesmo. é podre!,1,0,0
15049,2020-03-18 21:02:57,ciro gomes,temos um irresponsável completamente despreparado na presidência do brasil.,1,0,0
24505,2021-03-13 16:08:24,vera lucia,"@aurelionery17 @flagomen9 olha, a mensagem principal que a gente quer passar em qlqr eleição é a necessidade dos trabalhadores se organizarem com independência pra superar na barbárie capitalista, acho que não combina com apoiar o lula, que é ""o cara"" da consciliação. até lá, tem um genocida pra derrubar.",1,0,0
23891,2022-02-14 11:50:34,vera lucia,"mais uma manhã de caos em sp. a linha 9 - esmeralda (uma linha privada) não funcionou. trabalhadores e estudantes não chegarão aos seus destinos. os ricos não sofrem isso, eles não andam de trem.

estatização e controle dos transporte pelos trabalhadores e usuários é fundamental.",0,1,0
13451,2020-11-19 20:00:42 utc,ciro gomes,"hoje é o dia da bandeira, nosso pendão da esperança. não será jamais roubada por entreguistas e corruptos que traem a pátria brasileira. a bandeira é nossa!",1,0,0
6476,2022-08-31 12:26:42 utc,lulaoficial,eu venci em 26 processos na justiça federal. só fui condenado por um juiz e um procurador porque eles tinham interesses políticos e não queriam que eu fosse candidato em 2018. mesmo com todas as absolvições tem gente que insiste em não reconhecer.,1,0,0
22196,2022-02-11 11:50:05 utc,sofia manzano,"governo bolsonaro é isso: farra com dinheiro público, destruição do estado, crimes contra a humanidade. 
#forabolsonaro já.",1,0,0
10865,2022-08-17 23:28:59 utc,ciro gomes,"é uma forma muito grave de corrupção os políticos invadirem a religiosidade do povo. onde se misturou política corrupta com religião, deu em genocídio. se proteja, meu irmão! você tem direito de adorar a deus da forma que você desejar e o papel do seu presidente é respeitar.",1,0,0
17109,2022-08-09 03:26:57 utc,simone tebet,"vou revogar o sigilo de 100 anos. o princípio da publicidade é um princípio constitucional que merece ser respeitado, porque o poder vem do povo e somos meros representantes. e se o poder vem do povo, ele tem que saber o que está sendo feito. transparência absoluta. #rodaviva",0,1,0
11631,2022-03-30 00:29:26 utc,ciro gomes,"bolsonaro faz discurso anticorrupção, aproveitando que lula e o pt têm que fugir desse assunto, mas não quer debater comigo. bolsonaro confessou que a wal do açaí nunca deu um dia de serviço em brasília e atestou a presença dela no gabinete quando ela era sua caseira particular.",1,0,0
19573,2022-05-17 18:36:39 utc,felipe davila,"existe uma inversão de valores: nós trabalhamos para sustentar o estado, que atualmente destina cerca de 80% do orçamento federal (excluindo valores de juros e amortização da dívida) para pagar folha, benefícios e aposentadorias.",0,1,0
22085,2022-03-01 22:35:58,sofia manzano,mídia ocidental age como supremacista branco.,1,0,0
15966,2022-11-15 17:02:43,leonardo pericles,"15 de novembro. a república que prevaleceu foi instituída num golpe militar apoiado por ex-senhores de escravos que se tornaram ""republicanos"" da noite p/ o dia. mesmo assim muitas lutas aconteceram!o povo conquistou direitos e a luta p/ uma verdadeira república popular continua!",0,1,0
8372,2021-04-30 21:58:28 utc,lulaoficial,"sônia guajajara foi intimada hoje pela pf por supostamente ter difamado o governo ao trazer luz a violações contra os povos indígenas. é o governo da mentira perseguindo e tentando intimidar aqueles que denunciam a verdade. não vão conseguir. minha solidariedade, @guajajarasonia.",1,0,0
21634,2022-07-02 16:35:25 utc,sofia manzano,"condenamos o esvaziamento dos programas sociais de financiamento habitacional para baixa renda promovido por este governo liberal-fascista, genocida e antipovo de jair bolsonaro.",0,1,0
30225,2022-12-24 12:38:57 utc,padre kelmon,vale a leitura esse artigo do coronel mauro rogério. supremo é o povo!!,0,1,0
13219,2021-01-14 20:41:10 utc,ciro gomes,"é revoltante saber que o #bolsonarogenocida e seu cúmplice ministro da saúde, mesmo sabendo de toda situação devastadora da pandemia, não se movimentaram para ajudar manaus. bolsonaro e pazuello são criminosos e traidores da pátria. impeachment e cadeia para os dois!",1,0,0
27787,2022-07-10 17:14:27 utc,soraya thronicke,repito: os líderes políticos devem repudiar com veemência esses atos abomináveis de seus apoiadores. é inaceitável o que está acontecendo.,1,0,0
10726,2022-08-29 12:00:14,ciro gomes,"<u+0001f937><u+200d><u+2642><u+fe0f> afinal, nada mais justo que os super-ricos paguem um pouquinho dessa fortuna pra tirar a fome, a miséria e a humilhação da maioria esmagadora, né?",0,1,0
19842,2022-02-18 17:38:16 utc,felipe davila,"""quando não tem coordenação entre união, estados e municípios a coisa não anda.

foi isso que aconteceu na pandemia. 

bolsonaro, que é populista e negacionista, rompeu com os outros entes da federação, isso gerou caos na saúde.""

#debatelide",1,0,0
28218,2021-01-25 01:27:38 utc,soraya thronicke,"eqto processos antigos por corrupção avançam,e novos casos de desvios de recursos públicos p covid eclodem a cada dia,movimentos de rua distraem a população c conversa fiada.sou do tempo do combate à corrupção e,sem generalizar,  sinto vergonha de mtas lideranças atuais.vergonha!",1,0,0
24948,2020-05-09 15:02:18 utc,vera lucia,"inaceitável! enquanto as famílias choram 10 mil mortes por covid-19, bolsonaro cogitou fazer churrasco com amigos. é mais que desumano e cruel. é coisa de miliciano! #forabolsonaro #foramourão",1,0,0
6859,2022-07-12 23:16:21 utc,lulaoficial,"não quero ninguém brigando, aceitando provocação. e é isso que nós temos que fazer nos próximos três meses. vamos encher as ruas, conversar com as pessoas. nós não precisamos brigar, a nossa arma é a tranquilidade, o amor e a sede que temos de melhorar a vida do povo brasileiro.",0,1,0
12693,2021-05-19 14:41:00,ciro gomes,"pazuello acertou com o butantan para comprar vacinas e, no dia seguinte, bolsonaro disse que ""o dinheiro dele"" não iria pagar essas doses. a #cpidacovid vai ajudar o povo a entender tudo o que aconteceu para chegarmos a quase 440 mil mortos por um vírus que já existe vacina!",1,0,0
4434,2018-12-09 13:19:00,jairbolsonaro,"as eleições de 2018 representam uma resposta aos estragos que esse projeto de poder causou em todos os lugares, em especial na venezuela. nosso país deixará de ser a galinha dos ovos de ouro e voltará a colocar os interesses e valores dos brasileiros no topo.",0,1,0
426,2022-08-25 18:54:44 utc,jairbolsonaro,"- respeitar a democracia é muito diferente de assinar uma cartinha. honrar a constituição, em especial direitos e garantias fundamentais, é o que diferencia democratas de demagogos.",1,0,0
4219,2019-02-16 10:06:45,jairbolsonaro,"na próxima terça-feira apresentaremos projeto de lei anticrime ao congresso. elaborado pelo ministro sérgio moro o mesmo visa endurecer as penas contra assassinos, líderes de gangues e corruptos.",1,0,0
26404,2013-09-17 12:18:35,vera lucia,inspetores da onu apontam uso de sarin em ataque contra civis na síria. a classe trabalhadora e os povos do mundo... http://t.co/8a9aizqjph,0,1,0
11046,2022-07-24 22:13:41 utc,ciro gomes,difícil saber o que é mais vergonhoso e mais perigoso. a repetição de ataques raivosos às instituições ou a ação silenciosa de gastar perto de r$ 1 milhão em um dia em comerciais para a convenção do pl.,1,0,0
8938,2020-07-01 23:02:04 utc,lulaoficial,o povo trabalhador está perdendo no século 21 tudo que conquistou no século 20. a greve dos entregadores prova isso. eles passam fome entregando comida... um pneu fura e você é bloqueado do aplicativo?! isso é escravidão moderna. não tem nenhuma seguridade social. nada.,0,1,0
29720,2019-04-30 15:13:13,soraya thronicke,a força do povo nas ruas libertará o povo venezuelano. que deus abençoe.,0,1,0
29091,2019-08-18 22:17:22 utc,soraya thronicke,"enquanto a tacanha grande mídia critica o pr @jairbolsonaro por frases soltas, outros veículos permitem que mostremos a verdade do nosso governo. 

#somostodosmichelle",1,0,0
742,2022-06-17 08:50:38 utc,jairbolsonaro,". estatais voltaram a registrar lucro depois de anos de prejuízos;

. mais de 5.400 decretos inúteis ou obsoletos refolhados desde 2019;

- contratações técnicas, combate ao inchaço estatal e desmonte da corrupção possibilitaram mais recursos para entregas de obras atrasadas.",1,0,0
21401,2022-08-10 07:22:09,sofia manzano,"a aliança da maior destruição do estado (alckmin). com a maior enganação para a classe trabalhadora. 
vai reduzir a jornada de trabalho para 30h semanais sem redução salarial???????",0,1,0
19841,2022-02-18 17:58:06 utc,felipe davila,"""é um absurdo que parte da classe empresarial já esteja bajulando o lula. isso é um desrespeito aos nossos filhos e netos.

não podemos acreditar que os populistas que nos colocaram nessa situação vão nos tirar dela.""

#debatelide",1,0,0
627,2022-07-11 16:34:31 utc,jairbolsonaro,- será que o segredo para ganhar sua simpatia é aplaudir ataques violentos a opositores ao invés de rejeitar esse tipo de apoio como fiz? há 2 dias seu candidato literalmente agradeceu e elogiou um vereador do pt pela tentativa de homicídio de um opositor e você não falou nada...,1,0,0
20481,2021-02-11 12:52:26 utc,felipe davila,"o stf votou ontem contra a lei do esquecimento. ainda bem! num país onde ignoramos o passado e continuamos a eleger populistas, o brasil precisa de muita memória. aliás, você se lembra em quem votou para deputado ou vereador?",1,0,0
23400,2022-09-30 02:59:10 utc,vera lucia,"soraya thronicke é candidata pelo união brasil partido resultado da fusão do dem com o psl! esses aí estavam com bolsonaro até ontem. tem muita culpa no cartório pelo governo atual do genocida e corrupto.

#debatenaglobo",1,0,0
6205,2022-09-24 15:15:08 utc,lulaoficial,"cadê a saúde na periferia? a educação, o lazer, a cultura? água e coleta de esgoto? o povo pobre vai sendo empurrado pra longe do centro. com o @haddad_fernando governador, vamos discutir melhorias para as periferias de são paulo.",0,1,0
12903,2021-03-27 00:27:30,ciro gomes,"3.650 vidas perdidas.
congresso brasileiro, cumpra seu papel na defesa do povo brasileiro! afaste o responsável por essa tragédia da presidência do brasil!",0,1,0
25168,2015-07-30 13:02:04,vera lucia,,0,1,0
13772,2020-10-09 22:22:57 utc,ciro gomes,"a roubalheira neste governo é de braçada! durante a pandemia, a eletrobras vendeu por r$ 500 milhões uma usina eólica que custou r$ 3,1 bilhões. considerado o maior complexo eólico da américa latina, a usina de campos neutrais teve, em 2017, lucro líquido de r$ 345 milhões.",1,0,0
16572,2020-01-17 13:36:04 utc,leonardo pericles,"um secretário nacional de cultura nazi-fascista. este é o governo bolsonaro. 
querem destruir a cultura comprometida com a igualdade e a democracia. a constituição foi rasgada mais uma vez. pela punição aos que fazem apologia ao nazismo!",1,0,0
7357,2022-04-22 11:16:06 utc,lulaoficial,"como é possível falar em soberania em um país que tem 19 milhões de pessoas passando fome? nosso povo precisa de respeito, de carinho e de esperança. os brasileiros sabem que é possível fazer diferente e ter um país mais justo e mais feliz. bom dia.",0,1,0
15061,2020-03-03 17:29:38 utc,ciro gomes,"(...) muito fácil fazer discurso de elegância de longe sem sentir o terror de uma comunidade feita de refém por boçais como bolsonaro, sua família de canalhas e seus capangas feito sérgio moro!",1,0,0
7560,2022-02-24 12:03:23 utc,lulaoficial,"esse país precisa eleger alguém democrático, que respeite as instituições, os direitos dos trabalhadores e dos indígenas. a consciência que cuidar do meio ambiente hoje é uma necessidade econômica do país, que não pode poluir o rio tapajós com mercúrio.",0,1,0
2990,2020-03-24 00:49:32 utc,jairbolsonaro,"- tive importantes reuniões com governadores do norte e nordeste. anunciamos mais de r$ 88 bilhões em medidas para apoiar estados e municípios no combate à covid-19 e outras medidas, mas alguns jornalistas insistem em falar de assuntos que alimentam intrigas, fofocas e pânico.",1,0,0
16247,2022-03-11 15:45:11,leonardo pericles,"bolsonaro é um dos principais responsáveis por essa situação.
quem paga essa conta é o nosso povo!
pela reestatização da br distribuidora, das refinarias e poços de petróleo!
por uma petrobrás 100% estatal!
#gasolina
#petrobras",0,1,0
16520,2020-06-05 12:58:04 utc,leonardo pericles,"se fosse a empregada ao invés da madame que pagou 20 mil de fiança, ela estaria presa no mínimo por homicídio doloso e sem fiança mesmo que tivesse como se endividar pelo resto da vida para fazê-lo. maldita justiça seletiva, racista, violenta. #justicaparamiguel",1,0,0
28286,2020-07-07 14:29:34 utc,soraya thronicke,"@mariannabonilha @o_antagonista @psl obrigada pelo apoio. sou gente comum, minha família é de gente comum, e tenho orgulho disso. sou brasileira que sabe o que é ser cidadão brasileiro cansado de levar o país nas costas e saber onde vai parar o tributo que paga c o suor do seu trabalho.",0,1,0
23851,2022-03-13 18:25:08,vera lucia,"@rtemportugues não defendemos batalhão nenhum.

defendemos a autodeterminação de um povo.

quem atacou primeiro foi o estado russo. não faz sentido ser contra contra algo que mal ameaçou a democracia local.",1,0,0
29260,2019-07-18 14:39:31,soraya thronicke,"se todo o $ que circulou dentro da questão indígena tivesse chegado ao destinatário final, os índios estariam muito bem financeiramente, e sem lesar nenhum produtor rural. os índios foram feitos de massa de manobra; foram vítimas de mais uma das organizações criminosas. acabou!",1,0,0
16559,2020-02-28 12:09:44 utc,leonardo pericles,"derrotar bolsonaro
jornada de lutas em março:

 *dia 08 - dia internacional da mulher trabalhadora
*dia 14 - 2 anos de lutas pela punição de quem mandou matar a vereadora marielle franco
*dia 18 - paralisação nacional

fora bolsonaro! ditadura nunca mais! por um governo popular!",0,1,0
9624,2019-01-30 11:02:14 utc,lulaoficial,"no brasil de 2019, a justiça impede lula de se despedir de um de seus irmãos mais próximos, vavá, que faleceu ontem. o pt ofereceu ajuda financeira com os custos da operação, mas a pf de moro e a justiça mais uma vez violam os direitos básicos do ex-presidente. #lulapresopolítico",1,0,0
20970,2022-09-26 21:34:59,sofia manzano,"a campanha de ciro gomes tenta se diferenciar de lula e bolsonaro, mas seu programa de desenvolvimento ainda aposta numa burguesia brasileira. 
nosso programa apresenta para o brasil um projeto que tem a classe trabalhadora como eixo central.",0,1,0
14263,2020-07-31 21:20:38 utc,ciro gomes,"20 milhões de desempregados, 110 milhões de brasileiros empurrados para a informalidade, a renda média despencando, 100 milhões de brasileiros com nome sujo no spc, enquanto os 42 bilionários brasileiros ganharam 34 bilhões de dólares nesses 6 meses de pandemia. #cironacnn",0,1,0
7574,2022-02-22 14:21:37 utc,lulaoficial,"o autoritarismo do bolsonaro vai impondo as coisas sem respeito ao comportamento democrático. então, tudo que foi construído nesse país está sendo destruído. em passos, bolsonaro parou com construção de creches, do minha casa, minha vida. é um governo de destruição e fake news.",1,0,0
23134,2020-09-10 23:51:42,sofia manzano,"sobre estabilidade do servidor público: até 1967, todos os trabalhadores, do setor privado, tinham estabilidade no emprego. a ditadura militar acabou com ela e instituiu o fgts. agora, o governo fascista quer destruir o setor público.",0,1,0
8866,2020-08-08 00:09:56 utc,lulaoficial,4 - fiquei orgulhoso do entregador não ter abaixado a cabeça. e orgulhoso da mãe ter denunciado o comportamento ignorante do agressor. o comportamento do motoboy e de sua mãe dão sentido aos 50 anos de luta do povo trabalhador brasileiro.,0,1,0
16488,2020-07-22 20:21:37,leonardo pericles,"ontem o novo fundeb foi aprovado na câmara dos deputados, representando uma grande vitória da mobilização popular por uma educação gratuita e de qualidade para todos.
seguimos na luta para derrotar o governo fascista de bolsonora e todos os inimigos da educação e do povo!",1,0,0
714,2022-06-25 18:42:39 utc,jairbolsonaro,"- muitos que hoje falam de economia são encontrados nas respostas deste tuíte defendendo o irracional fecha tudo e reclamando por defendermos quem precisava trabalhar para sobreviver. pregaram o ""fica em casa que a economia vê depois"" e hoje fingem não ter nada a ver com isso.",1,0,0
9024,2020-05-30 01:27:26,lulaoficial,hoje me reuni com sete centrais sindicais. é preciso pressionar o congresso para assegurar os direitos dos trabalhadores nessa crise. é hora de um movimento de integração pra combater o desgoverno do bolsonaro e a truculência contra a democracia.,0,1,0
24311,2021-07-12 13:58:27,vera lucia,"se cuba fosse socialista o povo cubano controlaria o seu estado e não estaria nas ruas lutando contra ele por liberdade.
não confunda ditadura do proletariado com ditadura sobre o proletariado.",0,1,0
12971,2021-03-15 23:49:31 utc,ciro gomes,bolsonaro rejeitou a suspensão de patentes de vacinas contra covid para defender multinacionais. o projeto iria acelerar a vacinação no mundo - única solução para salvar vidas e voltar à normalidade da economia. é assim que um governo leva mais pessoas à morte! #bolsonarogenocida,1,0,0
4182,2019-02-26 21:20:02 utc,jairbolsonaro,saiba mais detalhes que parte da mídia e pessoas de má fé omitem propositalmente:,1,0,0
8598,2021-01-06 23:32:18 utc,lulaoficial,"2 - para o brasil, é um alerta sobre o que ainda pode acontecer de pior aqui, se não for contido o autoritarismo de bolsonaro e suas milicias, se continuarem sendo toleradas as violações à liberdade e aos direitos.",1,0,0
777,2022-06-11 20:39:27 utc,jairbolsonaro,"- rebater matérias enviesadas não é atacar a imprensa, é se defender. atacá-la é controlar, prender e censurar como uns fazem e outros desejam. se crítica for ataque, alguns jornalistas fazem pior, pois mentem, inventam e distorcem informacões para manipular e enganar as pessoas.",1,0,0
24652,2020-11-13 03:00:42,vera lucia,"frança defende cumprir mandato até o fim. mas eles vendem diversas promessas e fazem tudo ao contrário. nós defendemos os conselhos populares, eleitos pela classe trabalhadora, com mandatos revogáveis. muito mais democráticos que essa democracia dos ricos!
#debatenacultura",1,0,0
24881,2020-09-16 00:19:16,vera lucia,"e tem também a versão russomando,  humilhando mulher pobre, negra e trabalhadora num supermercado. que ato #covarde!",1,0,0
8387,2021-04-22 14:12:32,lulaoficial,"14 - infelizmente, também nesse ponto o atual governo do brasil jamais atuou de maneira responsável. nosso povo sofre a maior tragédia de sua história, e o país é visto como ameaça global.",0,1,0
12051,2021-12-15 03:14:06 utc,ciro gomes,"nunca vi tanta miséria, tanta gente sadia se humilhando nas ruas com cartaz pedindo comida. apenas ¼ das crianças brasileiras fazem 3 refeições hoje, no país que mais produz comida no mundo! por pura canalhice! #cironaglobonews",0,1,0
23722,2022-05-17 14:00:51,vera lucia,"bolsonaro e mourão gastaram mais de 9 milhões de reais no cartão corporativo este ano. 

enquanto o povo passa fome, o jair gasta o brasil paga. 

o governo ainda decretou sigilo dos dados para não prestar contas a ninguém. óbvio que tem mutreta na mamata. tira o sigilo jair",0,1,0
13039,2021-02-27 15:23:44 utc,ciro gomes,"acabar com o ""toma lá, dá cá?"" na véspera das eleições no congresso, bolsonaro liberou r$ 3 bilhões em obras a parlamentares, prometeu cargos e a criação de ministérios. um grande mentiroso e corrupto!",1,0,0
8176,2021-07-20 11:09:04 utc,lulaoficial,eu confesso que jamais esperava que a fome voltaria no brasil como ela voltou. o governo perdeu completamente o controle e não consegue dar condições ao povo de viver com dignidade. estamos vendo o desmonte do brasil.,0,1,0
27199,2022-10-18 01:20:33 utc,soraya thronicke,"@atwellfilms @capitaocontar brasileiro é brasileiro! sou estado mínimo; o que as pessoas fazem dentro de quatro paredes, desde que não seja crime, não interessa! somos todos um! eu incluo todos os brasileiros no meu <u+2764><u+fe0f>, até mesmo os q não gostam de mim. azar deles! rsrs",0,1,0
11290,2022-06-07 22:48:57 utc,ciro gomes,"no fundo, eu não acredito que lula e bolsonaro terão coragem de desrespeitar o povo brasileiro, deixando de ir ao debate. 

aguardo eles lá, para uma conversa franca, profunda e sem censura. é o que o brasil precisa.",0,1,0
20408,2021-03-29 13:40:54 utc,felipe davila,"o famoso jeitinho brasileiro chegou no orçamento da união. incrível. tentaram esconder 31 bilhões que furam o teto. ainda bem que temos profissionais como o @felipesalto, que pegaram a maracutaia no ato. parabéns ao trabalho!",1,0,0
24740,2020-10-08 19:31:00 utc,vera lucia,"todo apoio ao ocupação da mwl em caçapava! 
desde o dia 21, metalúrgicos estão em greve pelos seus empregos e contra o fechamento da fábrica. hoje (08/10) a ocuparam.
os capitalistas só pensam no lucro deles.
vamos construir uma alternativa socialista e revolucionária! <u+270a><u+0001f3ff>",1,0,0
6712,2022-08-04 18:10:55 utc,lulaoficial,bolsonaro tem apelado cada vez mais para mentiras para tentar enganar a população. não vai colar. espalhe @verdadenarede. #equipelula,0,1,0
3820,2019-06-03 18:29:27 utc,jairbolsonaro,"desde o fim de 2018 a escassez de comida leva a longas filas e desespero em cuba. a venezuela, em crise, diminuiu sua oferta de petróleo, que era em parte revendido pela ditadura cubana e, após minha eleição, o brasil deixou de enviar cerca de r$ 1 bilhão/ano via mais médicos.",1,0,0
6986,2022-06-22 01:24:17 utc,lulaoficial,"eu estou com mais vontade do que nas outras eleições que participei, porque eu já sei o que fazer quando sentar na cadeira. a gente vai começar pelos de baixo. pelo que o povo mais precisa. nós vamos colocar o pobre no orçamento. boa noite para vocês.",0,1,0
10096,2018-08-23 21:49:42,lulaoficial,"há tão pouco tempo nós éramos um país fora do mapa da fome, em 2014, vivíamos o pleno emprego, e agora? 13 milhões de desempregados, políticos que estão contra o povo...  joão azevedo, candidato a governador no estado da paraíba.",0,1,0
27245,2022-10-14 01:30:22 utc,soraya thronicke,"@hailtonfmx @majorolimpio <u+0001f60d><u+0001f60d> continuo sendo a mesma soraya de sempre estou apenas em um momento sabático, meu silêncio é para respeitar a decisão dos brasileiros. depois teremos outra conversa gratidão!",0,1,0
7434,2022-04-04 14:57:35,lulaoficial,a preocupação de bolsonaro é destruir o que vem pela frente. não podemos aceitar provocação e nem fazer o jogo rasteiro que eles vão fazer. contra a indústria de fake news deles vamos criar uma indústria para dizer a verdade ao povo.,1,0,0
26199,2014-01-28 13:36:45,vera lucia,"a opção do pt pela aliança com a burguesia e a necessidade de uma alternativa dos trabalhadores

sobram apenas... http://t.co/uitp4olrrq",0,1,0
24732,2020-10-12 00:14:51 utc,vera lucia,"reportagem do #fantástico mostrou parte do drama da fome.  onu indica que 10 milhões estão em situação de ""insegurança alimentar"", no mesmo país em que 42 bilionários ficaram mais ricos durante pandemia, parte deles às custas do arroz a r$ 40. absurdo.",0,1,0
28359,2020-05-21 20:05:59 utc,soraya thronicke,"@mcorrea_7 @policiafederal @tsejusbr tcu... toda a população deveria estar preocupada com esse tipo de coisa,e unida no combate à corrupção,q não tem fim, e o $ é do nosso suor.deveria estar cobrando lisura e transparência de todos os políticos e agentes.mas está ocupada demais brigando entre si nas redes sociais.",1,0,0
2151,2020-11-21 02:11:31 utc,jairbolsonaro,"- aqueles que instigam o povo à discórdia, fabricando e promovendo conflitos, atentam não somente contra a nação, mas contra nossa própria história. quem prega isso, está no lugar errado. seu lugar é no lixo!",1,0,0
21862,2022-05-04 03:15:02,sofia manzano,"pátria, país, nação, são abstrações. 
as pessoas, indígenas, negros, negras, trabalhadores, trabalhadoras, são tudo o que chamam país. 
onde estão os yanomami?
onde está a justiça para as crianças negras?
não podemos apenas nos compadecer: a revolta tem que ser política.",0,1,0
11550,2022-04-24 15:20:21 utc,ciro gomes,"a seita dos fanáticos lulistas entrou em polvorosa, ontem, porque ousei questionar a divindade que eles cultuam. mas o pensamento acrítico e inculto deles só fez inundar as redes de chavões, deturpações, mentiras e equívocos.",1,0,0
18989,2022-11-14 20:47:55 utc,felipe davila,"lula ainda nem assumiu o comando e o centrão já está negociando o futuro do brasil na mesa. é por isso que precisamos de nomes compretidos em construir um projeto de país, não a próxima eleição. 

o nosso trabalho para 2024 já começou. o brasil merece mais. (8/8)",1,0,0
23790,2022-04-05 15:42:04,vera lucia,"o @geraldoalckmin só mudou o partido, mas continua o mesmo defensor dos ricos. @lulaoficial você mudou pra pior com a construção de uma chapa e um programa muito mais a direita. o brasil mudou para pior por culpa de @jairbolsonaro e tbm dos capitalista que todos vocês defendem.",1,0,0
20637,2022-11-10 19:57:21 utc,sofia manzano,"o agronegócio é o maior responsável pelo desmatamento e a jbs é uma das principais empresas do agronegócio. 
não foi a toa que apoiou o governo genocida destruidor. 
e tem mais, tem a pior relação de trabalho em seus abatedouros.",1,0,0
15015,2020-04-01 00:40:56 utc,ciro gomes,"(...) a renda mínima não saiu do papel criminosamente nem para ser sancionada! os privilégios para os bancos não vão na conta fiscal, enfim, o governo como um todo é de irresponsáveis e mentirosos!",1,0,0
638,2022-07-10 22:15:14 utc,jairbolsonaro,"- é o lado de lá que dá facada, que cospe, que destrói patrimônio, que solta rojão em cinegrafista, que protege terroristas internacionais, que desumaniza pessoas com rótulos e pede fogo nelas, que invade fazendas e mata animais, que empurra um senhor num caminhão em movimento.",1,0,0
6204,2022-09-24 15:44:57 utc,lulaoficial,não temos mais teatros nas periferias. é tudo no centro. por que os grandes artistas não podem vir apresentar uma peça ou um show no grajaú? pobre não nasceu para sofrer e nós vamos acabar com isso.,0,1,0
13478,2020-11-14 13:15:42 utc,ciro gomes,"alô, alô, brasileiros! votar em candidatos ligados ao bolsonaro é dizer amém ao governo desastrado e genocida, além de fechar os olhos para essa corrupção generalizada!",1,0,0
28197,2021-03-03 00:46:43 utc,soraya thronicke,"cpi da covid só funcionará efetivamente se investigarmos os ordenadores de despesas que estão na ponta, os governadores e prefeitos.

liberamos bilhões em recursos federais e agora queremos a prestação das contas.",1,0,0
23212,2020-04-08 18:13:47 utc,sofia manzano,"@valoreconomico ele nunca teve noção de realidade, tem apenas um projeto desonesto de se manter no poder.",1,0,0
8689,2020-10-22 14:26:09,lulaoficial,"2 - se bolsonaro não acredita na eficácia da vacina, ele que não tome. mas o papel de um presidente da república é possibilitar que o povo tenha a vacina a sua disposição. se faltava crime de responsabilidade, essa foi a maior irresponsabilidade de um presidente que já vi.",0,1,0
3383,2019-10-28 22:55:50 utc,jairbolsonaro,"importante ressaltar que permanecemos com o mesmo objetivo: colocar o brasil em lugar destaque no mundo, respeitando a vontade de nossa sociedade majoritariamente conservadora e preservando os valores de nossa nação. viva o brasil!",0,1,0
19808,2022-02-24 14:51:50 utc,felipe davila,"governo russo mandou prender ativista que convocou manifestações contra a invasão à ucrânia.

é triste, mas, infelizmente, não surpreendente.

para um autocrata que não tem o mínimo apreço pela vida humana, extinguir a liberdade de expressão é apenas um detalhe.",1,0,0
11013,2022-07-27 23:25:29 utc,ciro gomes,"o brasil precisa derrotar o bolsonaro, mas precisa entender o que causou o bolsonaro. o bolsonaro existiria se não fosse a imprudência, a falta de escrúpulo e a corrução generalizada com a qual lula governou o brasil? ou mudamos isso ou nosso país está morto como nação.",1,0,0
6415,2022-09-05 14:11:38 utc,lulaoficial,"bolsonaro ainda vetou o reajuste e agora nega-se a destinar recursos para ajudar hospitais, estados e municípios a pagarem melhor os profissionais que salvam vidas. para arrumar bilhões para seus aliados ele é rápido, mas despreza quem salva vidas no brasil.",1,0,0
22240,2022-01-27 12:04:22 utc,sofia manzano,"e tem mais yuri, um dos lados, apesar de maior, é muito mais fraco e tem seus membros mortos pela política do dominante. não há equilíbrio na sociedade de classes. só há luta.",0,1,0
22338,2021-12-14 00:53:29 utc,sofia manzano,a mídia brasileira se cala. #freeassangenow,1,0,0
12859,2021-04-02 00:31:19,ciro gomes,entender que nosso sistema de impostos é o mais injusto do planeta terra. entender que apenas 5 brasileiros têm fortuna equivalente às posses de 100 milhões de irmãos nossos mais pobres.,0,1,0
8635,2020-11-16 14:05:12,lulaoficial,"2 - mesmo com os desafios impostos pela pandemia, o pt esteve nas ruas dialogando com o povo e debatendo um projeto de sociedade mais humana e menos desigual. sairemos desse processo eleitoral fortalecidos e com nossa disposição de luta renovada pelo povo brasileiro.",0,1,0
9068,2020-05-13 01:32:24 utc,lulaoficial,"bolsonaro ofende as mulheres, os negros, os indígenas, o stf, a câmara, o senado, a onu, a oms.... eu nunca vi o brasil ser governado por alguém tão ignorante. as únicas instituições que ele respeita são os filhos dele e os milicianos que ele criou.",1,0,0
22049,2022-03-16 17:24:04 utc,sofia manzano,"o min. da justiça concedeu medalha do mérito indigenista para o bolsonaro, braga neto, heleno, tereza cristina, damares e outros. 
isso é a esculhambação geral. 
puro escárnio.
não podemos permitir que a população brasileira se acostume com esses crimes.
#forabolsonarovagabundo",1,0,0
12212,2021-10-29 11:51:48,ciro gomes,"os números do balanço do último trimestre da petrobras, divulgados ontem, são um tapa na cara de cada brasileiro e uma punhalada profunda no coração dos mais pobres.",0,1,0
23562,2022-09-01 12:48:39 utc,vera lucia,bom dia para quem não compra imóveis com dinheiro vivo.,1,0,0
24613,2021-01-14 20:44:00,vera lucia,"anteontem o ministro e general da ativa, pazuello, esteve em manaus e falou um monte sobre a cloroquina.

hoje termina de se instalar o caos com a falta de oxigênio generalizada. 

isso não é descaso. é genocídio!",0,1,0
8239,2021-06-24 02:35:00 utc,lulaoficial,"11- as religiões precisam se respeitar. precisamos construir um país de paz e não de ódio. o povo tá precisando de emprego, de livro e não de arma. às vezes o sofrimento aumenta nossa fé.  por isso tenho certeza que o povo vai dar uma lição de moral nos milicianos do bolsonaro.",0,1,0
27397,2022-09-16 01:05:06 utc,soraya thronicke,"pesquisa @datafolha de hoje mostra que, mais uma vez, num curto espaço de tempo, crescemos na corrida eleitoral. agradeço ao povo brasileiro que apoia o nosso projeto - o de um país sem fome e corrupção, e que tenha trabalho, dignidade e renda. não estou sozinha<u+0001f1e7><u+0001f1f7>@marcoscintra",1,0,0
8788,2020-09-09 22:21:12,lulaoficial,"sempre lembro da minha felicidade quando era presidente e alguém me falava que o preço do tio joão tinha baixado... 

- ""ô lula, você viu que o arroz tá 8 reais?!""

nossa como eu ficava feliz. 

o povo precisa ter dinheiro pra comprar comida.",1,0,0
7199,2022-05-11 20:49:26,lulaoficial,"o salário do povo está proporcionalmente menor. ninguém consegue encher o tanque. tiramos produtos do carrinho porque não dá pra pagar. metade da inflação é por preços controlados pelo governo. o presidente é um fanfarrão. não dá entrevista, fala só em lives para o público dele.",0,1,0
11420,2022-05-13 21:11:17 utc,ciro gomes,"eu me recuso a entregar o discurso da decência e da moralidade para a direita. minha crítica é que a gente precisa entender, com humildade, o que aconteceu com nosso povo pra votar em alguém que vem da história do baixo clero do congresso, que roubava dinheiro da gasolina, (...)",1,0,0
22498,2021-06-02 23:39:26 utc,sofia manzano,"#forabol<u+5350>onarogenocida 
#panelaco 
até aqui onde moro, que nunca houve #panelaco pela vizinhança, hoje começou.",1,0,0
8863,2020-08-08 19:18:38,lulaoficial,"2 - eram médicos, enfermeiros, agentes de saúde, motoristas de ambulância, agentes de segurança. homens e mulheres que dedicaram a própria vida a salvar a de seus companheiros. eram parte do povo brasileiro.",0,1,0
12399,2021-09-09 17:20:19 utc,ciro gomes,"esta luta não é mais um símbolo ou uma metáfora, mas um embate real em defesa da justiça e da liberdade. ela está acima de pessoas, de partidos ou posicionamentos ideológicos. estamos às voltas com duas ameaça mortais: uma é a covid e outra bolsonaro.",1,0,0
23780,2022-04-07 18:32:31,vera lucia,"estou muito triste porque hoje faleceu, clarckson, um grande lutador socialista incansável. seu coração parou de bater. 

a maior homenagem que podemos prestar é seguir na organização da classe trabalhadora para destruir o capitalismo. e assim ele se faz presente sempre!",1,0,0
21837,2022-05-15 14:13:51 utc,sofia manzano,excelente fio sobre o debate e liberdade de expressão. infelizmente serve também para parte da esquerda que tem destilado sua intolerância por aqui.,1,0,0
19648,2022-03-31 13:31:46 utc,felipe davila,"brasília é uma grande distorção:

<u+0001f4b0> pib per capita de brasília: r$ 86 mil

<u+0001f4b0> pib per capita de sp: 48 mil

faz sentido um lugar que só produz burocracia ter quase o dobro da riqueza por pessoa do maior polo econômico do país?

<u+0001f9f5>",1,0,0
23386,2022-10-16 14:28:32 utc,vera lucia,"bolsonaro ultrapassou todos os limites. sua declaração sobre ter ""pintado um clima"" com meninas é uma demonstração do machismo e violência da ultra direita contra as mulheres. não é à toa que um de seus maiores apoiadores seja um assediador de menores como gabriel monteiro.",1,0,0
14766,2020-06-12 20:56:18 utc,ciro gomes,"temos que enfrentar com urgência três questões: a 1ª é enfrentar o genocídio em função da condição irracional, anticientífica e assassina com a qual o governo está tratando a pandemia; a 2ª é proteger o tecido econômico; e a 3ª é defender a democracia. #deverdaesperança",1,0,0
901,2022-05-25 22:04:59 utc,jairbolsonaro,"- por outro lado, nossos agentes das forças de segurança arriscam suas vidas diariamente para o total oposto: combater o crime e proteger inocentes. é para cumprir a lei, não por diversão, que eles enfrentam todos os tipos de obstáculos, inclusive a demonização de parte da mídia.",1,0,0
14821,2020-06-06 01:13:55 utc,ciro gomes,temos que dizer: #bolsonarogenocida!,1,0,0
23251,2020-03-25 00:34:58 utc,sofia manzano,"isso é genocídio 
#forabolsomaro",1,0,0
10133,2018-08-21 17:08:54,lulaoficial,"se por um lado nos dedicamos a colocar o povo pobre nos bancos da universidade, o atual governo se empenhou em destruir postos de trabalho e fechar o mercado para entrada desses jovens, que hoje caminham sem horizonte de um futuro melhor. #recadodolula",0,1,0
14824,2020-06-05 23:32:07 utc,ciro gomes,"haverá a hora em que vamos precisar de todo mundo nas ruas, mas nesse momento não podemos dar o sinal trocado. o bolsonaro está chamando as pessoas para sair do isolamento porque ele é da morte, é cruel. não podemos nos confundir com ele. #ciroeticonoinsta",1,0,0
9187,2020-04-01 18:19:45,lulaoficial,o bolsonaro só está preocupado em manter os fanáticos dele. ele não está preocupado em orientar o povo. a câmara e o senado vão ter que intervir cada vez mais. quando é que esse dinheiro vai começar a chegar na casa das pessoas?,0,1,0
21181,2022-09-07 00:58:58 utc,sofia manzano,"<u+0001f64b><u+0001f3fd><u+200d><u+2642><u+fe0f>uma das normas fundamentais do novo parlamento será a obrigatoriedade da realização de plebiscitos e referendos sobre temas de interesse nacional e popular. 
(+)",0,1,0
20966,2022-09-27 01:31:08 utc,sofia manzano,"assessor de bolsonaro é alvo de investigações da polícia federal, por transações suspeitas no gabinete do palácio do planalto para pagamento de gastos de bolsonaro e michelle.
o discurso anticorrupção do governo bolsonaro é uma grande farsa!",1,0,0
11441,2022-05-11 19:29:41 utc,ciro gomes,"sem a minha candidatura, a polarização aumentaria em um momento em que lula estagnou e bolsonaro se sustenta. porque a resiliência do genocida é menos ilógica do que aparenta. ela está fortemente ancorada no antipetismo. (...)",1,0,0
19871,2022-02-09 17:53:33 utc,felipe davila,"o populismo assola o brasil e o continente.

é preciso acabar com esse ciclo de péssimos políticos.

eleger uma agenda verdadeiramente liberal é a chave para a melhora econômica do brasil.",1,0,0
11330,2022-05-31 15:35:17 utc,ciro gomes,o bolsonaro foi eleito porque as pessoas votaram pra protestar contra as contradições monstruosas sob o ponto de vista moral e econômico do pt e do lula. (...),1,0,0
20012,2021-10-21 01:56:34 utc,felipe davila,"em uma votação histórica, a câmara rejeitou o substitutivo da pec que enfraqueceria o ministério público e o combate à corrupção.

a bancada do @partidonovo30  brigou do início ao fim. desde a ccj com a atuação do @gilson__marques   até a mobilização no plenário. 

parabéns!",1,0,0
9140,2020-04-15 22:09:51,lulaoficial,é preciso também cobrar a dívida das grandes empresas. vocês tão vendo que o louro josé da havan já vai pegar a lei do bolsonaro pra mandar o povo embora e pagar só 30% do salário?! eu queria saber quanto esse cara deve pra receita...,0,1,0
20912,2022-09-29 15:41:53,sofia manzano,"voto útil é votar 21, pois não podemos nos contentar com as alternativas reformistas, que propõem a derrota do governo bolsonaro por meio de um grande pacto de conciliação nacional entre os movimentos populares e os golpistas, entre a classe trabalhadora e seus exploradores.",0,1,0
19676,2022-03-23 19:12:52,felipe davila,"o estado tem contribuído para acentuar a desigualdade, funcionando como um ""robin hood às avessas"".

explico:

<u+0001f4b0> o estado tira dos mais pobres pelos impostos
<u+0001f4b8> com esses impostos, paga salários exorbitantes a um grupo

isso precisa mudar!",0,1,0
14753,2020-06-15 23:23:16,ciro gomes,o bolsonaro está em pânico e quer criar uma crise política e fazer o golpe. mas a condição objetiva para fazer o golpe internamente não existe e a condição internacional também não é dada. #ciroeivo,1,0,0
20407,2021-03-29 14:31:59 utc,felipe davila,"o chavismo criou coletivos defensores da revolução e, depois, institucionalizou milícias. no brasil, o que tentam fazer com a pm não é diferente. e piora: a presidente da ccj joga lenha na fogueira e não tem condição mental e moral de estar lá.",1,0,0
8251,2021-06-24 01:20:18 utc,lulaoficial,"hoje o stf decidiu que o moro foi parcial.

580 dias. tive dois momentos difíceis na prisão. a morte do meu irmão vavá e do meu neto arthur. 

quando eu tava preso na ditadura, minha mãe morreu e pude me despedir dela. 

mas não deixaram me despedir do meu irmão.",1,0,0
13939,2020-09-09 01:40:52,ciro gomes,"o nosso povo está passando a situação mais grave da história. esse socorro, que é o auxílio emergencial, vai cair pra r$ 300 reais para o brasileiro viver o mês todinho, pagando aluguel, conta do celular, comida, remédio... essa gente tem uma pedra no lugar do coração!",0,1,0
19119,2022-09-24 21:51:51 utc,felipe davila,"precisamos acabar com essa república de privilégios que só drena o bolso do pagador de impostos do brasil.

#debatenosbt",0,1,0
13275,2020-12-30 16:04:01,ciro gomes,"governo completamente perdido! o ministério da saúde não tem plano nem competência para comprar sequer as seringas necessárias para vacinar nosso povo. enquanto isto, toneladas de cloroquina foram compradas sem comprovação científica e com preço seis vezes maior que o valor real.",1,0,0
16248,2022-03-11 15:45:10 utc,leonardo pericles,"em 2021 a petrobrás teve lucro de r$ 106 bilhões e distribuiu p/ seus ""acionistas""mais de r$ 101 bilhões. o problema central é que os lucros e a gestão da petrobrás são cada dia mais privatizados. ela está a serviço dos grandes monopólios capitalistas nacionais e estrangeiros.",1,0,0
9451,2019-09-06 01:56:23 utc,lulaoficial,estou aqui preso e os canalhas estão soltos por aí. #lulanacarta,1,0,0
7048,2022-06-14 12:51:55 utc,lulaoficial,"eu posso voltar a presidência em 2023 e pegar o brasil pior do que em 2003. então, gerar emprego é prioridade, o povo conseguir comprar o que comer é prioridade. vamos refazer coisas e fazer coisas novas. e vou conversar com os prefeitos e governadores para construirmos juntos.",0,1,0
28032,2021-08-18 21:57:19 utc,soraya thronicke,"definitivamente,o pl 2963/19,que trata da possibilidade de venda de terras brasileiras a estrangeiros não é da minha autoria e nem mesmo relatoria.

pesquisem antes de atacar e não caiam em fakenews! vcs não são massa de manobra como alguns querem que sejam!",1,0,0
24272,2021-07-14 18:38:32,vera lucia,"@stockscollector graças a restauração capitalista, destruição das conquistas da revolução, (o embargo dos eua) e a crise, a situação piora em cuba e por isso apoiamos o povo contra ditadura capitalista. mas diferente de vc, nossa crítica não é seletiva, afinal a miséria no capitalismo é a regra.",0,1,0
19189,2022-09-05 10:04:46,felipe davila,o povo é mais sensato que os constituintes. os chilenos entenderam que a constituição apresentada ao povo levaria a democracia chilena para o precipício do populismo que vem destruindo a américa latina e ameaça tragar o brasil em outubro.,0,1,0
8209,2021-07-06 11:55:29,lulaoficial,"esse negócio de tentar privatizar os correios... se o governo não sabe administrar, pra que governo?! essas empresas que eles querem vender agora são estratégicas. foram construídas com muito suor do povo brasileiro. e dão ao governo o poder de induzir nosso desenvolvimento.",0,1,0
7596,2022-02-16 17:31:43 utc,lulaoficial,"eu espero que os empresários sérios que querem investir no setor elétrico brasileiro não embarquem nesse arranjo esquisito que os vendilhões da pátria do governo atual estão preparando para a eletrobrás, uma empresa estratégica para o brasil, meses antes da eleição.",1,0,0
23783,2022-04-07 14:04:57 utc,vera lucia,"e o que vocês acham? quem promete mudar o país e acabar com fome fazendo acordo com os ricos, com a burguesia, a direita, centrão e tudo mais, realmente vai mudar alguma coisa? ou será só uma cara diferente pro velho capitalismo de sempre?",1,0,0
10842,2022-08-19 12:22:36 utc,ciro gomes,"com a complacência geral, o anti-midas bolsonaro, que apodrece tudo que toca, deu novo sentido à respeitada sigla codevasf. leia-se agora: corrupção e devassidão sem freios.",1,0,0
14987,2020-04-24 15:09:02 utc,ciro gomes,"nesta confrontação chocante entre moro e bolsonaro, o país ganha muito com a briga em si. só hoje já tivemos notícia de uma lista de artigos do código penal além de crime de responsabilidade: prevaricação, falsidade ideológica, tráfico de influência, (...)",1,0,0
9020,2020-06-01 16:25:28,lulaoficial,"e o pt sabe porque quer tirar o bolsonaro. a gente quer tirar o bolsonaro pra defender a vida. porque ele não gosta de mulher, não gosta de preto, não gosta de índio, não gosta do povo trabalhador. é por isso que estamos dizendo fora bolsonaro.",0,1,0
19114,2022-09-27 13:18:21 utc,felipe davila,"não podemos nos enganar.

lula será mais do mesmo. vai sabotar as reformas do estado, vai criar outros mensalões e esquemas, como hoje tem o orçamento secreto.

por isso que eu sou candidato a presidente da república: porque luto contra o populismo de direita e de esquerda.",1,0,0
23934,2022-01-31 14:17:28,vera lucia,"2) angola vive uma forte onda de protestos, contra a precariedade das condições de vida e elite corrupta do mpla. entender e ter solidariedade com a população e os lutadores de angola é fundamental. <u+0001f9f5>",1,0,0
24372,2021-06-23 21:06:49,vera lucia,"salles caiu. foi embora o pior ministro do m. a. um criminoso, que ""passou a boiada de ataques"" ao meio ambiente e aos povos indígenas em benefício dos setores do agronegócio. é preciso seguir na luta pra reverter os retrocessos e exigir prisão imediata de salles!#sallesnacadeia",1,0,0
11337,2022-05-31 14:00:14,ciro gomes,a tragédia que continua ceifando vidas em pernambuco é a nova chaga aberta desta doença das cidades brasileiras. a doença da miséria de milhões de brasileiros esquecidos e a doença da pobreza de nossas políticas públicas.,0,1,0
22825,2021-02-20 00:15:32,sofia manzano,"sobre a petrobrás: é até divertido ver o desespero de @miriamleitao @veramagalhaes @merval_merval @valoreconomico com a demissão do presidente. bolsonaro só quer agradar o gado, mas a imprensa entreguista neoliberal fica descabelada. 

#opetroleoénosso",1,0,0
14836,2020-06-05 22:25:36 utc,ciro gomes,"(...) mas se decidir ir, vá com cuidado, se proteja da pandemia e dos infiltrados que bolsonaro está armando para colocar nas manifestações para gerar baderna e confusão. bolsonaro é um genocida e está incitando a milícia dele. #ciroeticonoinsta",1,0,0
16786,2022-10-14 14:30:53,simone tebet,"o escândalo do orçamento secreto começa a ser desvendado. hoje, a polícia federal prendeu duas pessoas no maranhão, suspeitos de atuar em uma ampla rede criminosa envolvendo o sus. +",1,0,0
11362,2022-05-26 13:59:12 utc,ciro gomes,cerca de 70 de cada 100 brasileiros em são paulo votaram no bolsonaro protestando contra a terrível crise econômica que o lula e o pt produziram  que é a mais grave da história. e em cima dela a crise de generalização da roubalheira.,1,0,0
5028,2023-01-19 22:30:13,lulaoficial,o descaso com a ciência do governo federal nos últimos anos custou muito caro ao povo brasileiro. estamos trabalhando para retomar investimentos e valorização da ciência e tecnologia. importante para o futuro do brasil.,0,1,0
20754,2022-10-22 23:08:25,sofia manzano,"já são mais de mil denúncias de assédio eleitoral das empresas para com seus empregados.
isso é mais um crime dos empresários brasileiros. o que fazer?
vamos conversar com os trabalhadores, mostrar tudo o que está em jogo e não falo só das liberdades democráticas.
sabe o que?<u+0001f447><u+0001f3fc>",1,0,0
23957,2022-01-12 01:38:57 utc,vera lucia,"@o_iceberg @marcelwando é necessário inspirar neles a desconfiança frente as instituições imperialistas, mas isso não se faz pedindo que eles confiem em seus opressores atuais, que são tão capitalistas quanto.",1,0,0
24303,2021-07-12 19:00:01 utc,vera lucia,"@el_xiru tem que ter calma pra caracterizar esses protestos. a informação em cuba é filtrada, pelo regime e pela oposição pró-eua. mas s protestos não se massificam se não tem uma base real nas necessidades das pessoas, e o histórico do regime não justifica uma defesa acrítica.",1,0,0
9246,2020-02-08 23:25:06,lulaoficial,"nosso maior desafio é assumir o compromisso histórico de lembrar pra que que a gente criou o pt. nós temos obrigação de estar na luta pelo povo desempregado, pelo povo que está passando fome.",0,1,0
19894,2022-02-01 14:33:35 utc,felipe davila,"o congresso e o stf voltam aos trabalhos nesta quarta-feira. resta saber se as demandas da população vão permanecer de férias.

as reformas estruturais precisam entrar na agenda. 

o brasil está em crise! não podemos nos dar ao luxo de parar mais um ano só por conta das eleições!",1,0,0
21564,2022-07-18 13:56:06,sofia manzano,"pra quem acha que os estados unidos não apoiará uma nova tentativa de golpe no brasil, é importante lembrar quem era o vice-presidente dos eua quando ocorreu o golpe de 2016.
como dizia che: ""não se pode confiar no imperialismo, nem um tantinho assim, nada!""",1,0,0
6413,2022-09-05 22:37:57 utc,lulaoficial,o brasil tem uma dívida com o povo que nós vamos pagar. não há outra razão para eu me candidatar mais uma vez se não for para resgatar a dignidade do povo.,0,1,0
27958,2021-12-02 16:41:30 utc,soraya thronicke,rejeitar a #pec23 neste momento em que parte da população brasileira está passando fome não era uma opção. trabalhamos muito em um texto viável para o brasil e para garantir o #auxíliobrasil.,0,1,0
13136,2021-02-04 20:11:45 utc,ciro gomes,"queiroz, o faz-tudo da família bolsonaro, assumiu o esquema de corrupção das rachadinhas, mas disse que flávio bolsonaro não tinha conhecimento. quem recebe 48 depósitos de r$2 mil em um mês, tem escola das filhas e planos de saúde pagos e não se preocupa de onde vem o dinheiro?",1,0,0
6847,2022-07-15 10:58:58 utc,lulaoficial,"não esperem de mim uma postura raivosa. eu tenho consciência do que represento para o brasil e das necessidades do povo brasileiro. e é com essa cabeça, com esse coração muito aberto, de um homem apaixonado, que quero ajudar a reconstruir o país. boa sexta-feira pra vocês!",0,1,0
13322,2020-12-14 22:37:18 utc,ciro gomes,"obstrução da justiça:

- aparelhamento da polícia federal;
- interferência no conselho de controle de atividades financeiras (coaf);
- uso da abin para orientar a defesa de flávio bolsonaro.

tudo isso para acobertar os crimes de corrupção dele e da sua família de bandidos!",1,0,0
24219,2021-07-27 21:32:50 utc,vera lucia,"bolsonaro aprofundou sua simbiose com o centrão. agora tem, na casa civil, ciro nogueira. diante dos escândalos de corrupção, desemprego e genocídio, que derrubam sua popularidade, faz ameaças golpistas e se abraça ao centrão para tentar se manter de pé.",1,0,0
6889,2022-07-07 23:46:54,lulaoficial,"ele está desesperado. são milhares de fake news enviadas para as pessoas todos os dias. é uma máquina poderosa de contar mentira. derrotar bolsonaro é uma questão de honra do povo brasileiro, dos que querem democracia e verdade. #lulainrio",0,1,0
24943,2020-05-15 16:16:57 utc,vera lucia,"em 24h:
- 844 mortes por covid-19 no país. quase 14 mil no total;
- cai o segundo ministro da saúde:
- bolsonaro edita medida provisória para se safar da lei.

não é um governo, é uma gangue genocida. fora bolsonaro e mourão, já! #forabolsonaro #foramourão",1,0,0
23540,2022-09-02 18:26:55 utc,vera lucia,"a concentração de terras nas mãos da burguesia tem origem histórica, remonta ao período colonial, com o latifúndio e o trabalho escravo de homens e mulheres negros raptados da áfrica como base de sustentação de um modelo de concentração de capital na mão da elite branca. [2]",1,0,0
14902,2020-05-26 15:46:54 utc,ciro gomes,"1 - é ou não é verdade que ele está sujando o nome das forças armadas ao defender a pior bandidagem corrupta, ligada às milícias, que representa bolsonaro?",1,0,0
24161,2021-08-11 17:30:46,vera lucia,"enquanto o presidente desfila com tanques na frente do congresso os parlamentares retiram mais  direitos dos trabalhadores. 

no capitalismo é assim: se ficar o bicho pega se correr o bicho come.

#mp1045nao",0,1,0
5275,2022-12-12 17:52:31 utc,lulaoficial,"nestas semanas em que o gabinete de transição vem escrutinando a realidade atual do país, tomamos conhecimento do deliberado processo de desmonte das políticas públicas e dos instrumentos de desenvolvimento. o legado perverso recai principalmente sobre o povo mais necessitado.",0,1,0
28601,2019-11-10 21:23:28 utc,soraya thronicke,"nosso problema hj não é a esquerda,inimiga já conhecida.

nosso problema está em algumas pessoas de partidos da base, q estão trabalhando contra o gov. partidos q têm privilégios,espaço e prestígio!

e as redes batendo em gente errada.

acordem!",1,0,0
8384,2021-04-22 22:49:03 utc,lulaoficial,"2 - como dissemos desde a primeira manifestação escrita, em 2016, moro usou o cargo de juiz para praticar lawfare e promover uma verdadeira cruzada contra o lula  para acusa-lo e condená-lo sem prova de culpa com o objetivo de retirá-lo das eleições de 2018 e da vida política.",1,0,0
13138,2021-02-04 20:11:44 utc,ciro gomes,"flávio bolsonaro foi denunciado pelo ministério público do rio de janeiro por 1.803 crimes de peculato, 263 atos de lavagem de dinheiro, 12 funcionários fantasmas, comando de organização criminosa e mais de 6 milhões de reais desviados dos cofres públicos!",1,0,0
19718,2022-03-15 15:47:21 utc,felipe davila,"o <u+0001f1e7><u+0001f1f7> está na 12ª posição no ranking do ""capitalismo de compadres"", que mede o quanto os ""amigos do rei"" conseguem usar sua influência política para ganhar mais.

campeões nacionais?
empresas ""x""?
empreiteiras da lava-jato?

isso tudo é capitalismo de compadres.<u+23e9>",1,0,0
7426,2022-04-05 14:23:52,lulaoficial,"os ricos fazem a guerra nos países pobres e o resultado da guerra é o empobrecimento de cada país. as pessoas, quando querem sobreviver, querem ir pro país mais rico de qualquer jeito.",1,0,0
7729,2021-12-22 19:55:39 utc,lulaoficial,"temos uma situação grave no país. temos a crise de pandemia, uma crise moral, uma crise ética e o psicopata que está governando esse país que não se importa com as 600 mil vidas perdidas pela covid. continua dizendo que as pessoas não tem que vacinar.",1,0,0
25030,2020-02-20 10:41:09 utc,vera lucia,"o falso comunista e governador do maranhão,  flávio dino (pcdob), tenta desalojar famílias de comunidade tradicional do cajueiro para entregar área à transnacional chinesa. o @pstu protocolou ação judicial para que área territorial se torne de utilidade pública. seguir a luta!",1,0,0
5373,2022-11-17 09:17:09 utc,lulaoficial,"não vejo o brasil dar certo sem envolvermos a sociedade nas decisões. por isso vamos retomar conferências nacionais. para que o povo decida que política pública entende que seja correta. vamos fazer uma conferência da juventude, para que ela diga o que quer. #cop27",0,1,0
15969,2022-11-11 20:38:32 utc,leonardo pericles,"defendemos uma sociedade socialista, onde todos os trabalhadores e trabalhadoras tenham acesso aos seus direitos. 

ingresse na unidade popular e lute pelo socialismo!",0,1,0
9955,2018-09-11 20:26:20,lulaoficial,"vocês já devem saber que os tribunais proibiram minha candidatura a presidente da república. na verdade, proibiram o povo brasileiro de votar livremente para mudar a triste realidade do país.",0,1,0
9120,2020-04-23 12:20:47,lulaoficial,"o bolsonaro no discurso ele fala em preservar empregos, mas na prática manda medidas provisórias pra prejudicar os trabalhadores e retirar direitos.",1,1,1
23585,2022-08-29 02:32:48 utc,vera lucia,"@chavosodausp @leopericlesup @bandtv são hipócritas já que este setor da imprensa ainda diz que é contra as ameaças golpistas de bolsonaro enquanto tolhe a divulgação das candidaturas. é a velha lógica racista e elitista. não vão silenciar as mulheres, negras, indígenas, operárias, revolucionárias e socialistas!",1,1,1
13422,2020-11-26 23:43:37,ciro gomes,"o ministério do trabalho completaria 90 anos hoje. resistiu à ditadura, mas teve seu fim com bolsonaro. desde que assumiu a presidência, ele tem governado contra os trabalhadores. nossa luta é para garantir que os brasileiros não tenham mais nenhum direito retirado!",1,1,1
10988,2022-07-30 15:07:46 utc,ciro gomes,esse modelo econômico transformou o brasil em um país assustador para o mundo do trabalho e da classe média porque ele impõe ao povo  consumidores e produtores  a mais selvagem e criminosa taxa de juros de todo o mundo capitalista há mais de 25 anos.,1,1,1
22353,2021-12-10 19:13:17 utc,sofia manzano,as armadilhas consumistas que amarram os trabalhadores aos interesses do capital. crédito scores.,1,1,1
16451,2020-10-02 03:43:24,leonardo pericles,"lafayette andrada, as ocupações não foram o problema, foram a solução p/ o povo mais pobre ter moradia em bh. isso pq não há política habitacional. e não há essa política, pq a prefeitura serve a grandes empresários parasitas como você! mas o povo vai mudar bh!
#aureacomleo",1,1,1
25383,2015-01-27 18:00:04,vera lucia,confira os ataques do governo dilma contra os direitos dos trabalhadores. vamos à luta pela revogação das medidas... http://t.co/irjdgpus3u,1,1,1
16500,2020-07-07 12:50:46 utc,leonardo pericles,"se não bastasse os genocidas bolsonaro e zema atacando o povo. novo decreto da prefeitura de bh aumenta o intervalo dos ônibus em horário d pico d 30 min p/ 60 min. assim, kalil, q não anda d ônibus, decreta q trabalhadoras(es) peguem ônibus cheio. que combate ao covid-19 é esse?",1,1,1
12954,2021-03-17 15:33:39 utc,ciro gomes,"o brasil está enfrentando o maior colapso sanitário e hospitalar da história, alerta a fiocruz. consequência do negacionismo e da irresponsabilidade de bolsonaro, que ora foi omisso quando nosso povo mais precisou, ora tomou decisões que agravaram esta crise no país. genocida!",1,1,1
9524,2019-08-16 21:12:09,lulaoficial,"essa gente não pode fazer com o brasil o que estão fazendo. quero saber quantos bilhões eles tiraram da boca do povo brasileiro destruindo a indústria naval e a da construção civil. eles podiam ter prendido os empresários, sem quebrar as empresas. #lulanatvebahia",1,1,1
23768,2022-04-11 21:45:55,vera lucia,"nós queremos tudo que nós temos direito e para todos os trabalhadores, mulheres, negros e lgbts. queremos acabar com o capitalismo que nos humilha, nos explora e nos oprime! vamos tomar a frente sim, mas não para adiminstrar o capitalismo, mas pra fazer revolução!",1,1,1
13174,2021-01-25 22:02:52 utc,ciro gomes,"no brasil de bolsonaro, o povo é abandonado e volta a passar fome. um governo que está aí para enriquecer os ricos, e a população pobre e de classe média que se arrebente!
#voltaauxilioemergencial 
#impeachmentsalvavidas",1,1,1
372,2022-09-06 00:47:08 utc,jairbolsonaro,"- esse mundo afastou os brasileiros e seus valores das decisões políticas do país, permitiu florescer em nosso solo um dos maiores esquemas de corrupção do planeta e fez com que alcançássemos níveis de violência semelhantes a nações em guerra civil. estes não são sintomas de paz!",1,1,1
24973,2020-04-03 18:28:37 utc,vera lucia,"a mp 936, editada por @jairbolsonaro, não garante estabilidade no emprego, achata a renda média das famílias e não proíbe demissões. o governo presenteia os empresários e impõe seu projeto de semiescravidão aos trabalhadores, em meio à pandemia. basta! #forabolsonaro #foramourão",1,1,1
24477,2021-03-22 23:02:38 utc,vera lucia,"3 mortes na zona leste de sp por falta de oxigênio. essa é a realidade do nosso povo: fome em casa e morte na rua! bolsonaro, doria e covas, defensores dos capitalistas, são os responsáveis! 
chega de genocídio! construir uma greve geral!
lockdown com emprego e renda! vacina, já!",1,1,1
29340,2019-07-02 01:43:12 utc,soraya thronicke,"a onu tem que cobrar a esquerda de fhc a pt por ter torturado e escravizado o povo brasileiro por décadas. esquerdopatas relativizam direitos humanos quando interessa. by the way, #rhuanvive!",1,1,1
4350,2019-01-05 14:42:52 utc,jairbolsonaro,"eles procuram e criam todos os motivos possíveis para estarem sendo rejeitados pela maioria da população, só não citam o verdadeiro: o pt quebrou o brasil de tanto roubar, deixou a violência tomar proporções de guerra, é uma verdadeira quadrilha e ninguém aguenta mais isso!",1,1,1
5392,2022-11-16 15:40:47 utc,lulaoficial,"estou hoje aqui para dizer que o brasil está pronto para se juntar novamente aos esforços para a construção de um planeta mais saudável. de um mundo mais justo, capaz de acolher com dignidade a totalidade de seus habitantes  e não apenas uma minoria privilegiada. #cop27",1,1,1
24885,2020-09-15 00:54:38,vera lucia,"bolsonaro  decidiu efetivar o ministro interino da saúde 
@eduardopazuello: o militar que iniciou sua passagem pelo ministério tentando maquiar dados da covid 19, liberou a cloroquina e tem nas suas costas o peso de mais de 132 mil mortes. a classe trabalhadora não merece isso.",1,1,1
20703,2022-10-29 01:28:28,sofia manzano,"no governo bolsonaro quem invade a terra é o agronegócio. 
quem invade terra indígena é madeireiro, garimpeiro e destruidor do meio ambiente. 
#debatenaglobo",1,0,0
13044,2021-02-27 15:23:42,ciro gomes,"bolsonaro enganou os brasileiros nas eleições e todos estão percebendo. é um grande mentiroso, covarde e incompetente! relembre as mentiras que bolsonaro contou ao brasil: <u+0001f9f6>

#impeachmentbolsonarourgente",0,1,0
6428,2022-09-03 01:51:56,lulaoficial,"o povo quer tranquilidade, um presidente que fale de amor e não de armas. vocês devem votar em quem vocês sabem que vai cuidar do povo. esse genocida não merece estar na presidência. boa noite!",0,1,0
24447,2021-04-21 22:23:14,vera lucia,"sp ultrapassa as 90 mil mortes. muitos morreram sem acesso a leitos de uti. ainda hoje, mais de 85% dos leitos seguem ocupados. apesar disso, doria permite uma reabertura econômica. detalhe, cortou 820 milhões da saúde em 2021. o governo daqui é genocida, assim como bolsonaro!",0,1,0
8812,2020-09-07 18:49:12,lulaoficial,nos últimos meses uma tristeza infinita vem apertando meu coração. o brasil está vivendo um dos piores períodos de sua história. estamos entregues a um governo que não dá valor à vida e banaliza a morte.,0,1,0
22450,2021-07-21 22:21:52,sofia manzano,nem todos estão  na mesma crise. só os trabalhadores mesmo.,0,1,0
30073,2019-03-01 14:52:58 utc,soraya thronicke,sim! as crianças devem cantar o hino nacional e hastear a bandeira nas escolas. isso é patriotismo. nossa bandeira jamais será vermelha.,0,1,0
8216,2021-07-05 21:44:23 utc,lulaoficial,a cpi da covid está prestando um serviço extraordinário à sociedade brasileira. eles estão finalmente desnudando o monstro que foi plantado no brasil.,1,0,0
10553,2022-09-20 01:13:26,ciro gomes,"meu irmão, minha irmã, quem ganha ou não é você que decide. o sistema está empurrando pro povo escolher entre o coisa ruim e o coisa pior, querem tomar até a sua liberdade de escolher em quem votar. me dê uma oportunidade e aí eu faço história, eu mudo de verdade o nosso brasil!",0,1,0
9552,2019-06-24 16:22:30 utc,lulaoficial,"tentam confundir dizendo que meu caso só pode ser julgado depois de uma investigação sobre as mensagens entre moro e os procuradores. mas entramos com a ação em novembro, muito antes dessas revelações. apresentamos provas suficientes de que o juiz é suspeito e não foi imparcial.",1,0,0
8395,2021-04-22 14:12:29,lulaoficial,6 - é o resultado de uma política de destruição que envergonha os brasileiros e ameaça o planeta; um legado trágico que haveremos de superar pela via da democracia.,0,1,0
11002,2022-07-28 00:10:46,ciro gomes,"se eu me eleger presidente da república, terei libertado o povo brasileiro de 30 anos de um modelo econômico trágico e de 30 anos de um modelo de governança política que também só produz tragédias.",0,1,0
24574,2021-02-07 18:56:01 utc,vera lucia,"@thalitabq pra gente ver até onde vai o desespero pelo lucro desses grandes conglomerados... permitir esse nível de sofrimento dos participantes, expor tantos péssimos exemplos. topam tudo por dinheiro",1,0,0
8645,2020-11-11 14:57:01 utc,lulaoficial,o bolsonaro chama a sociedade brasileira de marica como se ele fosse o grande macho nesse país. não é possível que a gente subordine a ciência à ignorância desse presidente...,0,1,0
7410,2022-04-10 16:06:18 utc,lulaoficial,"a solidariedade é uma palavra muito fácil de ser falada, mas difícil de ser executada. o brasil precisa de um governo que se solidarize com seu povo. bom domingo!",0,1,0
19311,2022-08-25 23:55:49 utc,felipe davila,"mensalão e orçamento secreto são inaceitáveis. comparar os dois é dizer que o brasileiro tem que escolher entre o menos pior. não! o brasileiro merece o melhor! nem mensalão, nem petrolão, nem orçamento secreto, nem rachadinha... nada disso é tolerável.",1,0,0
5692,2022-10-21 23:31:16 utc,lulaoficial,"nós sabemos como fazer as coisas, já cuidamos povo uma vez e vamos fazer de novo. a razão pela qual estou voltando é para cuidar do povo trabalhador, que tem preferência na nossa política social.",0,1,0
1308,2022-02-28 10:11:53 utc,jairbolsonaro,"- não procede a informação que eu teria falado com o presidente putin no dia de ontem.
- conversei com ele apenas por ocasião da minha visita à rússia em 16 de fevereiro.
- a imprensa se supera nas fakenews a cada dia passado!",1,0,0
22228,2022-01-30 21:56:01,sofia manzano,"a barbárie também está presente nas atividades. o povo, os trabalhadores, a população, não se lambuza quando come.",0,1,0
24694,2020-11-03 17:06:15 utc,vera lucia,"não existe estupro culposo! inaceitável a decisão da ""justiça"" que inocentou o empresário andré camargo aranha. o juiz aceitou a argumentação de ""estupro culposo"". minha gente, isso é repugnante e expõe a normalização da cultura de estupro.
#justicapormariferrer",1,0,0
21711,2022-06-17 14:34:19,sofia manzano,"os aumentos dos preços dos combustíveis são a estratégia do bolsonaro para acabar com a #petrobras
a ideia é jogar o povo contra a empresa para vendê-la na xepa e acabar com qq possibilidade de retomar a soberania do petróleo. 
seguimos na luta pela #petrobras totalmente estatal",0,1,0
7056,2022-06-13 01:17:55 utc,lulaoficial,"eu nasci no movimento sindical e aprendi que não podemos abdicar de nossas lutas. minha causa é melhorar a vida do povo. fazer o brasileiro voltar a comer, voltar a trabalhar, voltar a sorrir. boa noite!",0,1,0
23812,2022-03-22 13:29:14 utc,vera lucia,"o dinheiro que falta para educação enche o bolso do pastor. é escandaloso o áudio do ministro da educação priorizando verbas para o pastor amigo, a pedido do bolsonaro. é trágico, mas  ilustrativo do apadrinhamento da verba  pública neste governo.  #forabolsonaro",1,0,0
10363,2018-08-02 15:45:18,lulaoficial,"(...) ""pois não me conformo com o sofrimento dos mais pobres e a injustiça que está se abatendo sobre os trabalhadores do nosso país. prometo que assim que a justiça for restabelecida e eu estiver livre novamente (...)""",0,1,0
24872,2020-09-22 13:59:01 utc,vera lucia,"coleção de mentiras e cinismo! assim pode ser definida o discurso de bolsonaro na assembleia geral da onu. ""preocupação na proteção do meio ambiente?"" ""referência em direitos humanos?"" precisamos nos organizar pra tirar esse governo mentiroso e genocida! #forabolsonaroemourao",1,0,0
21868,2022-05-01 20:33:50 utc,sofia manzano,"hoje tivemos a grata tarefa de representar o #pcb no ato de comemoração e luta do dia dos(as) trabalhadores (as) em são paulo. 
apenas nossa luta garante nossa vida e levará à vitória. 
viva os(as)trabalhadores (as)!
#poderpopular
rumo ao #comunismo!",0,1,0
10500,2022-09-24 23:03:22,ciro gomes,"e hoje, graças a tragédia que bolsonaro representa, vemos lula se dando ao luxo de não vir sequer dar satisfação ao povo do porquê ele terminou seu mandato com 5 pessoas acumulando a fortuna dos 100 milhões de brasileiros mais pobres. isso é o que eu quero mudar. #debatenosbt",0,1,0
10874,2022-08-16 03:12:46,ciro gomes,"não dá pra me chamar de ladrão, porque não sou; não dá pra me chamar de incompetente, porque tenho uma história, então inventaram essa de destemperado. mas na verdade sou um homem livre, não sou um carreirista, nunca fiz da política meio de vida, estou aqui para servir ao brasil.",1,0,0
7656,2022-01-29 16:11:20 utc,lulaoficial,"estão destruindo esse país, só não enxerga quem não quer. quase 630 mil mortos, as mortes voltando a crescer e tem gente dizendo que não tem que tomar vacina. se não quer tomar vacina, tudo bem, mas não sai de casa.",1,0,0
6207,2022-09-24 15:01:06 utc,lulaoficial,"o presidente, que só sabe fazer motociata e fake news, hoje deve estar muito nervoso. porque a cada pesquisa que sai ele cai um ponto. ele tem uma enxaqueca que deve se chamar lula, porque não me tira da cabeça. mas quem vai tirar ele não é o lula, é o povo brasileiro.",0,1,0
7300,2022-05-03 11:10:43 utc,lulaoficial,"bom dia! quando eu falo que vamos reconstruir o brasil, é pensando que o povo precisa voltar a trabalhar, a comer, viver dignamente. mas também penso que temos que recuperar a civilidade no brasil, conviver democraticamente na adversidade. e é isso que nós vamos fazer.",0,1,0
10338,2018-08-04 16:27:39,lulaoficial,"eles sabem que nós jamais deixaríamos o povo brasileiro voltar a pedir esmola nos semáforos deste país, @dilmabr #lulacandidatosim",0,1,0
5073,2023-01-15 15:24:23,lulaoficial,"quero conhecer mais os trabalhadores que estão todos os dias com a gente no palácio do planalto e reergueram esse que é um patrimônio do povo brasileiro. só posso agradecer, do fundo do coração, pelo empenho que tiveram.",1,0,0
13967,2020-09-05 14:33:12 utc,ciro gomes,só numa república de bananas isso pode ser aceito. militares estão usando o título para trair a pátria brasileira!,1,0,0
2602,2020-06-17 01:31:39 utc,jairbolsonaro,"- só pode haver democracia onde o povo é respeitado, onde os governados escolhem quem irá governá-los e onde as liberdades fundamentais são protegidas. é o povo que legitima as instituições, e não o contrário. isso sim é democracia.",0,1,0
24104,2021-09-09 12:11:23,vera lucia,as manifestações dos caminhoneiros a serviço do agronegócio tem as bençãos de bolsonaro. a questão é: o que o congresso nacional e o stf estão esperando para fazer esse esse governo pagar pelos seus crimes?,1,0,0
1493,2021-12-17 21:21:00 utc,jairbolsonaro,@casacivilbr @govbr sai na globolixo?,1,0,0
13306,2020-12-18 13:09:25 utc,ciro gomes,bandidos! a advogada de flávio bolsonaro confirma o recebimento de relatórios da abin para orientar na defesa do caso queiroz. bolsonaro continua usando o estado para fins pessoais e fala em jacaré para tirar o foco sobre este crime. não vamos cair nessa. compartilhem! denunciem!,1,0,0
22129,2022-02-18 04:07:38 utc,sofia manzano,o brasil precisa mudar. a classe trabalhadora vai comandar.,0,1,0
11132,2022-07-06 14:35:32 utc,ciro gomes,"minha pré-candidatura é sim pra valer. não estou nessa porque é fácil, tenho experiência o suficiente pra saber o quão difícil é. mas também tenho muita humildade pra apostar na inteligência da nossa gente. então não tem nada que me tire dessa disputa a não ser o povo brasileiro.",0,1,0
909,2022-05-25 01:30:50 utc,jairbolsonaro,"- para se ter ideia do grau de violência dos bandidos, parte dos alvos da operação foram responsáveis pelo assassinato de 13 agentes de segurança pública somente em 2022. ""especialistas"" omitem essas informações com o intuito de demonizar aqueles que arriscam suas vidas por nós.",1,0,0
19927,2022-01-14 19:22:24 utc,felipe davila,"líder do centrão agora tem a palavra final sobre o orçamento. 

é o problema de terceirizar a economia a um posto ipiranga: no fim do dia, a política real se impõe.

as reformas acontecem quando os líderes têm convicção nas suas ideias. quando não têm, é só discurso pra campanha.",1,0,0
8794,2020-09-07 18:49:19,lulaoficial,"por isso quero reafirmar algumas certezas pessoais:

não apoio, não aceito e não subscrevo qualquer solução que não tenha a participação efetiva dos trabalhadores.

não contem comigo para qualquer acordo em que o povo seja mero coadjuvante.",0,1,0
2601,2020-06-17 01:32:08 utc,jairbolsonaro,"- luto para fazer a minha parte, mas não posso assistir calado enquanto direitos são violados e ideias são perseguidas. por isso, tomarei todas as medidas legais possíveis para proteger a constituição e a liberdade do dos brasileiros.

brasil acima de tudo; deus acima de todos!",0,1,0
5461,2022-10-31 00:00:44 utc,lulaoficial,"a partir de 1º de janeiro de 2023 vou governar para 215 milhões de brasileiros, e não apenas para aqueles que votaram em mim. não existem dois brasis. somo um único país, um único povo, uma grande nação.",0,1,0
7946,2021-09-17 11:27:37,lulaoficial,"o governo perdeu o controle da inflação, já tá perto dos dois dígitos. e é o povo que paga a conta. a oposição tem que ir pra rua exigir a saída do bolsonaro. temos que fazer pressão. se nada resolver, o povo vai resolver em outubro de 2022.",0,1,0
11735,2022-02-28 20:57:19 utc,ciro gomes,"para nós brasileiros, rebelar-nos contra a imposição dessas hegemonias não é compromisso abstrato: é imperativo de vida e de dignidade. é defender o  espaço de nossa grandeza futura.",0,1,0
24968,2020-04-09 19:44:40 utc,vera lucia,"doria, baldy (secretário dos transportes), silvani (presidente do metrô) irresponsáveis! com aval do tst, vão convocar idosos do grupo de risco, que estavam em quarentena, para voltar a trabalhar no metrô.  essa é a verdadeira face do #bolsodoria #planoemergencialnotransportejá",1,0,0
19619,2022-04-06 18:19:10 utc,felipe davila,"imagina só ter a opção de não fazer o seu trabalho.

imaginou? pois bem:

senadores simplesmente resolveram não registrar presença na votação da reforma tributária na ccj.

se fosse votação para aprovar mais um privilégio, a história com certeza seria outra.",1,0,0
23887,2022-02-16 22:32:21 utc,vera lucia,"bolsonaro declarou hoje, na rússia, que vai liberar o fgts para as vítimas das chuvas e no rj.

os trabalhadores não têm que pagar pelo descaso dos governos em infraestrutura. 

isso é muito pouco, um deboche, e pune os trabalhadores vítimas da enchente duas vezes!
#sospetropolis",1,0,0
